{
	"credit": "Made with Blockbench",
	"textures": {
		"1": "items/brown",
		"4": "items/white",
		"5": "items/greay",
		"particle": "items/greay"
	},
	"elements": [
		{
			"from": [7.5, 3, 7.5],
			"to": [8.5, 8, 8.5],
			"faces": {
				"north": {"uv": [0, 0, 1, 5], "texture": "#1"},
				"east": {"uv": [0, 0, 1, 5], "texture": "#1"},
				"south": {"uv": [0, 0, 1, 5], "texture": "#1"},
				"west": {"uv": [0, 0, 1, 5], "texture": "#1"},
				"up": {"uv": [0, 0, 1, 1], "texture": "#1"},
				"down": {"uv": [0, 0, 1, 1], "texture": "#1"}
			}
		},
		{
			"from": [7.5, 7.6, 5.5],
			"to": [8.5, 8, 7.5],
			"faces": {
				"north": {"uv": [0, 0, 1, 5], "texture": "#1"},
				"east": {"uv": [0, 0, 1, 5], "texture": "#1"},
				"south": {"uv": [0, 0, 1, 5], "texture": "#1"},
				"west": {"uv": [0, 0, 1, 5], "texture": "#1"},
				"up": {"uv": [0, 0, 1, 1], "texture": "#1"},
				"down": {"uv": [0, 0, 1, 1], "texture": "#1"}
			}
		},
		{
			"from": [7.5, 7.6, 8.5],
			"to": [8.5, 8, 10.5],
			"faces": {
				"north": {"uv": [0, 0, 1, 5], "texture": "#1"},
				"east": {"uv": [0, 0, 1, 5], "texture": "#1"},
				"south": {"uv": [0, 0, 1, 5], "texture": "#1"},
				"west": {"uv": [0, 0, 1, 5], "texture": "#1"},
				"up": {"uv": [0, 0, 1, 1], "texture": "#1"},
				"down": {"uv": [0, 0, 1, 1], "texture": "#1"}
			}
		},
		{
			"from": [7.85, 8, 6.7],
			"to": [8.15, 15, 9.2],
			"faces": {
				"north": {"uv": [0, 0, 0.5, 7], "texture": "#4"},
				"east": {"uv": [0, 0, 2.5, 7], "texture": "#4"},
				"south": {"uv": [0, 0, 0.5, 7], "texture": "#4"},
				"west": {"uv": [0, 0, 2.5, 7], "texture": "#4"},
				"up": {"uv": [0, 0, 0.5, 2.5], "texture": "#4"},
				"down": {"uv": [0, 0, 0.5, 2.5], "texture": "#4"}
			}
		},
		{
			"from": [7.85, 15, 6.8],
			"to": [8.15, 15.5, 9.1],
			"faces": {
				"north": {"uv": [0, 0, 0.5, 7], "texture": "#4"},
				"east": {"uv": [0, 0, 2.5, 7], "texture": "#4"},
				"south": {"uv": [0, 0, 0.5, 7], "texture": "#4"},
				"west": {"uv": [0, 0, 2.5, 7], "texture": "#4"},
				"up": {"uv": [0, 0, 0.5, 2.5], "texture": "#4"},
				"down": {"uv": [0, 0, 0.5, 2.5], "texture": "#4"}
			}
		},
		{
			"from": [7.85, 15.5, 6.9],
			"to": [8.15, 16, 9],
			"faces": {
				"north": {"uv": [0, 0, 0.5, 7], "texture": "#4"},
				"east": {"uv": [0, 0, 2.5, 7], "texture": "#4"},
				"south": {"uv": [0, 0, 0.5, 7], "texture": "#4"},
				"west": {"uv": [0, 0, 2.5, 7], "texture": "#4"},
				"up": {"uv": [0, 0, 0.5, 2.5], "texture": "#4"},
				"down": {"uv": [0, 0, 0.5, 2.5], "texture": "#4"}
			}
		},
		{
			"from": [7.85, 16, 7],
			"to": [8.15, 16.5, 8.9],
			"faces": {
				"north": {"uv": [0, 0, 0.5, 7], "texture": "#4"},
				"east": {"uv": [0, 0, 2.5, 7], "texture": "#4"},
				"south": {"uv": [0, 0, 0.5, 7], "texture": "#4"},
				"west": {"uv": [0, 0, 2.5, 7], "texture": "#4"},
				"up": {"uv": [0, 0, 0.5, 2.5], "texture": "#4"},
				"down": {"uv": [0, 0, 0.5, 2.5], "texture": "#4"}
			}
		},
		{
			"from": [7.85, 16.5, 7.1],
			"to": [8.15, 17, 8.8],
			"faces": {
				"north": {"uv": [0, 0, 0.5, 7], "texture": "#4"},
				"east": {"uv": [0, 0, 2.5, 7], "texture": "#4"},
				"south": {"uv": [0, 0, 0.5, 7], "texture": "#4"},
				"west": {"uv": [0, 0, 2.5, 7], "texture": "#4"},
				"up": {"uv": [0, 0, 0.5, 2.5], "texture": "#4"},
				"down": {"uv": [0, 0, 0.5, 2.5], "texture": "#4"}
			}
		},
		{
			"from": [7.85, 17, 7.2],
			"to": [8.15, 17.5, 8.7],
			"faces": {
				"north": {"uv": [0, 0, 0.5, 7], "texture": "#4"},
				"east": {"uv": [0, 0, 2.5, 7], "texture": "#4"},
				"south": {"uv": [0, 0, 0.5, 7], "texture": "#4"},
				"west": {"uv": [0, 0, 2.5, 7], "texture": "#4"},
				"up": {"uv": [0, 0, 0.5, 2.5], "texture": "#4"},
				"down": {"uv": [0, 0, 0.5, 2.5], "texture": "#4"}
			}
		},
		{
			"from": [7.85, 8, 6.7],
			"to": [8.15, 15, 9.2],
			"faces": {
				"north": {"uv": [0, 0, 0.5, 7], "texture": "#4"},
				"east": {"uv": [0, 0, 2.5, 7], "texture": "#4"},
				"south": {"uv": [0, 0, 0.5, 7], "texture": "#4"},
				"west": {"uv": [0, 0, 2.5, 7], "texture": "#4"},
				"up": {"uv": [0, 0, 0.5, 2.5], "texture": "#4"},
				"down": {"uv": [0, 0, 0.5, 2.5], "texture": "#4"}
			}
		},
		{
			"from": [7.75, 8, 6.8],
			"to": [8.25, 14.9, 9.1],
			"faces": {
				"north": {"uv": [0, 0, 0.5, 7], "texture": "#5"},
				"east": {"uv": [0, 0, 2.5, 7], "texture": "#5"},
				"south": {"uv": [0, 0, 0.5, 7], "texture": "#5"},
				"west": {"uv": [0, 0, 2.5, 7], "texture": "#5"},
				"up": {"uv": [0, 0, 0.5, 2.5], "texture": "#5"},
				"down": {"uv": [0, 0, 0.5, 2.5], "texture": "#5"}
			}
		},
		{
			"from": [7.75, 14.9, 7],
			"to": [8.25, 15.4, 8.9],
			"faces": {
				"north": {"uv": [0, 0, 0.5, 7], "texture": "#5"},
				"east": {"uv": [0, 0, 2.5, 7], "texture": "#5"},
				"south": {"uv": [0, 0, 0.5, 7], "texture": "#5"},
				"west": {"uv": [0, 0, 2.5, 7], "texture": "#5"},
				"up": {"uv": [0, 0, 0.5, 2.5], "texture": "#5"},
				"down": {"uv": [0, 0, 0.5, 2.5], "texture": "#5"}
			}
		},
		{
			"from": [7.75, 15.4, 7.1],
			"to": [8.25, 15.9, 8.8],
			"faces": {
				"north": {"uv": [0, 0, 0.5, 7], "texture": "#5"},
				"east": {"uv": [0, 0, 2.5, 7], "texture": "#5"},
				"south": {"uv": [0, 0, 0.5, 7], "texture": "#5"},
				"west": {"uv": [0, 0, 2.5, 7], "texture": "#5"},
				"up": {"uv": [0, 0, 0.5, 2.5], "texture": "#5"},
				"down": {"uv": [0, 0, 0.5, 2.5], "texture": "#5"}
			}
		},
		{
			"from": [7.75, 15.9, 7.2],
			"to": [8.25, 16.4, 8.7],
			"faces": {
				"north": {"uv": [0, 0, 0.5, 7], "texture": "#5"},
				"east": {"uv": [0, 0, 2.5, 7], "texture": "#5"},
				"south": {"uv": [0, 0, 0.5, 7], "texture": "#5"},
				"west": {"uv": [0, 0, 2.5, 7], "texture": "#5"},
				"up": {"uv": [0, 0, 0.5, 2.5], "texture": "#5"},
				"down": {"uv": [0, 0, 0.5, 2.5], "texture": "#5"}
			}
		},
		{
			"from": [7.75, 16.4, 7.3],
			"to": [8.25, 16.9, 8.6],
			"faces": {
				"north": {"uv": [0, 0, 0.5, 7], "texture": "#5"},
				"east": {"uv": [0, 0, 2.5, 7], "texture": "#5"},
				"south": {"uv": [0, 0, 0.5, 7], "texture": "#5"},
				"west": {"uv": [0, 0, 2.5, 7], "texture": "#5"},
				"up": {"uv": [0, 0, 0.5, 2.5], "texture": "#5"},
				"down": {"uv": [0, 0, 0.5, 2.5], "texture": "#5"}
			}
		},
		{
			"from": [7.75, 16.9, 7.4],
			"to": [8.25, 17.4, 8.5],
			"faces": {
				"north": {"uv": [0, 0, 0.5, 7], "texture": "#5"},
				"east": {"uv": [0, 0, 2.5, 7], "texture": "#5"},
				"south": {"uv": [0, 0, 0.5, 7], "texture": "#5"},
				"west": {"uv": [0, 0, 2.5, 7], "texture": "#5"},
				"up": {"uv": [0, 0, 0.5, 2.5], "texture": "#5"},
				"down": {"uv": [0, 0, 0.5, 2.5], "texture": "#5"}
			}
		}
	],
	"display": {
		"thirdperson_righthand": {
			"translation": [0.25, 3, 2],
			"scale": [0.95117, 2.19336, 1.09961]
		},
		"thirdperson_lefthand": {
			"translation": [0, 2, 2.25]
		},
		"firstperson_righthand": {
			"rotation": [0, 31.5, 0],
			"translation": [3.5, 0.25, 0],
			"scale": [1.44383, 1.75, 0.42133]
		},
		"gui": {
			"rotation": [30.5, -104.25, 20],
			"translation": [0, -1.75, 0],
			"scale": [0.89094, 0.96125, 0.89094]
		}
	}
}