{
	"credit": "Made with Blockbench",
	"textures": {
		"0": "items/lok",
		"1": "items/aw01",
		"2": "items/ak47a01",
		"particle": "items/lok"
	},
	"elements": [
		{
			"from": [7, 7.5, 6.9],
			"to": [9, 8.1, 9.1],
			"faces": {
				"north": {"uv": [0, 0, 2, 0.6], "texture": "#0"},
				"east": {"uv": [0, 0, 2.2, 0.6], "texture": "#0"},
				"south": {"uv": [0, 0, 2, 0.6], "texture": "#0"},
				"west": {"uv": [0, 0, 2.2, 0.6], "texture": "#0"},
				"up": {"uv": [0, 0, 2, 2.2], "texture": "#0"},
				"down": {"uv": [0, 0, 2, 2.2], "texture": "#0"}
			}
		},
		{
			"from": [7.1, 11.5, 7],
			"to": [8.9, 11.7, 9],
			"rotation": {"angle": 0, "axis": "y", "origin": [8, 12, 8]},
			"faces": {
				"north": {"uv": [0, 0, 1.8, 0.2], "texture": "#0"},
				"east": {"uv": [0, 0, 2, 0.2], "texture": "#0"},
				"south": {"uv": [0, 0, 1.8, 0.2], "texture": "#0"},
				"west": {"uv": [0, 0, 2, 0.2], "texture": "#0"},
				"up": {"uv": [0, 0, 1.8, 2], "texture": "#0"},
				"down": {"uv": [0, 0, 1.8, 2], "texture": "#0"}
			}
		},
		{
			"from": [7, 8.4, 6.9],
			"to": [9, 11.6, 9.1],
			"rotation": {"angle": 0, "axis": "y", "origin": [7.9, 8.9, 8]},
			"faces": {
				"north": {"uv": [0, 0, 2, 3.2], "texture": "#0"},
				"east": {"uv": [0, 0, 2.2, 3.2], "texture": "#0"},
				"south": {"uv": [0, 0, 2, 3.2], "texture": "#0"},
				"west": {"uv": [0, 0, 2.2, 3.2], "texture": "#0"},
				"up": {"uv": [0, 0, 2, 2.2], "texture": "#0"},
				"down": {"uv": [0, 0, 2, 2.2], "texture": "#0"}
			}
		},
		{
			"from": [7, 8.1, 6.9],
			"to": [9, 8.4, 9.1],
			"rotation": {"angle": 0, "axis": "y", "origin": [8, 8.6, 8]},
			"faces": {
				"north": {"uv": [0, 0, 2, 0.3], "texture": "#1"},
				"east": {"uv": [0, 0, 2.2, 0.3], "texture": "#1"},
				"south": {"uv": [0, 0, 2, 0.3], "texture": "#1"},
				"west": {"uv": [0, 0, 2.2, 0.3], "texture": "#1"},
				"up": {"uv": [0, 0, 2, 2.2], "texture": "#1"},
				"down": {"uv": [0, 0, 2, 2.2], "texture": "#1"}
			}
		},
		{
			"from": [8.7, 10.5, 6.85],
			"to": [8.8, 10.6, 6.9],
			"rotation": {"angle": 0, "axis": "y", "origin": [8, 8.6, 8]},
			"faces": {
				"north": {"uv": [0, 0, 0.1, 0.1], "texture": "#1"},
				"east": {"uv": [0, 0, 0.05, 0.1], "texture": "#1"},
				"south": {"uv": [0, 0, 0.1, 0.1], "texture": "#1"},
				"west": {"uv": [0, 0, 0.05, 0.1], "texture": "#1"},
				"up": {"uv": [0, 0, 0.1, 0.05], "texture": "#1"},
				"down": {"uv": [0, 0, 0.1, 0.05], "texture": "#1"}
			}
		},
		{
			"from": [8.8, 10.4, 6.85],
			"to": [8.9, 10.5, 6.9],
			"rotation": {"angle": 0, "axis": "y", "origin": [8, 8.6, 8]},
			"faces": {
				"north": {"uv": [0, 0, 0.1, 0.1], "texture": "#1"},
				"east": {"uv": [0, 0, 0.05, 0.1], "texture": "#1"},
				"south": {"uv": [0, 0, 0.1, 0.1], "texture": "#1"},
				"west": {"uv": [0, 0, 0.05, 0.1], "texture": "#1"},
				"up": {"uv": [0, 0, 0.1, 0.05], "texture": "#1"},
				"down": {"uv": [0, 0, 0.1, 0.05], "texture": "#1"}
			}
		},
		{
			"from": [8.9, 10.4, 6.85],
			"to": [9, 10.5, 6.9],
			"rotation": {"angle": 0, "axis": "y", "origin": [8, 8.6, 8]},
			"faces": {
				"north": {"uv": [0, 0, 0.1, 0.1], "texture": "#1"},
				"east": {"uv": [0, 0, 0.05, 0.1], "texture": "#1"},
				"south": {"uv": [0, 0, 0.1, 0.1], "texture": "#1"},
				"west": {"uv": [0, 0, 0.05, 0.1], "texture": "#1"},
				"up": {"uv": [0, 0, 0.1, 0.05], "texture": "#1"},
				"down": {"uv": [0, 0, 0.1, 0.05], "texture": "#1"}
			}
		},
		{
			"from": [8.8, 10.6, 6.85],
			"to": [8.9, 10.7, 6.9],
			"rotation": {"angle": 0, "axis": "y", "origin": [8, 8.6, 8]},
			"faces": {
				"north": {"uv": [0, 0, 0.1, 0.1], "texture": "#1"},
				"east": {"uv": [0, 0, 0.05, 0.1], "texture": "#1"},
				"south": {"uv": [0, 0, 0.1, 0.1], "texture": "#1"},
				"west": {"uv": [0, 0, 0.05, 0.1], "texture": "#1"},
				"up": {"uv": [0, 0, 0.1, 0.05], "texture": "#1"},
				"down": {"uv": [0, 0, 0.1, 0.05], "texture": "#1"}
			}
		},
		{
			"from": [8.9, 10.7, 6.85],
			"to": [9, 10.8, 6.9],
			"rotation": {"angle": 0, "axis": "y", "origin": [8, 8.6, 8]},
			"faces": {
				"north": {"uv": [0, 0, 0.1, 0.1], "texture": "#1"},
				"east": {"uv": [0, 0, 0.05, 0.1], "texture": "#1"},
				"south": {"uv": [0, 0, 0.1, 0.1], "texture": "#1"},
				"west": {"uv": [0, 0, 0.05, 0.1], "texture": "#1"},
				"up": {"uv": [0, 0, 0.1, 0.05], "texture": "#1"},
				"down": {"uv": [0, 0, 0.1, 0.05], "texture": "#1"}
			}
		},
		{
			"from": [8.7, 10.8, 6.85],
			"to": [8.8, 10.9, 6.9],
			"rotation": {"angle": 0, "axis": "y", "origin": [8, 8.6, 8]},
			"faces": {
				"north": {"uv": [0, 0, 0.1, 0.1], "texture": "#1"},
				"east": {"uv": [0, 0, 0.05, 0.1], "texture": "#1"},
				"south": {"uv": [0, 0, 0.1, 0.1], "texture": "#1"},
				"west": {"uv": [0, 0, 0.05, 0.1], "texture": "#1"},
				"up": {"uv": [0, 0, 0.1, 0.05], "texture": "#1"},
				"down": {"uv": [0, 0, 0.1, 0.05], "texture": "#1"}
			}
		},
		{
			"from": [8.8, 10.8, 6.85],
			"to": [8.9, 10.9, 6.9],
			"rotation": {"angle": 0, "axis": "y", "origin": [8, 8.6, 8]},
			"faces": {
				"north": {"uv": [0, 0, 0.1, 0.1], "texture": "#1"},
				"east": {"uv": [0, 0, 0.05, 0.1], "texture": "#1"},
				"south": {"uv": [0, 0, 0.1, 0.1], "texture": "#1"},
				"west": {"uv": [0, 0, 0.05, 0.1], "texture": "#1"},
				"up": {"uv": [0, 0, 0.1, 0.05], "texture": "#1"},
				"down": {"uv": [0, 0, 0.1, 0.05], "texture": "#1"}
			}
		},
		{
			"from": [8.35, 10.4, 6.85],
			"to": [8.4, 11, 6.9],
			"rotation": {"angle": 0, "axis": "y", "origin": [7.9, 8.6, 8]},
			"faces": {
				"north": {"uv": [0, 0, 0.05, 0.6], "texture": "#1"},
				"east": {"uv": [0, 0, 0.05, 0.6], "texture": "#1"},
				"south": {"uv": [0, 0, 0.05, 0.6], "texture": "#1"},
				"west": {"uv": [0, 0, 0.05, 0.6], "texture": "#1"},
				"up": {"uv": [0, 0, 0.05, 0.05], "texture": "#1"},
				"down": {"uv": [0, 0, 0.05, 0.05], "texture": "#1"}
			}
		},
		{
			"from": [8.6, 10.4, 6.85],
			"to": [8.65, 11, 6.9],
			"rotation": {"angle": 0, "axis": "y", "origin": [8, 8.6, 8]},
			"faces": {
				"north": {"uv": [0, 0, 0.05, 0.6], "texture": "#1"},
				"east": {"uv": [0, 0, 0.05, 0.6], "texture": "#1"},
				"south": {"uv": [0, 0, 0.05, 0.6], "texture": "#1"},
				"west": {"uv": [0, 0, 0.05, 0.6], "texture": "#1"},
				"up": {"uv": [0, 0, 0.05, 0.05], "texture": "#1"},
				"down": {"uv": [0, 0, 0.05, 0.05], "texture": "#1"}
			}
		},
		{
			"from": [8.55, 10.8, 6.85],
			"to": [8.65, 10.9, 6.9],
			"rotation": {"angle": 0, "axis": "y", "origin": [8, 8.6, 8]},
			"faces": {
				"north": {"uv": [0, 0, 0.1, 0.1], "texture": "#1"},
				"east": {"uv": [0, 0, 0.05, 0.1], "texture": "#1"},
				"south": {"uv": [0, 0, 0.1, 0.1], "texture": "#1"},
				"west": {"uv": [0, 0, 0.05, 0.1], "texture": "#1"},
				"up": {"uv": [0, 0, 0.1, 0.05], "texture": "#1"},
				"down": {"uv": [0, 0, 0.1, 0.05], "texture": "#1"}
			}
		},
		{
			"from": [7.7, 10.4, 6.85],
			"to": [7.8, 11, 6.9],
			"rotation": {"angle": 0, "axis": "y", "origin": [8.4, 8.6, 8]},
			"faces": {
				"north": {"uv": [0, 0, 0.1, 0.6], "texture": "#1"},
				"east": {"uv": [0, 0, 0.05, 0.6], "texture": "#1"},
				"south": {"uv": [0, 0, 0.1, 0.6], "texture": "#1"},
				"west": {"uv": [0, 0, 0.05, 0.6], "texture": "#1"},
				"up": {"uv": [0, 0, 0.1, 0.05], "texture": "#1"},
				"down": {"uv": [0, 0, 0.1, 0.05], "texture": "#1"}
			}
		},
		{
			"from": [8.35, 10.8, 6.85],
			"to": [8.45, 10.9, 6.9],
			"rotation": {"angle": 0, "axis": "y", "origin": [8, 8.6, 8]},
			"faces": {
				"north": {"uv": [0, 0, 0.1, 0.1], "texture": "#1"},
				"east": {"uv": [0, 0, 0.05, 0.1], "texture": "#1"},
				"south": {"uv": [0, 0, 0.1, 0.1], "texture": "#1"},
				"west": {"uv": [0, 0, 0.05, 0.1], "texture": "#1"},
				"up": {"uv": [0, 0, 0.1, 0.05], "texture": "#1"},
				"down": {"uv": [0, 0, 0.1, 0.05], "texture": "#1"}
			}
		},
		{
			"from": [7.6, 10.8, 6.85],
			"to": [7.7, 10.9, 6.9],
			"rotation": {"angle": 0, "axis": "y", "origin": [8.4, 8.6, 8]},
			"faces": {
				"north": {"uv": [0, 0, 0.1, 0.1], "texture": "#1"},
				"east": {"uv": [0, 0, 0.05, 0.1], "texture": "#1"},
				"south": {"uv": [0, 0, 0.1, 0.1], "texture": "#1"},
				"west": {"uv": [0, 0, 0.05, 0.1], "texture": "#1"},
				"up": {"uv": [0, 0, 0.1, 0.05], "texture": "#1"},
				"down": {"uv": [0, 0, 0.1, 0.05], "texture": "#1"}
			}
		},
		{
			"from": [7, 10.9, 6.85],
			"to": [7.3, 11, 6.9],
			"rotation": {"angle": 0, "axis": "y", "origin": [8.3, 8.6, 8]},
			"faces": {
				"north": {"uv": [0, 0, 0.3, 0.1], "texture": "#1"},
				"east": {"uv": [0, 0, 0.05, 0.1], "texture": "#1"},
				"south": {"uv": [0, 0, 0.3, 0.1], "texture": "#1"},
				"west": {"uv": [0, 0, 0.05, 0.1], "texture": "#1"},
				"up": {"uv": [0, 0, 0.3, 0.05], "texture": "#1"},
				"down": {"uv": [0, 0, 0.3, 0.05], "texture": "#1"}
			}
		},
		{
			"from": [7, 10.65, 6.85],
			"to": [7.3, 10.75, 6.9],
			"rotation": {"angle": 0, "axis": "y", "origin": [8.3, 8.6, 8]},
			"faces": {
				"north": {"uv": [0, 0, 0.3, 0.1], "texture": "#1"},
				"east": {"uv": [0, 0, 0.05, 0.1], "texture": "#1"},
				"south": {"uv": [0, 0, 0.3, 0.1], "texture": "#1"},
				"west": {"uv": [0, 0, 0.05, 0.1], "texture": "#1"},
				"up": {"uv": [0, 0, 0.3, 0.05], "texture": "#1"},
				"down": {"uv": [0, 0, 0.3, 0.05], "texture": "#1"}
			}
		},
		{
			"from": [7, 10.4, 6.85],
			"to": [7.3, 10.5, 6.9],
			"rotation": {"angle": 0, "axis": "y", "origin": [8.3, 8.6, 8]},
			"faces": {
				"north": {"uv": [0, 0, 0.3, 0.1], "texture": "#1"},
				"east": {"uv": [0, 0, 0.05, 0.1], "texture": "#1"},
				"south": {"uv": [0, 0, 0.3, 0.1], "texture": "#1"},
				"west": {"uv": [0, 0, 0.05, 0.1], "texture": "#1"},
				"up": {"uv": [0, 0, 0.3, 0.05], "texture": "#1"},
				"down": {"uv": [0, 0, 0.3, 0.05], "texture": "#1"}
			}
		},
		{
			"from": [7.6, 10.6, 6.85],
			"to": [7.7, 10.7, 6.9],
			"rotation": {"angle": 0, "axis": "y", "origin": [8.4, 8.6, 8]},
			"faces": {
				"north": {"uv": [0, 0, 0.1, 0.1], "texture": "#1"},
				"east": {"uv": [0, 0, 0.05, 0.1], "texture": "#1"},
				"south": {"uv": [0, 0, 0.1, 0.1], "texture": "#1"},
				"west": {"uv": [0, 0, 0.05, 0.1], "texture": "#1"},
				"up": {"uv": [0, 0, 0.1, 0.05], "texture": "#1"},
				"down": {"uv": [0, 0, 0.1, 0.05], "texture": "#1"}
			}
		},
		{
			"from": [7.5, 10.9, 6.85],
			"to": [7.6, 11, 6.9],
			"rotation": {"angle": 0, "axis": "y", "origin": [8.4, 8.6, 8]},
			"faces": {
				"north": {"uv": [0, 0, 0.1, 0.1], "texture": "#1"},
				"east": {"uv": [0, 0, 0.05, 0.1], "texture": "#1"},
				"south": {"uv": [0, 0, 0.1, 0.1], "texture": "#1"},
				"west": {"uv": [0, 0, 0.05, 0.1], "texture": "#1"},
				"up": {"uv": [0, 0, 0.1, 0.05], "texture": "#1"},
				"down": {"uv": [0, 0, 0.1, 0.05], "texture": "#1"}
			}
		},
		{
			"from": [7.5, 10.5, 6.85],
			"to": [7.6, 10.6, 6.9],
			"rotation": {"angle": 0, "axis": "y", "origin": [8.4, 8.6, 8]},
			"faces": {
				"north": {"uv": [0, 0, 0.1, 0.1], "texture": "#1"},
				"east": {"uv": [0, 0, 0.05, 0.1], "texture": "#1"},
				"south": {"uv": [0, 0, 0.1, 0.1], "texture": "#1"},
				"west": {"uv": [0, 0, 0.05, 0.1], "texture": "#1"},
				"up": {"uv": [0, 0, 0.1, 0.05], "texture": "#1"},
				"down": {"uv": [0, 0, 0.1, 0.05], "texture": "#1"}
			}
		},
		{
			"from": [8.2, 10.7, 6.85],
			"to": [8.3, 10.9, 6.9],
			"rotation": {"angle": 0, "axis": "y", "origin": [8.1, 8.6, 8]},
			"faces": {
				"north": {"uv": [0, 0, 0.1, 0.2], "texture": "#1"},
				"east": {"uv": [0, 0, 0.05, 0.2], "texture": "#1"},
				"south": {"uv": [0, 0, 0.1, 0.2], "texture": "#1"},
				"west": {"uv": [0, 0, 0.05, 0.2], "texture": "#1"},
				"up": {"uv": [0, 0, 0.1, 0.05], "texture": "#1"},
				"down": {"uv": [0, 0, 0.1, 0.05], "texture": "#1"}
			}
		},
		{
			"from": [7.9, 10.7, 6.85],
			"to": [8, 10.9, 6.9],
			"rotation": {"angle": 0, "axis": "y", "origin": [8.1, 8.6, 8]},
			"faces": {
				"north": {"uv": [0, 0, 0.1, 0.2], "texture": "#1"},
				"east": {"uv": [0, 0, 0.05, 0.2], "texture": "#1"},
				"south": {"uv": [0, 0, 0.1, 0.2], "texture": "#1"},
				"west": {"uv": [0, 0, 0.05, 0.2], "texture": "#1"},
				"up": {"uv": [0, 0, 0.1, 0.05], "texture": "#1"},
				"down": {"uv": [0, 0, 0.1, 0.05], "texture": "#1"}
			}
		},
		{
			"from": [8, 10.9, 6.85],
			"to": [8.2, 11, 6.9],
			"rotation": {"angle": 0, "axis": "y", "origin": [8.1, 8.6, 8]},
			"faces": {
				"north": {"uv": [0, 0, 0.2, 0.1], "texture": "#1"},
				"east": {"uv": [0, 0, 0.05, 0.1], "texture": "#1"},
				"south": {"uv": [0, 0, 0.2, 0.1], "texture": "#1"},
				"west": {"uv": [0, 0, 0.05, 0.1], "texture": "#1"},
				"up": {"uv": [0, 0, 0.2, 0.05], "texture": "#1"},
				"down": {"uv": [0, 0, 0.2, 0.05], "texture": "#1"}
			}
		},
		{
			"from": [8, 10.6, 6.85],
			"to": [8.2, 10.7, 6.9],
			"rotation": {"angle": 0, "axis": "y", "origin": [8.1, 8.6, 8]},
			"faces": {
				"north": {"uv": [0, 0, 0.2, 0.1], "texture": "#1"},
				"east": {"uv": [0, 0, 0.05, 0.1], "texture": "#1"},
				"south": {"uv": [0, 0, 0.2, 0.1], "texture": "#1"},
				"west": {"uv": [0, 0, 0.05, 0.1], "texture": "#1"},
				"up": {"uv": [0, 0, 0.2, 0.05], "texture": "#1"},
				"down": {"uv": [0, 0, 0.2, 0.05], "texture": "#1"}
			}
		},
		{
			"from": [8.45, 10.7, 6.85],
			"to": [8.55, 10.8, 6.9],
			"rotation": {"angle": 0, "axis": "y", "origin": [8, 8.6, 8]},
			"faces": {
				"north": {"uv": [0, 0, 0.1, 0.1], "texture": "#1"},
				"east": {"uv": [0, 0, 0.05, 0.1], "texture": "#1"},
				"south": {"uv": [0, 0, 0.1, 0.1], "texture": "#1"},
				"west": {"uv": [0, 0, 0.05, 0.1], "texture": "#1"},
				"up": {"uv": [0, 0, 0.1, 0.05], "texture": "#1"},
				"down": {"uv": [0, 0, 0.1, 0.05], "texture": "#1"}
			}
		},
		{
			"from": [7.3, 10.4, 6.85],
			"to": [7.4, 11, 6.9],
			"rotation": {"angle": 0, "axis": "y", "origin": [8, 8.6, 8]},
			"faces": {
				"north": {"uv": [0, 0, 0.1, 0.6], "texture": "#1"},
				"east": {"uv": [0, 0, 0.05, 0.6], "texture": "#1"},
				"south": {"uv": [0, 0, 0.1, 0.6], "texture": "#1"},
				"west": {"uv": [0, 0, 0.05, 0.6], "texture": "#1"},
				"up": {"uv": [0, 0, 0.1, 0.05], "texture": "#1"},
				"down": {"uv": [0, 0, 0.1, 0.05], "texture": "#1"}
			}
		},
		{
			"from": [6.8, 7.5, 7.1],
			"to": [9.2, 8.1, 8.9],
			"faces": {
				"north": {"uv": [0, 0, 2.4, 0.6], "texture": "#0"},
				"east": {"uv": [0, 0, 1.8, 0.6], "texture": "#0"},
				"south": {"uv": [0, 0, 2.4, 0.6], "texture": "#0"},
				"west": {"uv": [0, 0, 1.8, 0.6], "texture": "#0"},
				"up": {"uv": [0, 0, 2.4, 1.8], "texture": "#0"},
				"down": {"uv": [0, 0, 2.4, 1.8], "texture": "#0"}
			}
		},
		{
			"from": [6.9, 11.5, 7.2],
			"to": [9.1, 11.7, 8.8],
			"rotation": {"angle": 0, "axis": "y", "origin": [8, 12, 8]},
			"faces": {
				"north": {"uv": [0, 0, 2.2, 0.2], "texture": "#0"},
				"east": {"uv": [0, 0, 1.6, 0.2], "texture": "#0"},
				"south": {"uv": [0, 0, 2.2, 0.2], "texture": "#0"},
				"west": {"uv": [0, 0, 1.6, 0.2], "texture": "#0"},
				"up": {"uv": [0, 0, 2.2, 1.6], "texture": "#0"},
				"down": {"uv": [0, 0, 2.2, 1.6], "texture": "#0"}
			}
		},
		{
			"from": [6.8, 8.4, 7.1],
			"to": [9.2, 11.6, 8.9],
			"rotation": {"angle": 0, "axis": "y", "origin": [8, 8.9, 8]},
			"faces": {
				"north": {"uv": [0, 0, 2.4, 3.2], "texture": "#0"},
				"east": {"uv": [0, 0, 1.8, 3.2], "texture": "#0"},
				"south": {"uv": [0, 0, 2.4, 3.2], "texture": "#0"},
				"west": {"uv": [0, 0, 1.8, 3.2], "texture": "#0"},
				"up": {"uv": [0, 0, 2.4, 1.8], "texture": "#0"},
				"down": {"uv": [0, 0, 2.4, 1.8], "texture": "#0"}
			}
		},
		{
			"from": [5.95, 8.7, 7.7],
			"to": [6.45, 11.9, 8.3],
			"rotation": {"angle": 0, "axis": "y", "origin": [8, 8.9, 8]},
			"faces": {
				"north": {"uv": [0, 0, 0.5, 3.2], "texture": "#0"},
				"east": {"uv": [0, 0, 0.6, 3.2], "texture": "#0"},
				"south": {"uv": [0, 0, 0.5, 3.2], "texture": "#0"},
				"west": {"uv": [0, 0, 0.6, 3.2], "texture": "#0"},
				"up": {"uv": [0, 0, 0.5, 0.6], "texture": "#0"},
				"down": {"uv": [0, 0, 0.5, 0.6], "texture": "#0"}
			}
		},
		{
			"from": [6.8, 8.1, 7.1],
			"to": [9.2, 8.4, 8.9],
			"rotation": {"angle": 0, "axis": "y", "origin": [8, 8.6, 8]},
			"faces": {
				"north": {"uv": [0, 0, 2.4, 0.3], "texture": "#1"},
				"east": {"uv": [0, 0, 1.8, 0.3], "texture": "#1"},
				"south": {"uv": [0, 0, 2.4, 0.3], "texture": "#1"},
				"west": {"uv": [0, 0, 1.8, 0.3], "texture": "#1"},
				"up": {"uv": [0, 0, 2.4, 1.8], "texture": "#1"},
				"down": {"uv": [0, 0, 2.4, 1.8], "texture": "#1"}
			}
		},
		{
			"from": [6.9, 7.5, 7],
			"to": [9.1, 8.1, 9],
			"faces": {
				"north": {"uv": [0, 0, 2.2, 0.6], "texture": "#0"},
				"east": {"uv": [0, 0, 2, 0.6], "texture": "#0"},
				"south": {"uv": [0, 0, 2.2, 0.6], "texture": "#0"},
				"west": {"uv": [0, 0, 2, 0.6], "texture": "#0"},
				"up": {"uv": [0, 0, 2.2, 2], "texture": "#0"},
				"down": {"uv": [0, 0, 2.2, 2], "texture": "#0"}
			}
		},
		{
			"from": [7, 11.5, 7.1],
			"to": [9, 11.7, 8.9],
			"rotation": {"angle": 0, "axis": "y", "origin": [8, 12, 8]},
			"faces": {
				"north": {"uv": [0, 0, 2, 0.2], "texture": "#0"},
				"east": {"uv": [0, 0, 1.8, 0.2], "texture": "#0"},
				"south": {"uv": [0, 0, 2, 0.2], "texture": "#0"},
				"west": {"uv": [0, 0, 1.8, 0.2], "texture": "#0"},
				"up": {"uv": [0, 0, 2, 1.8], "texture": "#0"},
				"down": {"uv": [0, 0, 2, 1.8], "texture": "#0"}
			}
		},
		{
			"from": [7.6, 11.7, 7.6],
			"to": [8.4, 12.6, 8.4],
			"rotation": {"angle": 0, "axis": "y", "origin": [8, 12, 8]},
			"faces": {
				"north": {"uv": [0, 0, 0.8, 0.9], "texture": "#2"},
				"east": {"uv": [0, 0, 0.8, 0.9], "texture": "#2"},
				"south": {"uv": [0, 0, 0.8, 0.9], "texture": "#2"},
				"west": {"uv": [0, 0, 0.8, 0.9], "texture": "#2"},
				"up": {"uv": [0, 0, 0.8, 0.8], "texture": "#2"},
				"down": {"uv": [0, 0, 0.8, 0.8], "texture": "#2"}
			}
		},
		{
			"from": [6.7, 12.6, 7.6],
			"to": [8.5, 12.7, 8.4],
			"rotation": {"angle": 0, "axis": "y", "origin": [8, 12, 8]},
			"faces": {
				"north": {"uv": [0, 0, 1.8, 0.1], "texture": "#2"},
				"east": {"uv": [0, 0, 0.8, 0.1], "texture": "#2"},
				"south": {"uv": [0, 0, 1.8, 0.1], "texture": "#2"},
				"west": {"uv": [0, 0, 0.8, 0.1], "texture": "#2"},
				"up": {"uv": [0, 0, 1.8, 0.8], "texture": "#2"},
				"down": {"uv": [0, 0, 1.8, 0.8], "texture": "#2"}
			}
		},
		{
			"from": [7.1, 12.2, 7.4],
			"to": [7.2, 12.7, 7.6],
			"rotation": {"angle": 0, "axis": "y", "origin": [8, 12, 7.9]},
			"faces": {
				"north": {"uv": [0, 0, 0.1, 0.5], "texture": "#2"},
				"east": {"uv": [0, 0, 0.2, 0.5], "texture": "#2"},
				"south": {"uv": [0, 0, 0.1, 0.5], "texture": "#2"},
				"west": {"uv": [0, 0, 0.2, 0.5], "texture": "#2"},
				"up": {"uv": [0, 0, 0.1, 0.2], "texture": "#2"},
				"down": {"uv": [0, 0, 0.1, 0.2], "texture": "#2"}
			}
		},
		{
			"from": [6.1, 12.2, 7.4],
			"to": [6.2, 12.7, 7.6],
			"rotation": {"angle": 0, "axis": "y", "origin": [8, 12, 7.9]},
			"faces": {
				"north": {"uv": [0, 0, 0.1, 0.5], "texture": "#2"},
				"east": {"uv": [0, 0, 0.2, 0.5], "texture": "#2"},
				"south": {"uv": [0, 0, 0.1, 0.5], "texture": "#2"},
				"west": {"uv": [0, 0, 0.2, 0.5], "texture": "#2"},
				"up": {"uv": [0, 0, 0.1, 0.2], "texture": "#2"},
				"down": {"uv": [0, 0, 0.1, 0.2], "texture": "#2"}
			}
		},
		{
			"from": [6.39357, 11.88934, 7.4],
			"to": [6.89357, 11.98934, 7.6],
			"rotation": {"angle": 0, "axis": "z", "origin": [6.34145, 12.44789, 7.46066]},
			"faces": {
				"north": {"uv": [0, 0, 0.1, 0.5], "rotation": 270, "texture": "#2"},
				"east": {"uv": [0, 0, 0.1, 0.2], "rotation": 90, "texture": "#2"},
				"south": {"uv": [0, 0, 0.1, 0.5], "rotation": 90, "texture": "#2"},
				"west": {"uv": [0, 0, 0.1, 0.2], "rotation": 90, "texture": "#2"},
				"up": {"uv": [0, 0, 0.2, 0.5], "rotation": 90, "texture": "#2"},
				"down": {"uv": [0, 0, 0.2, 0.5], "rotation": 90, "texture": "#2"}
			}
		},
		{
			"from": [6.39357, 12.88934, 7.4],
			"to": [6.89357, 12.98934, 7.6],
			"rotation": {"angle": 0, "axis": "z", "origin": [6.34145, 12.44789, 7.46066]},
			"faces": {
				"north": {"uv": [0, 0, 0.1, 0.5], "rotation": 270, "texture": "#2"},
				"east": {"uv": [0, 0, 0.1, 0.2], "rotation": 90, "texture": "#2"},
				"south": {"uv": [0, 0, 0.1, 0.5], "rotation": 90, "texture": "#2"},
				"west": {"uv": [0, 0, 0.1, 0.2], "rotation": 90, "texture": "#2"},
				"up": {"uv": [0, 0, 0.2, 0.5], "rotation": 90, "texture": "#2"},
				"down": {"uv": [0, 0, 0.2, 0.5], "rotation": 90, "texture": "#2"}
			}
		},
		{
			"from": [6.3, 12, 7.4],
			"to": [6.4, 12.1, 7.6],
			"rotation": {"angle": 0, "axis": "y", "origin": [8, 12, 7.9]},
			"faces": {
				"north": {"uv": [0, 0, 0.1, 0.1], "texture": "#2"},
				"east": {"uv": [0, 0, 0.2, 0.1], "texture": "#2"},
				"south": {"uv": [0, 0, 0.1, 0.1], "texture": "#2"},
				"west": {"uv": [0, 0, 0.2, 0.1], "texture": "#2"},
				"up": {"uv": [0, 0, 0.1, 0.2], "texture": "#2"},
				"down": {"uv": [0, 0, 0.1, 0.2], "texture": "#2"}
			}
		},
		{
			"from": [6.2, 12.1, 7.4],
			"to": [6.3, 12.2, 7.6],
			"rotation": {"angle": 0, "axis": "y", "origin": [8, 12, 7.9]},
			"faces": {
				"north": {"uv": [0, 0, 0.1, 0.1], "texture": "#2"},
				"east": {"uv": [0, 0, 0.2, 0.1], "texture": "#2"},
				"south": {"uv": [0, 0, 0.1, 0.1], "texture": "#2"},
				"west": {"uv": [0, 0, 0.2, 0.1], "texture": "#2"},
				"up": {"uv": [0, 0, 0.1, 0.2], "texture": "#2"},
				"down": {"uv": [0, 0, 0.1, 0.2], "texture": "#2"}
			}
		},
		{
			"from": [6.2, 12.7, 7.4],
			"to": [6.3, 12.8, 7.6],
			"rotation": {"angle": 0, "axis": "y", "origin": [8, 12, 7.9]},
			"faces": {
				"north": {"uv": [0, 0, 0.1, 0.1], "texture": "#2"},
				"east": {"uv": [0, 0, 0.2, 0.1], "texture": "#2"},
				"south": {"uv": [0, 0, 0.1, 0.1], "texture": "#2"},
				"west": {"uv": [0, 0, 0.2, 0.1], "texture": "#2"},
				"up": {"uv": [0, 0, 0.1, 0.2], "texture": "#2"},
				"down": {"uv": [0, 0, 0.1, 0.2], "texture": "#2"}
			}
		},
		{
			"from": [6.3, 12.8, 7.4],
			"to": [6.4, 12.9, 7.6],
			"rotation": {"angle": 0, "axis": "y", "origin": [8, 12, 7.9]},
			"faces": {
				"north": {"uv": [0, 0, 0.1, 0.1], "texture": "#2"},
				"east": {"uv": [0, 0, 0.2, 0.1], "texture": "#2"},
				"south": {"uv": [0, 0, 0.1, 0.1], "texture": "#2"},
				"west": {"uv": [0, 0, 0.2, 0.1], "texture": "#2"},
				"up": {"uv": [0, 0, 0.1, 0.2], "texture": "#2"},
				"down": {"uv": [0, 0, 0.1, 0.2], "texture": "#2"}
			}
		},
		{
			"from": [7, 12.7, 7.4],
			"to": [7.1, 12.8, 7.6],
			"rotation": {"angle": 0, "axis": "y", "origin": [8, 12, 7.9]},
			"faces": {
				"north": {"uv": [0, 0, 0.1, 0.1], "texture": "#2"},
				"east": {"uv": [0, 0, 0.2, 0.1], "texture": "#2"},
				"south": {"uv": [0, 0, 0.1, 0.1], "texture": "#2"},
				"west": {"uv": [0, 0, 0.2, 0.1], "texture": "#2"},
				"up": {"uv": [0, 0, 0.1, 0.2], "texture": "#2"},
				"down": {"uv": [0, 0, 0.1, 0.2], "texture": "#2"}
			}
		},
		{
			"from": [6.9, 12.8, 7.4],
			"to": [7, 12.9, 7.6],
			"rotation": {"angle": 0, "axis": "y", "origin": [8, 12, 7.9]},
			"faces": {
				"north": {"uv": [0, 0, 0.1, 0.1], "texture": "#2"},
				"east": {"uv": [0, 0, 0.2, 0.1], "texture": "#2"},
				"south": {"uv": [0, 0, 0.1, 0.1], "texture": "#2"},
				"west": {"uv": [0, 0, 0.2, 0.1], "texture": "#2"},
				"up": {"uv": [0, 0, 0.1, 0.2], "texture": "#2"},
				"down": {"uv": [0, 0, 0.1, 0.2], "texture": "#2"}
			}
		},
		{
			"from": [6.9, 12, 7.4],
			"to": [7, 12.1, 7.6],
			"rotation": {"angle": 0, "axis": "y", "origin": [8, 12, 7.9]},
			"faces": {
				"north": {"uv": [0, 0, 0.1, 0.1], "texture": "#2"},
				"east": {"uv": [0, 0, 0.2, 0.1], "texture": "#2"},
				"south": {"uv": [0, 0, 0.1, 0.1], "texture": "#2"},
				"west": {"uv": [0, 0, 0.2, 0.1], "texture": "#2"},
				"up": {"uv": [0, 0, 0.1, 0.2], "texture": "#2"},
				"down": {"uv": [0, 0, 0.1, 0.2], "texture": "#2"}
			}
		},
		{
			"from": [7, 12.1, 7.4],
			"to": [7.1, 12.2, 7.6],
			"rotation": {"angle": 0, "axis": "y", "origin": [8, 12, 7.9]},
			"faces": {
				"north": {"uv": [0, 0, 0.1, 0.1], "texture": "#2"},
				"east": {"uv": [0, 0, 0.2, 0.1], "texture": "#2"},
				"south": {"uv": [0, 0, 0.1, 0.1], "texture": "#2"},
				"west": {"uv": [0, 0, 0.2, 0.1], "texture": "#2"},
				"up": {"uv": [0, 0, 0.1, 0.2], "texture": "#2"},
				"down": {"uv": [0, 0, 0.1, 0.2], "texture": "#2"}
			}
		},
		{
			"from": [6.6, 12.5, 7.6],
			"to": [7.6, 12.6, 8.4],
			"rotation": {"angle": 0, "axis": "y", "origin": [8, 12, 8]},
			"faces": {
				"north": {"uv": [0, 0, 1, 0.1], "texture": "#2"},
				"east": {"uv": [0, 0, 0.8, 0.1], "texture": "#2"},
				"south": {"uv": [0, 0, 1, 0.1], "texture": "#2"},
				"west": {"uv": [0, 0, 0.8, 0.1], "texture": "#2"},
				"up": {"uv": [0, 0, 1, 0.8], "texture": "#2"},
				"down": {"uv": [0, 0, 1, 0.8], "texture": "#2"}
			}
		},
		{
			"from": [6.5, 12.4, 7.6],
			"to": [7.6, 12.5, 8.4],
			"rotation": {"angle": 0, "axis": "y", "origin": [8, 12, 8]},
			"faces": {
				"north": {"uv": [0, 0, 1.1, 0.1], "texture": "#2"},
				"east": {"uv": [0, 0, 0.8, 0.1], "texture": "#2"},
				"south": {"uv": [0, 0, 1.1, 0.1], "texture": "#2"},
				"west": {"uv": [0, 0, 0.8, 0.1], "texture": "#2"},
				"up": {"uv": [0, 0, 1.1, 0.8], "texture": "#2"},
				"down": {"uv": [0, 0, 1.1, 0.8], "texture": "#2"}
			}
		},
		{
			"from": [6.4, 12.3, 7.6],
			"to": [7.6, 12.4, 8.4],
			"rotation": {"angle": 0, "axis": "y", "origin": [8, 12, 8]},
			"faces": {
				"north": {"uv": [0, 0, 1.2, 0.1], "texture": "#2"},
				"east": {"uv": [0, 0, 0.8, 0.1], "texture": "#2"},
				"south": {"uv": [0, 0, 1.2, 0.1], "texture": "#2"},
				"west": {"uv": [0, 0, 0.8, 0.1], "texture": "#2"},
				"up": {"uv": [0, 0, 1.2, 0.8], "texture": "#2"},
				"down": {"uv": [0, 0, 1.2, 0.8], "texture": "#2"}
			}
		},
		{
			"from": [6.2, 12.2, 7.6],
			"to": [7.1, 12.3, 8.4],
			"rotation": {"angle": 45, "axis": "z", "origin": [6.99241, 12.34824, 8.00935]},
			"faces": {
				"north": {"uv": [0, 0, 0.9, 0.1], "texture": "#2"},
				"east": {"uv": [0, 0, 0.8, 0.1], "texture": "#2"},
				"south": {"uv": [0, 0, 0.9, 0.1], "texture": "#2"},
				"west": {"uv": [0, 0, 0.8, 0.1], "texture": "#2"},
				"up": {"uv": [0, 0, 0.9, 0.8], "texture": "#2"},
				"down": {"uv": [0, 0, 0.9, 0.8], "texture": "#2"}
			}
		},
		{
			"from": [6.1, 12.3, 7.6],
			"to": [7, 12.4, 8.4],
			"rotation": {"angle": 45, "axis": "z", "origin": [6.99241, 12.34824, 8.00935]},
			"faces": {
				"north": {"uv": [0, 0, 0.9, 0.1], "texture": "#2"},
				"east": {"uv": [0, 0, 0.8, 0.1], "texture": "#2"},
				"south": {"uv": [0, 0, 0.9, 0.1], "texture": "#2"},
				"west": {"uv": [0, 0, 0.8, 0.1], "texture": "#2"},
				"up": {"uv": [0, 0, 0.9, 0.8], "texture": "#2"},
				"down": {"uv": [0, 0, 0.9, 0.8], "texture": "#2"}
			}
		},
		{
			"from": [5.7, 12.7, 7.6],
			"to": [6.62, 12.8, 8.4],
			"rotation": {"angle": 45, "axis": "z", "origin": [6.99241, 12.34824, 8.00935]},
			"faces": {
				"north": {"uv": [0, 0, 0.92, 0.1], "texture": "#2"},
				"east": {"uv": [0, 0, 0.8, 0.1], "texture": "#2"},
				"south": {"uv": [0, 0, 0.92, 0.1], "texture": "#2"},
				"west": {"uv": [0, 0, 0.8, 0.1], "texture": "#2"},
				"up": {"uv": [0, 0, 0.92, 0.8], "texture": "#2"},
				"down": {"uv": [0, 0, 0.92, 0.8], "texture": "#2"}
			}
		},
		{
			"from": [6, 12.4, 7.6],
			"to": [6.9, 12.7, 8.4],
			"rotation": {"angle": 45, "axis": "z", "origin": [6.99241, 12.34824, 8.00935]},
			"faces": {
				"north": {"uv": [0, 0, 0.9, 0.3], "texture": "#2"},
				"east": {"uv": [0, 0, 0.8, 0.3], "texture": "#2"},
				"south": {"uv": [0, 0, 0.9, 0.3], "texture": "#2"},
				"west": {"uv": [0, 0, 0.8, 0.3], "texture": "#2"},
				"up": {"uv": [0, 0, 0.9, 0.8], "texture": "#2"},
				"down": {"uv": [0, 0, 0.9, 0.8], "texture": "#2"}
			}
		},
		{
			"from": [6.9, 8.4, 7],
			"to": [9.1, 11.6, 9],
			"rotation": {"angle": 0, "axis": "y", "origin": [8, 8.9, 8]},
			"faces": {
				"north": {"uv": [0, 0, 2.2, 3.2], "texture": "#0"},
				"east": {"uv": [0, 0, 2, 3.2], "texture": "#0"},
				"south": {"uv": [0, 0, 2.2, 3.2], "texture": "#0"},
				"west": {"uv": [0, 0, 2, 3.2], "texture": "#0"},
				"up": {"uv": [0, 0, 2.2, 2], "texture": "#0"},
				"down": {"uv": [0, 0, 2.2, 2], "texture": "#0"}
			}
		},
		{
			"from": [6.9, 8.1, 7],
			"to": [9.1, 8.4, 9],
			"rotation": {"angle": 0, "axis": "y", "origin": [8, 8.6, 8]},
			"faces": {
				"north": {"uv": [0, 0, 2.2, 0.3], "texture": "#1"},
				"east": {"uv": [0, 0, 2, 0.3], "texture": "#1"},
				"south": {"uv": [0, 0, 2.2, 0.3], "texture": "#1"},
				"west": {"uv": [0, 0, 2, 0.3], "texture": "#1"},
				"up": {"uv": [0, 0, 2.2, 2], "texture": "#1"},
				"down": {"uv": [0, 0, 2.2, 2], "texture": "#1"}
			}
		}
	],
	"display": {
		"thirdperson_righthand": {
			"rotation": [22, 126.5, 0],
			"translation": [-1.5, -0.75, 0]
		},
		"firstperson_righthand": {
			"rotation": [0, 140.5, 0]
		},
		"firstperson_lefthand": {
			"rotation": [0, 127.75, 0]
		},
		"gui": {
			"rotation": [15.5, -162, 0],
			"translation": [-1.25, -1, 0]
		}
	}
}