{
	"credit": "Made with Blockbench",
	"textures": {
		"0": "items/brown",
		"1": "items/diamonad",
		"2": "items/black",
		"particle": "items/brown"
	},
	"elements": [
		{
			"from": [5.75, 6, 5.75],
			"to": [10.25, 7, 6.25],
			"rotation": {"angle": 0, "axis": "y", "origin": [8, 7, 8]},
			"faces": {
				"north": {"uv": [0, 0, 4.5, 1], "texture": "#0"},
				"east": {"uv": [0, 0, 4.5, 1], "texture": "#0"},
				"south": {"uv": [0, 0, 4.5, 1], "texture": "#0"},
				"west": {"uv": [0, 0, 4.5, 1], "texture": "#0"},
				"up": {"uv": [0, 0, 4.5, 4.5], "texture": "#0"},
				"down": {"uv": [0, 0, 4.5, 4.5], "texture": "#0"}
			}
		},
		{
			"from": [5.75, 6, 6.25],
			"to": [6.25, 7, 9.75],
			"rotation": {"angle": 0, "axis": "y", "origin": [8, 7, 8]},
			"faces": {
				"north": {"uv": [0, 0, 4.5, 1], "texture": "#0"},
				"east": {"uv": [0, 0, 4.5, 1], "texture": "#0"},
				"south": {"uv": [0, 0, 4.5, 1], "texture": "#0"},
				"west": {"uv": [0, 0, 4.5, 1], "texture": "#0"},
				"up": {"uv": [0, 0, 4.5, 4.5], "texture": "#0"},
				"down": {"uv": [0, 0, 4.5, 4.5], "texture": "#0"}
			}
		},
		{
			"from": [9.75, 6, 6.25],
			"to": [10.25, 7, 9.75],
			"rotation": {"angle": 0, "axis": "y", "origin": [8, 7, 8]},
			"faces": {
				"north": {"uv": [0, 0, 4.5, 1], "texture": "#0"},
				"east": {"uv": [0, 0, 4.5, 1], "texture": "#0"},
				"south": {"uv": [0, 0, 4.5, 1], "texture": "#0"},
				"west": {"uv": [0, 0, 4.5, 1], "texture": "#0"},
				"up": {"uv": [0, 0, 4.5, 4.5], "texture": "#0"},
				"down": {"uv": [0, 0, 4.5, 4.5], "texture": "#0"}
			}
		},
		{
			"from": [5.75, 6, 9.75],
			"to": [10.25, 7, 10.25],
			"rotation": {"angle": 0, "axis": "y", "origin": [8, 7, 8]},
			"faces": {
				"north": {"uv": [0, 0, 4.5, 1], "texture": "#0"},
				"east": {"uv": [0, 0, 4.5, 1], "texture": "#0"},
				"south": {"uv": [0, 0, 4.5, 1], "texture": "#0"},
				"west": {"uv": [0, 0, 4.5, 1], "texture": "#0"},
				"up": {"uv": [0, 0, 4.5, 4.5], "texture": "#0"},
				"down": {"uv": [0, 0, 4.5, 4.5], "texture": "#0"}
			}
		},
		{
			"from": [7.2, 6, 5.6],
			"to": [8.8, 6.9, 5.75],
			"faces": {
				"north": {"uv": [0, 0, 1.6, 1], "texture": "#1"},
				"east": {"uv": [0, 0, 0.15, 1], "texture": "#1"},
				"south": {"uv": [0, 0, 1.6, 1], "texture": "#1"},
				"west": {"uv": [0, 0, 0.15, 1], "texture": "#1"},
				"up": {"uv": [0, 0, 1.6, 0.15], "texture": "#1"},
				"down": {"uv": [0, 0, 1.6, 0.15], "texture": "#1"}
			}
		},
		{
			"from": [8.8, 6.1, 5.6],
			"to": [9.4, 7.1, 5.75],
			"faces": {
				"north": {"uv": [0, 0, 1.6, 1], "texture": "#1"},
				"east": {"uv": [0, 0, 0.15, 1], "texture": "#1"},
				"south": {"uv": [0, 0, 1.6, 1], "texture": "#1"},
				"west": {"uv": [0, 0, 0.15, 1], "texture": "#1"},
				"up": {"uv": [0, 0, 1.6, 0.15], "texture": "#1"},
				"down": {"uv": [0, 0, 1.6, 0.15], "texture": "#1"}
			}
		},
		{
			"from": [8.9, 6.2, 5.6],
			"to": [9.5, 7.2, 5.75],
			"faces": {
				"north": {"uv": [0, 0, 1.6, 1], "texture": "#1"},
				"east": {"uv": [0, 0, 0.15, 1], "texture": "#1"},
				"south": {"uv": [0, 0, 1.6, 1], "texture": "#1"},
				"west": {"uv": [0, 0, 0.15, 1], "texture": "#1"},
				"up": {"uv": [0, 0, 1.6, 0.15], "texture": "#1"},
				"down": {"uv": [0, 0, 1.6, 0.15], "texture": "#1"}
			}
		},
		{
			"from": [9, 6.3, 5.6],
			"to": [9.6, 7.3, 5.75],
			"faces": {
				"north": {"uv": [0, 0, 1.6, 1], "texture": "#1"},
				"east": {"uv": [0, 0, 0.15, 1], "texture": "#1"},
				"south": {"uv": [0, 0, 1.6, 1], "texture": "#1"},
				"west": {"uv": [0, 0, 0.15, 1], "texture": "#1"},
				"up": {"uv": [0, 0, 1.6, 0.15], "texture": "#1"},
				"down": {"uv": [0, 0, 1.6, 0.15], "texture": "#1"}
			}
		},
		{
			"from": [6.4, 6.3, 5.6],
			"to": [7, 7.3, 5.75],
			"faces": {
				"north": {"uv": [0, 0, 1.6, 1], "texture": "#1"},
				"east": {"uv": [0, 0, 0.15, 1], "texture": "#1"},
				"south": {"uv": [0, 0, 1.6, 1], "texture": "#1"},
				"west": {"uv": [0, 0, 0.15, 1], "texture": "#1"},
				"up": {"uv": [0, 0, 1.6, 0.15], "texture": "#1"},
				"down": {"uv": [0, 0, 1.6, 0.15], "texture": "#1"}
			}
		},
		{
			"from": [6.5, 6.2, 5.6],
			"to": [7.1, 7.2, 5.75],
			"faces": {
				"north": {"uv": [0, 0, 1.6, 1], "texture": "#1"},
				"east": {"uv": [0, 0, 0.15, 1], "texture": "#1"},
				"south": {"uv": [0, 0, 1.6, 1], "texture": "#1"},
				"west": {"uv": [0, 0, 0.15, 1], "texture": "#1"},
				"up": {"uv": [0, 0, 1.6, 0.15], "texture": "#1"},
				"down": {"uv": [0, 0, 1.6, 0.15], "texture": "#1"}
			}
		},
		{
			"from": [6.6, 6.1, 5.6],
			"to": [7.2, 7.1, 5.75],
			"faces": {
				"north": {"uv": [0, 0, 1.6, 1], "texture": "#1"},
				"east": {"uv": [0, 0, 0.15, 1], "texture": "#1"},
				"south": {"uv": [0, 0, 1.6, 1], "texture": "#1"},
				"west": {"uv": [0, 0, 0.15, 1], "texture": "#1"},
				"up": {"uv": [0, 0, 1.6, 0.15], "texture": "#1"},
				"down": {"uv": [0, 0, 1.6, 0.15], "texture": "#1"}
			}
		},
		{
			"from": [8.3, 6.4, 5.5],
			"to": [8.7, 6.7, 5.65],
			"faces": {
				"north": {"uv": [0, 0, 1.6, 1], "texture": "#2"},
				"east": {"uv": [0, 0, 0.15, 1], "texture": "#2"},
				"south": {"uv": [0, 0, 1.6, 1], "texture": "#2"},
				"west": {"uv": [0, 0, 0.15, 1], "texture": "#2"},
				"up": {"uv": [0, 0, 1.6, 0.15], "texture": "#2"},
				"down": {"uv": [0, 0, 1.6, 0.15], "texture": "#2"}
			}
		},
		{
			"from": [7.3, 6.4, 5.5],
			"to": [7.7, 6.7, 5.65],
			"faces": {
				"north": {"uv": [0, 0, 1.6, 1], "texture": "#2"},
				"east": {"uv": [0, 0, 0.15, 1], "texture": "#2"},
				"south": {"uv": [0, 0, 1.6, 1], "texture": "#2"},
				"west": {"uv": [0, 0, 0.15, 1], "texture": "#2"},
				"up": {"uv": [0, 0, 1.6, 0.15], "texture": "#2"},
				"down": {"uv": [0, 0, 1.6, 0.15], "texture": "#2"}
			}
		}
	],
	"display": {
		"thirdperson_righthand": {
			"rotation": [90, 0, 0],
			"translation": [0, -2, 4.5]
		},
		"thirdperson_lefthand": {
			"rotation": [90, 0, 0],
			"translation": [0, -2, 4]
		},
		"gui": {
			"rotation": [0, -180, 0]
		}
	}
}