{
	"credit": "Made with Blockbench",
	"textures": {
		"0": "items/aw01",
		"1": "items/black",
		"2": "items/brown",
		"3": "items/bbbr",
		"particle": "items/aw01"
	},
	"elements": [
		{
			"from": [7.5, -4.75, 9.5],
			"to": [8.5, 20.25, 10.5],
			"rotation": {"angle": -22.5, "axis": "x", "origin": [8, 8, 8]},
			"faces": {
				"north": {"uv": [0, 0, 1, 16], "texture": "#2"},
				"east": {"uv": [0, 0, 1, 16], "texture": "#2"},
				"south": {"uv": [0, 0, 1, 16], "texture": "#2"},
				"west": {"uv": [0, 0, 1, 16], "texture": "#2"},
				"up": {"uv": [0, 0, 1, 1], "texture": "#2"},
				"down": {"uv": [0, 0, 1, 1], "texture": "#2"}
			}
		},
		{
			"from": [7, 0.5, 10.7],
			"to": [8.9, 2.6, 12.8],
			"faces": {
				"north": {"uv": [0, 0, 1.9, 2.1], "texture": "#0"},
				"east": {"uv": [0, 0, 2.1, 2.1], "texture": "#0"},
				"south": {"uv": [0, 0, 1.9, 2.1], "texture": "#0"},
				"west": {"uv": [0, 0, 2.1, 2.1], "texture": "#0"},
				"up": {"uv": [0, 0, 1.9, 2.1], "texture": "#0"},
				"down": {"uv": [0, 0, 1.9, 2.1], "texture": "#0"}
			}
		},
		{
			"from": [7.1, 2.8, -1.8],
			"to": [8.8, 4.6, -0.2],
			"faces": {
				"north": {"uv": [0, 0, 1.7, 1.8], "texture": "#3"},
				"east": {"uv": [0, 0, 1.6, 1.8], "texture": "#3"},
				"south": {"uv": [0, 0, 1.7, 1.8], "texture": "#3"},
				"west": {"uv": [0, 0, 1.6, 1.8], "texture": "#3"},
				"up": {"uv": [0, 0, 1.7, 1.6], "texture": "#3"},
				"down": {"uv": [0, 0, 1.7, 1.6], "texture": "#3"}
			}
		},
		{
			"from": [7, 3, -1.9],
			"to": [8.9, 4.4, -0.1],
			"faces": {
				"north": {"uv": [0, 0, 1.9, 1.4], "texture": "#0"},
				"east": {"uv": [0, 0, 1.8, 1.4], "texture": "#0"},
				"south": {"uv": [0, 0, 1.9, 1.4], "texture": "#0"},
				"west": {"uv": [0, 0, 1.8, 1.4], "texture": "#0"},
				"up": {"uv": [0, 0, 1.9, 1.8], "texture": "#0"},
				"down": {"uv": [0, 0, 1.9, 1.8], "texture": "#0"}
			}
		},
		{
			"from": [7.9, 3.5, 4.7],
			"to": [8.1, 19.6, 4.9],
			"rotation": {"angle": 22.5, "axis": "x", "origin": [8.02653, 18.55512, 5.11837]},
			"faces": {
				"north": {"uv": [0, 0, 0.2, 16], "texture": "#0"},
				"east": {"uv": [0, 0, 0.2, 16], "texture": "#0"},
				"south": {"uv": [0, 0, 0.2, 16], "texture": "#0"},
				"west": {"uv": [0, 0, 0.2, 16], "texture": "#0"},
				"up": {"uv": [0, 0, 0.2, 0.2], "texture": "#0"},
				"down": {"uv": [0, 0, 0.2, 0.2], "texture": "#0"}
			}
		},
		{
			"from": [6.9, 0.7, 10.9],
			"to": [9, 2.4, 12.6],
			"faces": {
				"north": {"uv": [0, 0, 2.1, 1.7], "texture": "#1"},
				"east": {"uv": [0, 0, 1.7, 1.7], "texture": "#1"},
				"south": {"uv": [0, 0, 2.1, 1.7], "texture": "#1"},
				"west": {"uv": [0, 0, 1.7, 1.7], "texture": "#1"},
				"up": {"uv": [0, 0, 2.1, 1.7], "texture": "#1"},
				"down": {"uv": [0, 0, 2.1, 1.7], "texture": "#1"}
			}
		},
		{
			"from": [4.8, 0.9, 11.9],
			"to": [6.9, 1.5, 12.6],
			"rotation": {"angle": -22.5, "axis": "x", "origin": [10.06963, 1.0461, 12.28426]},
			"faces": {
				"north": {"uv": [0, 0, 2.1, 0.6], "texture": "#1"},
				"east": {"uv": [0, 0, 0.7, 0.6], "texture": "#1"},
				"south": {"uv": [0, 0, 2.1, 0.6], "texture": "#1"},
				"west": {"uv": [0, 0, 0.7, 0.6], "texture": "#1"},
				"up": {"uv": [0, 0, 2.1, 0.7], "texture": "#1"},
				"down": {"uv": [0, 0, 2.1, 0.7], "texture": "#1"}
			}
		}
	],
	"display": {
		"thirdperson_righthand": {
			"rotation": [41.75, 0, 0],
			"translation": [0, 8.5, 1.25]
		},
		"firstperson_righthand": {
			"rotation": [-38.75, -6.25, 0],
			"translation": [0, 6, -3.75]
		},
		"gui": {
			"rotation": [-21.75, -34, -22.75],
			"scale": [0.81641, 0.5625, 1]
		}
	}
}