{
	"credit": "Made with Blockbench",
	"textures": {
		"0": "items/doller",
		"1": "items/grrennn",
		"2": "items/awm",
		"3": "items/bbala",
		"particle": "items/doller"
	},
	"elements": [
		{
			"from": [7.64827, 0.9967, 1.20504],
			"to": [14.14827, 1.2967, 4.20504],
			"rotation": {"angle": 0, "axis": "y", "origin": [10.89913, 1.49583, 2.70087]},
			"faces": {
				"north": {"uv": [0, 0, 1, 6.5], "rotation": 270, "texture": "#2"},
				"east": {"uv": [0, 0, 1, 3], "rotation": 270, "texture": "#2"},
				"south": {"uv": [0, 0, 1, 6.5], "rotation": 270, "texture": "#2"},
				"west": {"uv": [0, 0, 1, 3], "rotation": 90, "texture": "#2"},
				"up": {"uv": [0, 0, 6.5, 3], "rotation": 180, "texture": "#2"},
				"down": {"uv": [0, 0, 6.5, 3], "texture": "#2"}
			}
		},
		{
			"from": [-0.05173, 0.9967, 1.20504],
			"to": [6.44827, 1.2967, 4.20504],
			"rotation": {"angle": 0, "axis": "y", "origin": [3.19913, 1.49583, 2.70087]},
			"faces": {
				"north": {"uv": [0, 0, 1, 6.5], "rotation": 270, "texture": "#2"},
				"east": {"uv": [0, 0, 1, 3], "rotation": 270, "texture": "#2"},
				"south": {"uv": [0, 0, 1, 6.5], "rotation": 270, "texture": "#2"},
				"west": {"uv": [0, 0, 1, 3], "rotation": 90, "texture": "#2"},
				"up": {"uv": [0, 0, 6.5, 3], "rotation": 180, "texture": "#2"},
				"down": {"uv": [0, 0, 6.5, 3], "texture": "#2"}
			}
		},
		{
			"from": [7.74827, 0.9967, 5.10504],
			"to": [14.24827, 1.2967, 8.10504],
			"rotation": {"angle": 0, "axis": "y", "origin": [10.99913, 1.49583, 6.60087]},
			"faces": {
				"north": {"uv": [0, 0, 1, 6.5], "rotation": 270, "texture": "#2"},
				"east": {"uv": [0, 0, 1, 3], "rotation": 270, "texture": "#2"},
				"south": {"uv": [0, 0, 1, 6.5], "rotation": 270, "texture": "#2"},
				"west": {"uv": [0, 0, 1, 3], "rotation": 90, "texture": "#2"},
				"up": {"uv": [0, 0, 6.5, 3], "rotation": 180, "texture": "#2"},
				"down": {"uv": [0, 0, 6.5, 3], "texture": "#2"}
			}
		},
		{
			"from": [7.64827, 0.9967, 5.10504],
			"to": [14.14827, 1.2967, 8.10504],
			"rotation": {"angle": 0, "axis": "y", "origin": [10.89913, 1.49583, 6.60087]},
			"faces": {
				"north": {"uv": [0, 0, 1, 6.5], "rotation": 270, "texture": "#2"},
				"east": {"uv": [0, 0, 1, 3], "rotation": 270, "texture": "#2"},
				"south": {"uv": [0, 0, 1, 6.5], "rotation": 270, "texture": "#2"},
				"west": {"uv": [0, 0, 1, 3], "rotation": 90, "texture": "#2"},
				"up": {"uv": [0, 0, 6.5, 3], "rotation": 180, "texture": "#2"},
				"down": {"uv": [0, 0, 6.5, 3], "texture": "#2"}
			}
		},
		{
			"from": [-0.05173, 0.9967, 5.10504],
			"to": [6.44827, 1.2967, 8.10504],
			"rotation": {"angle": 0, "axis": "y", "origin": [3.19913, 1.49583, 6.60087]},
			"faces": {
				"north": {"uv": [0, 0, 1, 6.5], "rotation": 270, "texture": "#2"},
				"east": {"uv": [0, 0, 1, 3], "rotation": 270, "texture": "#2"},
				"south": {"uv": [0, 0, 1, 6.5], "rotation": 270, "texture": "#2"},
				"west": {"uv": [0, 0, 1, 3], "rotation": 90, "texture": "#2"},
				"up": {"uv": [0, 0, 6.5, 3], "rotation": 180, "texture": "#2"},
				"down": {"uv": [0, 0, 6.5, 3], "texture": "#2"}
			}
		},
		{
			"from": [3.74827, 0.9967, 9.00504],
			"to": [10.24827, 1.2967, 12.00504],
			"rotation": {"angle": 0, "axis": "y", "origin": [6.99913, 1.49583, 10.50087]},
			"faces": {
				"north": {"uv": [0, 0, 1, 6.5], "rotation": 270, "texture": "#2"},
				"east": {"uv": [0, 0, 1, 3], "rotation": 270, "texture": "#2"},
				"south": {"uv": [0, 0, 1, 6.5], "rotation": 270, "texture": "#2"},
				"west": {"uv": [0, 0, 1, 3], "rotation": 90, "texture": "#2"},
				"up": {"uv": [0, 0, 6.5, 3], "rotation": 180, "texture": "#2"},
				"down": {"uv": [0, 0, 6.5, 3], "texture": "#2"}
			}
		},
		{
			"from": [14.14827, 0.9967, 0.85504],
			"to": [14.64827, 1.2967, 4.55504],
			"rotation": {"angle": 0, "axis": "y", "origin": [10.89913, 1.49583, 2.70087]},
			"faces": {
				"north": {"uv": [0, 0, 1, 0.5], "rotation": 270, "texture": "#1"},
				"east": {"uv": [0, 0, 1, 3.7], "rotation": 270, "texture": "#1"},
				"south": {"uv": [0, 0, 1, 0.5], "rotation": 270, "texture": "#1"},
				"west": {"uv": [0, 0, 1, 3.7], "rotation": 90, "texture": "#1"},
				"up": {"uv": [0, 0, 0.5, 3.7], "rotation": 180, "texture": "#1"},
				"down": {"uv": [0, 0, 0.5, 3.7], "texture": "#1"}
			}
		},
		{
			"from": [6.44827, 0.9967, 0.85504],
			"to": [6.94827, 1.2967, 4.55504],
			"rotation": {"angle": 0, "axis": "y", "origin": [3.19913, 1.49583, 2.70087]},
			"faces": {
				"north": {"uv": [0, 0, 1, 0.5], "rotation": 270, "texture": "#1"},
				"east": {"uv": [0, 0, 1, 3.7], "rotation": 270, "texture": "#1"},
				"south": {"uv": [0, 0, 1, 0.5], "rotation": 270, "texture": "#1"},
				"west": {"uv": [0, 0, 1, 3.7], "rotation": 90, "texture": "#1"},
				"up": {"uv": [0, 0, 0.5, 3.7], "rotation": 180, "texture": "#1"},
				"down": {"uv": [0, 0, 0.5, 3.7], "texture": "#1"}
			}
		},
		{
			"from": [14.24827, 0.9967, 4.75504],
			"to": [14.74827, 1.2967, 8.45504],
			"rotation": {"angle": 0, "axis": "y", "origin": [10.99913, 1.49583, 6.60087]},
			"faces": {
				"north": {"uv": [0, 0, 1, 0.5], "rotation": 270, "texture": "#1"},
				"east": {"uv": [0, 0, 1, 3.7], "rotation": 270, "texture": "#1"},
				"south": {"uv": [0, 0, 1, 0.5], "rotation": 270, "texture": "#1"},
				"west": {"uv": [0, 0, 1, 3.7], "rotation": 90, "texture": "#1"},
				"up": {"uv": [0, 0, 0.5, 3.7], "rotation": 180, "texture": "#1"},
				"down": {"uv": [0, 0, 0.5, 3.7], "texture": "#1"}
			}
		},
		{
			"from": [14.14827, 0.9967, 4.75504],
			"to": [14.64827, 1.2967, 8.45504],
			"rotation": {"angle": 0, "axis": "y", "origin": [10.89913, 1.49583, 6.60087]},
			"faces": {
				"north": {"uv": [0, 0, 1, 0.5], "rotation": 270, "texture": "#1"},
				"east": {"uv": [0, 0, 1, 3.7], "rotation": 270, "texture": "#1"},
				"south": {"uv": [0, 0, 1, 0.5], "rotation": 270, "texture": "#1"},
				"west": {"uv": [0, 0, 1, 3.7], "rotation": 90, "texture": "#1"},
				"up": {"uv": [0, 0, 0.5, 3.7], "rotation": 180, "texture": "#1"},
				"down": {"uv": [0, 0, 0.5, 3.7], "texture": "#1"}
			}
		},
		{
			"from": [6.44827, 0.9967, 4.75504],
			"to": [6.94827, 1.2967, 8.45504],
			"rotation": {"angle": 0, "axis": "y", "origin": [3.19913, 1.49583, 6.60087]},
			"faces": {
				"north": {"uv": [0, 0, 1, 0.5], "rotation": 270, "texture": "#1"},
				"east": {"uv": [0, 0, 1, 3.7], "rotation": 270, "texture": "#1"},
				"south": {"uv": [0, 0, 1, 0.5], "rotation": 270, "texture": "#1"},
				"west": {"uv": [0, 0, 1, 3.7], "rotation": 90, "texture": "#1"},
				"up": {"uv": [0, 0, 0.5, 3.7], "rotation": 180, "texture": "#1"},
				"down": {"uv": [0, 0, 0.5, 3.7], "texture": "#1"}
			}
		},
		{
			"from": [10.24827, 0.9967, 8.65504],
			"to": [10.74827, 1.2967, 12.35504],
			"rotation": {"angle": 0, "axis": "y", "origin": [6.99913, 1.49583, 10.50087]},
			"faces": {
				"north": {"uv": [0, 0, 1, 0.5], "rotation": 270, "texture": "#1"},
				"east": {"uv": [0, 0, 1, 3.7], "rotation": 270, "texture": "#1"},
				"south": {"uv": [0, 0, 1, 0.5], "rotation": 270, "texture": "#1"},
				"west": {"uv": [0, 0, 1, 3.7], "rotation": 90, "texture": "#1"},
				"up": {"uv": [0, 0, 0.5, 3.7], "rotation": 180, "texture": "#1"},
				"down": {"uv": [0, 0, 0.5, 3.7], "texture": "#1"}
			}
		},
		{
			"from": [7.14827, 0.9967, 0.85504],
			"to": [7.64827, 1.2967, 4.55504],
			"rotation": {"angle": 0, "axis": "y", "origin": [10.89913, 1.49583, 2.70087]},
			"faces": {
				"north": {"uv": [0, 0, 1, 0.5], "rotation": 270, "texture": "#1"},
				"east": {"uv": [0, 0, 1, 3.7], "rotation": 270, "texture": "#1"},
				"south": {"uv": [0, 0, 1, 0.5], "rotation": 270, "texture": "#1"},
				"west": {"uv": [0, 0, 1, 3.7], "rotation": 90, "texture": "#1"},
				"up": {"uv": [0, 0, 0.5, 3.7], "rotation": 180, "texture": "#1"},
				"down": {"uv": [0, 0, 0.5, 3.7], "texture": "#1"}
			}
		},
		{
			"from": [-0.55173, 0.9967, 0.85504],
			"to": [-0.05173, 1.2967, 4.55504],
			"rotation": {"angle": 0, "axis": "y", "origin": [3.19913, 1.49583, 2.70087]},
			"faces": {
				"north": {"uv": [0, 0, 1, 0.5], "rotation": 270, "texture": "#1"},
				"east": {"uv": [0, 0, 1, 3.7], "rotation": 270, "texture": "#1"},
				"south": {"uv": [0, 0, 1, 0.5], "rotation": 270, "texture": "#1"},
				"west": {"uv": [0, 0, 1, 3.7], "rotation": 90, "texture": "#1"},
				"up": {"uv": [0, 0, 0.5, 3.7], "rotation": 180, "texture": "#1"},
				"down": {"uv": [0, 0, 0.5, 3.7], "texture": "#1"}
			}
		},
		{
			"from": [7.24827, 0.9967, 4.75504],
			"to": [7.74827, 1.2967, 8.45504],
			"rotation": {"angle": 0, "axis": "y", "origin": [10.99913, 1.49583, 6.60087]},
			"faces": {
				"north": {"uv": [0, 0, 1, 0.5], "rotation": 270, "texture": "#1"},
				"east": {"uv": [0, 0, 1, 3.7], "rotation": 270, "texture": "#1"},
				"south": {"uv": [0, 0, 1, 0.5], "rotation": 270, "texture": "#1"},
				"west": {"uv": [0, 0, 1, 3.7], "rotation": 90, "texture": "#1"},
				"up": {"uv": [0, 0, 0.5, 3.7], "rotation": 180, "texture": "#1"},
				"down": {"uv": [0, 0, 0.5, 3.7], "texture": "#1"}
			}
		},
		{
			"from": [7.14827, 0.9967, 4.75504],
			"to": [7.64827, 1.2967, 8.45504],
			"rotation": {"angle": 0, "axis": "y", "origin": [10.89913, 1.49583, 6.60087]},
			"faces": {
				"north": {"uv": [0, 0, 1, 0.5], "rotation": 270, "texture": "#1"},
				"east": {"uv": [0, 0, 1, 3.7], "rotation": 270, "texture": "#1"},
				"south": {"uv": [0, 0, 1, 0.5], "rotation": 270, "texture": "#1"},
				"west": {"uv": [0, 0, 1, 3.7], "rotation": 90, "texture": "#1"},
				"up": {"uv": [0, 0, 0.5, 3.7], "rotation": 180, "texture": "#1"},
				"down": {"uv": [0, 0, 0.5, 3.7], "texture": "#1"}
			}
		},
		{
			"from": [-0.55173, 0.9967, 4.75504],
			"to": [-0.05173, 1.2967, 8.45504],
			"rotation": {"angle": 0, "axis": "y", "origin": [3.19913, 1.49583, 6.60087]},
			"faces": {
				"north": {"uv": [0, 0, 1, 0.5], "rotation": 270, "texture": "#1"},
				"east": {"uv": [0, 0, 1, 3.7], "rotation": 270, "texture": "#1"},
				"south": {"uv": [0, 0, 1, 0.5], "rotation": 270, "texture": "#1"},
				"west": {"uv": [0, 0, 1, 3.7], "rotation": 90, "texture": "#1"},
				"up": {"uv": [0, 0, 0.5, 3.7], "rotation": 180, "texture": "#1"},
				"down": {"uv": [0, 0, 0.5, 3.7], "texture": "#1"}
			}
		},
		{
			"from": [3.24827, 0.9967, 8.65504],
			"to": [3.74827, 1.2967, 12.35504],
			"rotation": {"angle": 0, "axis": "y", "origin": [6.99913, 1.49583, 10.50087]},
			"faces": {
				"north": {"uv": [0, 0, 1, 0.5], "rotation": 270, "texture": "#1"},
				"east": {"uv": [0, 0, 1, 3.7], "rotation": 270, "texture": "#1"},
				"south": {"uv": [0, 0, 1, 0.5], "rotation": 270, "texture": "#1"},
				"west": {"uv": [0, 0, 1, 3.7], "rotation": 90, "texture": "#1"},
				"up": {"uv": [0, 0, 0.5, 3.7], "rotation": 180, "texture": "#1"},
				"down": {"uv": [0, 0, 0.5, 3.7], "texture": "#1"}
			}
		},
		{
			"from": [7.14827, 0.9967, 4.20504],
			"to": [14.64827, 1.2967, 4.55504],
			"rotation": {"angle": 0, "axis": "y", "origin": [10.89913, 1.49583, 2.70087]},
			"faces": {
				"north": {"uv": [0, 0, 1, 7.5], "rotation": 270, "texture": "#1"},
				"east": {"uv": [0, 0, 1, 0.35], "rotation": 270, "texture": "#1"},
				"south": {"uv": [0, 0, 1, 7.5], "rotation": 270, "texture": "#1"},
				"west": {"uv": [0, 0, 1, 0.35], "rotation": 90, "texture": "#1"},
				"up": {"uv": [0, 0, 7.5, 0.35], "rotation": 180, "texture": "#1"},
				"down": {"uv": [0, 0, 7.5, 0.35], "texture": "#1"}
			}
		},
		{
			"from": [-0.55173, 0.9967, 4.20504],
			"to": [6.94827, 1.2967, 4.55504],
			"rotation": {"angle": 0, "axis": "y", "origin": [3.19913, 1.49583, 2.70087]},
			"faces": {
				"north": {"uv": [0, 0, 1, 7.5], "rotation": 270, "texture": "#1"},
				"east": {"uv": [0, 0, 1, 0.35], "rotation": 270, "texture": "#1"},
				"south": {"uv": [0, 0, 1, 7.5], "rotation": 270, "texture": "#1"},
				"west": {"uv": [0, 0, 1, 0.35], "rotation": 90, "texture": "#1"},
				"up": {"uv": [0, 0, 7.5, 0.35], "rotation": 180, "texture": "#1"},
				"down": {"uv": [0, 0, 7.5, 0.35], "texture": "#1"}
			}
		},
		{
			"from": [7.24827, 0.9967, 8.10504],
			"to": [14.74827, 1.2967, 8.45504],
			"rotation": {"angle": 0, "axis": "y", "origin": [10.99913, 1.49583, 6.60087]},
			"faces": {
				"north": {"uv": [0, 0, 1, 7.5], "rotation": 270, "texture": "#1"},
				"east": {"uv": [0, 0, 1, 0.35], "rotation": 270, "texture": "#1"},
				"south": {"uv": [0, 0, 1, 7.5], "rotation": 270, "texture": "#1"},
				"west": {"uv": [0, 0, 1, 0.35], "rotation": 90, "texture": "#1"},
				"up": {"uv": [0, 0, 7.5, 0.35], "rotation": 180, "texture": "#1"},
				"down": {"uv": [0, 0, 7.5, 0.35], "texture": "#1"}
			}
		},
		{
			"from": [7.14827, 0.9967, 8.10504],
			"to": [14.64827, 1.2967, 8.45504],
			"rotation": {"angle": 0, "axis": "y", "origin": [10.89913, 1.49583, 6.60087]},
			"faces": {
				"north": {"uv": [0, 0, 1, 7.5], "rotation": 270, "texture": "#1"},
				"east": {"uv": [0, 0, 1, 0.35], "rotation": 270, "texture": "#1"},
				"south": {"uv": [0, 0, 1, 7.5], "rotation": 270, "texture": "#1"},
				"west": {"uv": [0, 0, 1, 0.35], "rotation": 90, "texture": "#1"},
				"up": {"uv": [0, 0, 7.5, 0.35], "rotation": 180, "texture": "#1"},
				"down": {"uv": [0, 0, 7.5, 0.35], "texture": "#1"}
			}
		},
		{
			"from": [-0.55173, 0.9967, 8.10504],
			"to": [6.94827, 1.2967, 8.45504],
			"rotation": {"angle": 0, "axis": "y", "origin": [3.19913, 1.49583, 6.60087]},
			"faces": {
				"north": {"uv": [0, 0, 1, 7.5], "rotation": 270, "texture": "#1"},
				"east": {"uv": [0, 0, 1, 0.35], "rotation": 270, "texture": "#1"},
				"south": {"uv": [0, 0, 1, 7.5], "rotation": 270, "texture": "#1"},
				"west": {"uv": [0, 0, 1, 0.35], "rotation": 90, "texture": "#1"},
				"up": {"uv": [0, 0, 7.5, 0.35], "rotation": 180, "texture": "#1"},
				"down": {"uv": [0, 0, 7.5, 0.35], "texture": "#1"}
			}
		},
		{
			"from": [3.24827, 0.9967, 12.00504],
			"to": [10.74827, 1.2967, 12.35504],
			"rotation": {"angle": 0, "axis": "y", "origin": [6.99913, 1.49583, 10.50087]},
			"faces": {
				"north": {"uv": [0, 0, 1, 7.5], "rotation": 270, "texture": "#1"},
				"east": {"uv": [0, 0, 1, 0.35], "rotation": 270, "texture": "#1"},
				"south": {"uv": [0, 0, 1, 7.5], "rotation": 270, "texture": "#1"},
				"west": {"uv": [0, 0, 1, 0.35], "rotation": 90, "texture": "#1"},
				"up": {"uv": [0, 0, 7.5, 0.35], "rotation": 180, "texture": "#1"},
				"down": {"uv": [0, 0, 7.5, 0.35], "texture": "#1"}
			}
		},
		{
			"from": [7.14827, 0.9967, 0.80504],
			"to": [14.64827, 1.2967, 1.20504],
			"rotation": {"angle": 0, "axis": "y", "origin": [10.89913, 1.49583, 2.70087]},
			"faces": {
				"north": {"uv": [0, 0, 1, 7.5], "rotation": 270, "texture": "#1"},
				"east": {"uv": [0, 0, 1, 0.4], "rotation": 270, "texture": "#1"},
				"south": {"uv": [0, 0, 1, 7.5], "rotation": 270, "texture": "#1"},
				"west": {"uv": [0, 0, 1, 0.4], "rotation": 90, "texture": "#1"},
				"up": {"uv": [0, 0, 7.5, 0.4], "rotation": 180, "texture": "#1"},
				"down": {"uv": [0, 0, 7.5, 0.4], "texture": "#1"}
			}
		},
		{
			"from": [-0.55173, 0.9967, 0.80504],
			"to": [6.94827, 1.2967, 1.20504],
			"rotation": {"angle": 0, "axis": "y", "origin": [3.19913, 1.49583, 2.70087]},
			"faces": {
				"north": {"uv": [0, 0, 1, 7.5], "rotation": 270, "texture": "#1"},
				"east": {"uv": [0, 0, 1, 0.4], "rotation": 270, "texture": "#1"},
				"south": {"uv": [0, 0, 1, 7.5], "rotation": 270, "texture": "#1"},
				"west": {"uv": [0, 0, 1, 0.4], "rotation": 90, "texture": "#1"},
				"up": {"uv": [0, 0, 7.5, 0.4], "rotation": 180, "texture": "#1"},
				"down": {"uv": [0, 0, 7.5, 0.4], "texture": "#1"}
			}
		},
		{
			"from": [7.24827, 0.9967, 4.70504],
			"to": [14.74827, 1.2967, 5.10504],
			"rotation": {"angle": 0, "axis": "y", "origin": [10.99913, 1.49583, 6.60087]},
			"faces": {
				"north": {"uv": [0, 0, 1, 7.5], "rotation": 270, "texture": "#1"},
				"east": {"uv": [0, 0, 1, 0.4], "rotation": 270, "texture": "#1"},
				"south": {"uv": [0, 0, 1, 7.5], "rotation": 270, "texture": "#1"},
				"west": {"uv": [0, 0, 1, 0.4], "rotation": 90, "texture": "#1"},
				"up": {"uv": [0, 0, 7.5, 0.4], "rotation": 180, "texture": "#1"},
				"down": {"uv": [0, 0, 7.5, 0.4], "texture": "#1"}
			}
		},
		{
			"from": [7.14827, 0.9967, 4.70504],
			"to": [14.64827, 1.2967, 5.10504],
			"rotation": {"angle": 0, "axis": "y", "origin": [10.89913, 1.49583, 6.60087]},
			"faces": {
				"north": {"uv": [0, 0, 1, 7.5], "rotation": 270, "texture": "#1"},
				"east": {"uv": [0, 0, 1, 0.4], "rotation": 270, "texture": "#1"},
				"south": {"uv": [0, 0, 1, 7.5], "rotation": 270, "texture": "#1"},
				"west": {"uv": [0, 0, 1, 0.4], "rotation": 90, "texture": "#1"},
				"up": {"uv": [0, 0, 7.5, 0.4], "rotation": 180, "texture": "#1"},
				"down": {"uv": [0, 0, 7.5, 0.4], "texture": "#1"}
			}
		},
		{
			"from": [-0.55173, 0.9967, 4.70504],
			"to": [6.94827, 1.2967, 5.10504],
			"rotation": {"angle": 0, "axis": "y", "origin": [3.19913, 1.49583, 6.60087]},
			"faces": {
				"north": {"uv": [0, 0, 1, 7.5], "rotation": 270, "texture": "#1"},
				"east": {"uv": [0, 0, 1, 0.4], "rotation": 270, "texture": "#1"},
				"south": {"uv": [0, 0, 1, 7.5], "rotation": 270, "texture": "#1"},
				"west": {"uv": [0, 0, 1, 0.4], "rotation": 90, "texture": "#1"},
				"up": {"uv": [0, 0, 7.5, 0.4], "rotation": 180, "texture": "#1"},
				"down": {"uv": [0, 0, 7.5, 0.4], "texture": "#1"}
			}
		},
		{
			"from": [3.24827, 0.9967, 8.60504],
			"to": [10.74827, 1.2967, 9.00504],
			"rotation": {"angle": 0, "axis": "y", "origin": [6.99913, 1.49583, 10.50087]},
			"faces": {
				"north": {"uv": [0, 0, 1, 7.5], "rotation": 270, "texture": "#1"},
				"east": {"uv": [0, 0, 1, 0.4], "rotation": 270, "texture": "#1"},
				"south": {"uv": [0, 0, 1, 7.5], "rotation": 270, "texture": "#1"},
				"west": {"uv": [0, 0, 1, 0.4], "rotation": 90, "texture": "#1"},
				"up": {"uv": [0, 0, 7.5, 0.4], "rotation": 180, "texture": "#1"},
				"down": {"uv": [0, 0, 7.5, 0.4], "texture": "#1"}
			}
		},
		{
			"from": [8.39827, 0.9467, 1.20504],
			"to": [13.39827, 1.3467, 4.20504],
			"rotation": {"angle": 0, "axis": "y", "origin": [10.89913, 1.49583, 2.70087]},
			"faces": {
				"up": {"uv": [0, 0, 16, 16], "rotation": 180, "texture": "#0"},
				"down": {"uv": [0, 0, 16, 16], "texture": "#0"}
			}
		},
		{
			"from": [0.69827, 0.9467, 1.20504],
			"to": [5.69827, 1.3467, 4.20504],
			"rotation": {"angle": 0, "axis": "y", "origin": [3.19913, 1.49583, 2.70087]},
			"faces": {
				"up": {"uv": [0, 0, 16, 16], "rotation": 180, "texture": "#0"},
				"down": {"uv": [0, 0, 16, 16], "texture": "#0"}
			}
		},
		{
			"from": [8.49827, 0.9467, 5.10504],
			"to": [13.49827, 1.3467, 8.10504],
			"rotation": {"angle": 0, "axis": "y", "origin": [10.99913, 1.49583, 6.60087]},
			"faces": {
				"up": {"uv": [0, 0, 16, 16], "rotation": 180, "texture": "#0"},
				"down": {"uv": [0, 0, 16, 16], "texture": "#0"}
			}
		},
		{
			"from": [8.39827, 0.9467, 5.10504],
			"to": [13.39827, 1.3467, 8.10504],
			"rotation": {"angle": 0, "axis": "y", "origin": [10.89913, 1.49583, 6.60087]},
			"faces": {
				"up": {"uv": [0, 0, 16, 16], "rotation": 180, "texture": "#0"},
				"down": {"uv": [0, 0, 16, 16], "texture": "#0"}
			}
		},
		{
			"from": [0.69827, 0.9467, 5.10504],
			"to": [5.69827, 1.3467, 8.10504],
			"rotation": {"angle": 0, "axis": "y", "origin": [3.19913, 1.49583, 6.60087]},
			"faces": {
				"up": {"uv": [0, 0, 16, 16], "rotation": 180, "texture": "#0"},
				"down": {"uv": [0, 0, 16, 16], "texture": "#0"}
			}
		},
		{
			"from": [4.49827, 0.9467, 9.00504],
			"to": [9.49827, 1.3467, 12.00504],
			"rotation": {"angle": 0, "axis": "y", "origin": [6.99913, 1.49583, 10.50087]},
			"faces": {
				"up": {"uv": [0, 0, 16, 16], "rotation": 180, "texture": "#0"},
				"down": {"uv": [0, 0, 16, 16], "texture": "#0"}
			}
		},
		{
			"from": [-0.8, 0.5, 0.5],
			"to": [14.9, 0.9, 12.4],
			"faces": {
				"north": {"uv": [0, 0, 15.7, 0.4], "texture": "#3"},
				"east": {"uv": [0, 0, 11.9, 0.4], "texture": "#3"},
				"south": {"uv": [0, 0, 15.7, 0.4], "texture": "#3"},
				"west": {"uv": [0, 0, 11.9, 0.4], "texture": "#3"},
				"up": {"uv": [0, 0, 15.7, 11.9], "texture": "#3"},
				"down": {"uv": [0, 0, 15.7, 11.9], "texture": "#3"}
			}
		},
		{
			"from": [-0.8, 5.86278, 1.00605],
			"to": [14.9, 6.26278, 12.90605],
			"rotation": {"angle": 45, "axis": "x", "origin": [7.06123, 3.47966, 7.50375]},
			"faces": {
				"north": {"uv": [0, 0, 15.7, 0.4], "rotation": 180, "texture": "#3"},
				"east": {"uv": [0, 0, 11.9, 0.4], "rotation": 180, "texture": "#3"},
				"south": {"uv": [0, 0, 15.7, 0.4], "rotation": 180, "texture": "#3"},
				"west": {"uv": [0, 0, 11.9, 0.4], "rotation": 180, "texture": "#3"},
				"up": {"uv": [0, 0, 15.7, 11.9], "texture": "#3"},
				"down": {"uv": [0, 0, 15.7, 11.9], "texture": "#3"}
			}
		},
		{
			"from": [14.6, 0.9, 0.5],
			"to": [14.9, 1.4, 12.4],
			"faces": {
				"north": {"uv": [0, 0, 0.3, 0.5], "texture": "#3"},
				"east": {"uv": [0, 0, 11.9, 0.5], "texture": "#3"},
				"south": {"uv": [0, 0, 0.3, 0.5], "texture": "#3"},
				"west": {"uv": [0, 0, 11.9, 0.5], "texture": "#3"},
				"up": {"uv": [0, 0, 0.3, 11.9], "texture": "#3"},
				"down": {"uv": [0, 0, 0.3, 11.9], "texture": "#3"}
			}
		},
		{
			"from": [14.6, 5.36278, 1.00605],
			"to": [14.9, 5.86278, 12.90605],
			"rotation": {"angle": 45, "axis": "x", "origin": [7.06123, 3.47966, 7.50375]},
			"faces": {
				"north": {"uv": [0, 0, 0.3, 0.5], "rotation": 180, "texture": "#3"},
				"east": {"uv": [0, 0, 11.9, 0.5], "rotation": 180, "texture": "#3"},
				"south": {"uv": [0, 0, 0.3, 0.5], "rotation": 180, "texture": "#3"},
				"west": {"uv": [0, 0, 11.9, 0.5], "rotation": 180, "texture": "#3"},
				"up": {"uv": [0, 0, 0.3, 11.9], "texture": "#3"},
				"down": {"uv": [0, 0, 0.3, 11.9], "texture": "#3"}
			}
		},
		{
			"from": [-0.8145, 0.5, 12.36704],
			"to": [14.8855, 1.4, 12.66704],
			"rotation": {"angle": 0, "axis": "y", "origin": [14.75923, 1.16453, 6.42627]},
			"faces": {
				"north": {"uv": [0, 0, 15.7, 0.9], "texture": "#3"},
				"east": {"uv": [0, 0, 0.3, 0.9], "texture": "#3"},
				"south": {"uv": [0, 0, 15.7, 0.9], "texture": "#3"},
				"west": {"uv": [0, 0, 0.3, 0.9], "texture": "#3"},
				"up": {"uv": [0, 0, 0.3, 15.7], "rotation": 90, "texture": "#3"},
				"down": {"uv": [0, 0, 0.3, 15.7], "rotation": 270, "texture": "#3"}
			}
		},
		{
			"from": [-0.8145, 0.5, 12.36704],
			"to": [14.8855, 1.4, 12.66704],
			"rotation": {"angle": 45, "axis": "x", "origin": [7.05569, 0.94045, 12.50638]},
			"faces": {
				"north": {"uv": [0, 0, 15.7, 0.9], "texture": "#3"},
				"east": {"uv": [0, 0, 0.3, 0.9], "texture": "#3"},
				"south": {"uv": [0, 0, 15.7, 0.9], "texture": "#3"},
				"west": {"uv": [0, 0, 0.3, 0.9], "texture": "#3"},
				"up": {"uv": [0, 0, 0.3, 15.7], "rotation": 90, "texture": "#3"},
				"down": {"uv": [0, 0, 0.3, 15.7], "rotation": 270, "texture": "#3"}
			}
		},
		{
			"from": [-0.8145, 5.36278, 0.73901],
			"to": [14.8855, 6.26278, 1.03901],
			"rotation": {"angle": 45, "axis": "x", "origin": [7.06123, 3.47966, 7.50375]},
			"faces": {
				"north": {"uv": [0, 0, 15.7, 0.9], "rotation": 180, "texture": "#3"},
				"east": {"uv": [0, 0, 0.3, 0.9], "rotation": 180, "texture": "#3"},
				"south": {"uv": [0, 0, 15.7, 0.9], "rotation": 180, "texture": "#3"},
				"west": {"uv": [0, 0, 0.3, 0.9], "rotation": 180, "texture": "#3"},
				"up": {"uv": [0, 0, 0.3, 15.7], "rotation": 270, "texture": "#3"},
				"down": {"uv": [0, 0, 0.3, 15.7], "rotation": 90, "texture": "#3"}
			}
		},
		{
			"from": [-0.5145, 0.5, 0.46704],
			"to": [14.6855, 1.4, 0.76704],
			"rotation": {"angle": 0, "axis": "y", "origin": [14.75923, 1.16453, 6.42627]},
			"faces": {
				"north": {"uv": [0, 0, 15.2, 0.9], "texture": "#3"},
				"east": {"uv": [0, 0, 0.3, 0.9], "texture": "#3"},
				"south": {"uv": [0, 0, 15.2, 0.9], "texture": "#3"},
				"west": {"uv": [0, 0, 0.3, 0.9], "texture": "#3"},
				"up": {"uv": [0, 0, 0.3, 15.2], "rotation": 90, "texture": "#3"},
				"down": {"uv": [0, 0, 0.3, 15.2], "rotation": 270, "texture": "#3"}
			}
		},
		{
			"from": [-0.5145, 5.36278, 12.63901],
			"to": [14.6855, 6.26278, 12.93901],
			"rotation": {"angle": 45, "axis": "x", "origin": [7.06123, 3.47966, 7.50375]},
			"faces": {
				"north": {"uv": [0, 0, 15.2, 0.9], "rotation": 180, "texture": "#3"},
				"east": {"uv": [0, 0, 0.3, 0.9], "rotation": 180, "texture": "#3"},
				"south": {"uv": [0, 0, 15.2, 0.9], "rotation": 180, "texture": "#3"},
				"west": {"uv": [0, 0, 0.3, 0.9], "rotation": 180, "texture": "#3"},
				"up": {"uv": [0, 0, 0.3, 15.2], "rotation": 270, "texture": "#3"},
				"down": {"uv": [0, 0, 0.3, 15.2], "rotation": 90, "texture": "#3"}
			}
		},
		{
			"from": [-0.8, 0.9, 0.5],
			"to": [-0.5, 1.4, 12.4],
			"faces": {
				"north": {"uv": [0, 0, 0.3, 0.5], "texture": "#3"},
				"east": {"uv": [0, 0, 11.9, 0.5], "texture": "#3"},
				"south": {"uv": [0, 0, 0.3, 0.5], "texture": "#3"},
				"west": {"uv": [0, 0, 11.9, 0.5], "texture": "#3"},
				"up": {"uv": [0, 0, 0.3, 11.9], "texture": "#3"},
				"down": {"uv": [0, 0, 0.3, 11.9], "texture": "#3"}
			}
		},
		{
			"from": [-0.8, 5.36278, 1.00605],
			"to": [-0.5, 5.86278, 12.90605],
			"rotation": {"angle": 45, "axis": "x", "origin": [7.06123, 3.47966, 7.50375]},
			"faces": {
				"north": {"uv": [0, 0, 0.3, 0.5], "rotation": 180, "texture": "#3"},
				"east": {"uv": [0, 0, 11.9, 0.5], "rotation": 180, "texture": "#3"},
				"south": {"uv": [0, 0, 0.3, 0.5], "rotation": 180, "texture": "#3"},
				"west": {"uv": [0, 0, 11.9, 0.5], "rotation": 180, "texture": "#3"},
				"up": {"uv": [0, 0, 0.3, 11.9], "texture": "#3"},
				"down": {"uv": [0, 0, 0.3, 11.9], "texture": "#3"}
			}
		}
	],
	"display": {
		"thirdperson_righthand": {
			"rotation": [60.75, 3.25, -12.25],
			"translation": [4.75, 5.25, 3.25],
			"scale": [0.84961, 0.7832, 0.68164]
		},
		"thirdperson_lefthand": {
			"rotation": [26.5, 0, -10.75]
		},
		"firstperson_righthand": {
			"rotation": [0, 40, 0],
			"translation": [0, 2.5, 1]
		},
		"firstperson_lefthand": {
			"rotation": [0, 24.75, 0],
			"translation": [0, 1.5, 1.25]
		},
		"ground": {
			"translation": [0, 4.75, 0]
		},
		"gui": {
			"rotation": [32.25, -156, 0],
			"translation": [-0.75, 4.5, 0],
			"scale": [0.68555, 0.82031, 1]
		}
	}
}