{
	"credit": "Made with Blockbench",
	"textures": {
		"0": "items/doller",
		"1": "items/grrennn",
		"2": "items/awm",
		"particle": "items/doller"
	},
	"elements": [
		{
			"from": [7.5, 7, 4.75],
			"to": [8.5, 10, 11.25],
			"faces": {
				"north": {"uv": [0, 0, 1, 3], "texture": "#2"},
				"east": {"uv": [0, 0, 6.5, 3], "texture": "#2"},
				"south": {"uv": [0, 0, 1, 3], "texture": "#2"},
				"west": {"uv": [0, 0, 6.5, 3], "texture": "#2"},
				"up": {"uv": [0, 0, 1, 6.5], "texture": "#2"},
				"down": {"uv": [0, 0, 1, 6.5], "texture": "#2"}
			}
		},
		{
			"from": [7.5, 6.65, 11.25],
			"to": [8.5, 10.35, 11.75],
			"faces": {
				"north": {"uv": [0, 0, 1, 3.7], "texture": "#1"},
				"east": {"uv": [0, 0, 0.5, 3.7], "texture": "#1"},
				"south": {"uv": [0, 0, 1, 3.7], "texture": "#1"},
				"west": {"uv": [0, 0, 0.5, 3.7], "texture": "#1"},
				"up": {"uv": [0, 0, 1, 0.5], "texture": "#1"},
				"down": {"uv": [0, 0, 1, 0.5], "texture": "#1"}
			}
		},
		{
			"from": [7.5, 6.65, 4.25],
			"to": [8.5, 10.35, 4.75],
			"faces": {
				"north": {"uv": [0, 0, 1, 3.7], "texture": "#1"},
				"east": {"uv": [0, 0, 0.5, 3.7], "texture": "#1"},
				"south": {"uv": [0, 0, 1, 3.7], "texture": "#1"},
				"west": {"uv": [0, 0, 0.5, 3.7], "texture": "#1"},
				"up": {"uv": [0, 0, 1, 0.5], "texture": "#1"},
				"down": {"uv": [0, 0, 1, 0.5], "texture": "#1"}
			}
		},
		{
			"from": [7.5, 10, 4.25],
			"to": [8.5, 10.35, 11.75],
			"faces": {
				"north": {"uv": [0, 0, 1, 0.35], "texture": "#1"},
				"east": {"uv": [0, 0, 7.5, 0.35], "texture": "#1"},
				"south": {"uv": [0, 0, 1, 0.35], "texture": "#1"},
				"west": {"uv": [0, 0, 7.5, 0.35], "texture": "#1"},
				"up": {"uv": [0, 0, 1, 7.5], "texture": "#1"},
				"down": {"uv": [0, 0, 1, 7.5], "texture": "#1"}
			}
		},
		{
			"from": [7.5, 6.6, 4.25],
			"to": [8.5, 7, 11.75],
			"faces": {
				"north": {"uv": [0, 0, 1, 0.4], "texture": "#1"},
				"east": {"uv": [0, 0, 7.5, 0.4], "texture": "#1"},
				"south": {"uv": [0, 0, 1, 0.4], "texture": "#1"},
				"west": {"uv": [0, 0, 7.5, 0.4], "texture": "#1"},
				"up": {"uv": [0, 0, 1, 7.5], "texture": "#1"},
				"down": {"uv": [0, 0, 1, 7.5], "texture": "#1"}
			}
		},
		{
			"from": [7.45, 7, 5.5],
			"to": [8.45, 10, 10.5],
			"faces": {
				"east": {"uv": [0, 0, 16, 16], "texture": "#0"},
				"west": {"uv": [0, 0, 16, 16], "texture": "#0"}
			}
		},
		{
			"from": [7.55, 7, 5.5],
			"to": [8.55, 10, 10.5],
			"faces": {
				"east": {"uv": [0, 0, 16, 16], "texture": "#0"},
				"west": {"uv": [0, 0, 16, 16], "texture": "#0"}
			}
		}
	],
	"display": {
		"thirdperson_righthand": {
			"rotation": [15, 0, -12.25],
			"translation": [0, -0.25, 0.5]
		},
		"thirdperson_lefthand": {
			"rotation": [26.5, 0, -10.75]
		},
		"firstperson_righthand": {
			"rotation": [0, 40, 0],
			"translation": [0, 2.5, 1]
		},
		"firstperson_lefthand": {
			"rotation": [0, 24.75, 0],
			"translation": [0, 1.5, 1.25]
		},
		"gui": {
			"rotation": [0, -90, 0],
			"translation": [0.5, -1, 0]
		}
	}
}