{
	"credit": "Made with Blockbench",
	"textures": {
		"0": "items/ak47a01",
		"1": "items/brown",
		"3": "items/aw01",
		"particle": "items/ak47a01"
	},
	"elements": [
		{
			"from": [7.5, 3, 7.4],
			"to": [8.5, 15, 8.4],
			"rotation": {"angle": 0, "axis": "y", "origin": [8, 8, 7.9]},
			"faces": {
				"north": {"uv": [0, 0, 1, 12], "texture": "#1"},
				"east": {"uv": [0, 0, 1, 12], "texture": "#1"},
				"south": {"uv": [0, 0, 1, 12], "texture": "#1"},
				"west": {"uv": [0, 0, 1, 12], "texture": "#1"},
				"up": {"uv": [0, 0, 1, 1], "texture": "#1"},
				"down": {"uv": [0, 0, 1, 1], "texture": "#1"}
			}
		},
		{
			"from": [7.6404, 11, 5.47223],
			"to": [8.3904, 11.5, 7.47223],
			"rotation": {"angle": 0, "axis": "y", "origin": [8.25348, 12.00242, 6.87532]},
			"faces": {
				"north": {"uv": [0, 0, 0.75, 0.5], "texture": "#3"},
				"east": {"uv": [0, 0, 2, 0.5], "texture": "#3"},
				"south": {"uv": [0, 0, 0.75, 0.5], "texture": "#3"},
				"west": {"uv": [0, 0, 2, 0.5], "texture": "#3"},
				"up": {"uv": [0, 0, 0.75, 2], "texture": "#3"},
				"down": {"uv": [0, 0, 0.75, 2], "texture": "#3"}
			}
		},
		{
			"from": [7.8904, 11, 4.47223],
			"to": [8.1404, 11.5, 6.47223],
			"rotation": {"angle": 0, "axis": "y", "origin": [8.25348, 12.00242, 5.87532]},
			"faces": {
				"north": {"uv": [0, 0, 0.25, 0.5], "texture": "#3"},
				"east": {"uv": [0, 0, 2, 0.5], "texture": "#3"},
				"south": {"uv": [0, 0, 0.25, 0.5], "texture": "#3"},
				"west": {"uv": [0, 0, 2, 0.5], "texture": "#3"},
				"up": {"uv": [0, 0, 0.25, 2], "texture": "#3"},
				"down": {"uv": [0, 0, 0.25, 2], "texture": "#3"}
			}
		},
		{
			"from": [7.6404, 12.7, 4.97223],
			"to": [8.3904, 13.7, 7.47223],
			"rotation": {"angle": 0, "axis": "y", "origin": [8.25348, 12.00242, 6.87532]},
			"faces": {
				"north": {"uv": [0, 0, 0.75, 1], "texture": "#3"},
				"east": {"uv": [0, 0, 2.5, 1], "texture": "#3"},
				"south": {"uv": [0, 0, 0.75, 1], "texture": "#3"},
				"west": {"uv": [0, 0, 2.5, 1], "texture": "#3"},
				"up": {"uv": [0, 0, 0.75, 2.5], "texture": "#3"},
				"down": {"uv": [0, 0, 0.75, 2.5], "texture": "#3"}
			}
		},
		{
			"from": [7.8904, 12.7, 3.97223],
			"to": [8.1404, 13.7, 6.47223],
			"rotation": {"angle": 0, "axis": "y", "origin": [8.25348, 12.00242, 5.87532]},
			"faces": {
				"north": {"uv": [0, 0, 0.25, 1], "texture": "#3"},
				"east": {"uv": [0, 0, 2.5, 1], "texture": "#3"},
				"south": {"uv": [0, 0, 0.25, 1], "texture": "#3"},
				"west": {"uv": [0, 0, 2.5, 1], "texture": "#3"},
				"up": {"uv": [0, 0, 0.25, 2.5], "texture": "#3"},
				"down": {"uv": [0, 0, 0.25, 2.5], "texture": "#3"}
			}
		},
		{
			"from": [7.6404, 11.45, 5.22223],
			"to": [8.3904, 12.7, 7.47223],
			"rotation": {"angle": 0, "axis": "y", "origin": [8.25348, 12.00242, 6.87532]},
			"faces": {
				"north": {"uv": [0, 0, 0.75, 1.25], "texture": "#3"},
				"east": {"uv": [0, 0, 2.25, 1.25], "texture": "#3"},
				"south": {"uv": [0, 0, 0.75, 1.25], "texture": "#3"},
				"west": {"uv": [0, 0, 2.25, 1.25], "texture": "#3"},
				"up": {"uv": [0, 0, 0.75, 2.25], "texture": "#3"},
				"down": {"uv": [0, 0, 0.75, 2.25], "texture": "#3"}
			}
		},
		{
			"from": [7.8904, 11.45, 4.22223],
			"to": [8.1404, 12.7, 6.47223],
			"rotation": {"angle": 0, "axis": "y", "origin": [8.25348, 12.00242, 5.87532]},
			"faces": {
				"north": {"uv": [0, 0, 0.25, 1.25], "texture": "#3"},
				"east": {"uv": [0, 0, 2.25, 1.25], "texture": "#3"},
				"south": {"uv": [0, 0, 0.25, 1.25], "texture": "#3"},
				"west": {"uv": [0, 0, 2.25, 1.25], "texture": "#3"},
				"up": {"uv": [0, 0, 0.25, 2.25], "texture": "#3"},
				"down": {"uv": [0, 0, 0.25, 2.25], "texture": "#3"}
			}
		},
		{
			"from": [7.6404, 13.7, 5.22223],
			"to": [8.3904, 13.95, 7.47223],
			"rotation": {"angle": 0, "axis": "y", "origin": [8.25348, 12.00242, 6.87532]},
			"faces": {
				"north": {"uv": [0, 0, 0.75, 0.25], "texture": "#3"},
				"east": {"uv": [0, 0, 2.25, 0.25], "texture": "#3"},
				"south": {"uv": [0, 0, 0.75, 0.25], "texture": "#3"},
				"west": {"uv": [0, 0, 2.25, 0.25], "texture": "#3"},
				"up": {"uv": [0, 0, 0.75, 2.25], "texture": "#3"},
				"down": {"uv": [0, 0, 0.75, 2.25], "texture": "#3"}
			}
		},
		{
			"from": [7.8904, 13.45, 4.22223],
			"to": [8.1404, 13.95, 6.47223],
			"rotation": {"angle": 0, "axis": "y", "origin": [8.25348, 12.00242, 5.87532]},
			"faces": {
				"north": {"uv": [0, 0, 0.25, 0.5], "texture": "#3"},
				"east": {"uv": [0, 0, 2.25, 0.5], "texture": "#3"},
				"south": {"uv": [0, 0, 0.25, 0.5], "texture": "#3"},
				"west": {"uv": [0, 0, 2.25, 0.5], "texture": "#3"},
				"up": {"uv": [0, 0, 0.25, 2.25], "texture": "#3"},
				"down": {"uv": [0, 0, 0.25, 2.25], "texture": "#3"}
			}
		},
		{
			"from": [7.8904, 13.7, 5.22223],
			"to": [8.1404, 14.2, 7.47223],
			"rotation": {"angle": 0, "axis": "y", "origin": [8.25348, 12.00242, 5.87532]},
			"faces": {
				"north": {"uv": [0, 0, 0.25, 0.5], "texture": "#3"},
				"east": {"uv": [0, 0, 2.25, 0.5], "texture": "#3"},
				"south": {"uv": [0, 0, 0.25, 0.5], "texture": "#3"},
				"west": {"uv": [0, 0, 2.25, 0.5], "texture": "#3"},
				"up": {"uv": [0, 0, 0.25, 2.25], "texture": "#3"},
				"down": {"uv": [0, 0, 0.25, 2.25], "texture": "#3"}
			}
		},
		{
			"from": [7.8904, 10.7, 5.22223],
			"to": [8.1404, 11.2, 7.47223],
			"rotation": {"angle": 0, "axis": "y", "origin": [8.25348, 12.00242, 5.87532]},
			"faces": {
				"north": {"uv": [0, 0, 0.25, 0.5], "texture": "#3"},
				"east": {"uv": [0, 0, 2.25, 0.5], "texture": "#3"},
				"south": {"uv": [0, 0, 0.25, 0.5], "texture": "#3"},
				"west": {"uv": [0, 0, 2.25, 0.5], "texture": "#3"},
				"up": {"uv": [0, 0, 0.25, 2.25], "texture": "#3"},
				"down": {"uv": [0, 0, 0.25, 2.25], "texture": "#3"}
			}
		},
		{
			"from": [7.4, 10.99696, 7.33989],
			"to": [8.6, 13.99696, 8.33989],
			"rotation": {"angle": 45, "axis": "x", "origin": [7.99205, 12.50212, 7.85282]},
			"faces": {
				"north": {"uv": [0, 0, 1.2, 3], "texture": "#0"},
				"east": {"uv": [0, 0, 1, 3], "texture": "#0"},
				"south": {"uv": [0, 0, 1.2, 3], "texture": "#0"},
				"west": {"uv": [0, 0, 1, 3], "texture": "#0"},
				"up": {"uv": [0, 0, 1.2, 1], "texture": "#0"},
				"down": {"uv": [0, 0, 1.2, 1], "texture": "#0"}
			}
		},
		{
			"from": [7.4, 11.00021, 7.34674],
			"to": [8.6, 14.00021, 8.34674],
			"rotation": {"angle": -45, "axis": "x", "origin": [7.99205, 12.50212, 7.85282]},
			"faces": {
				"north": {"uv": [0, 0, 1.2, 3], "texture": "#0"},
				"east": {"uv": [0, 0, 1, 3], "texture": "#0"},
				"south": {"uv": [0, 0, 1.2, 3], "texture": "#0"},
				"west": {"uv": [0, 0, 1, 3], "texture": "#0"},
				"up": {"uv": [0, 0, 1.2, 1], "texture": "#0"},
				"down": {"uv": [0, 0, 1.2, 1], "texture": "#0"}
			}
		}
	],
	"display": {
		"thirdperson_righthand": {
			"translation": [0, -0.25, 1]
		},
		"firstperson_righthand": {
			"rotation": [-27.25, -5.5, 0],
			"translation": [1.75, 2.25, 1.5]
		},
		"gui": {
			"rotation": [0, -90, 0]
		}
	}
}