{
	"credit": "Made with Blockbench",
	"textures": {
		"0": "items/brown",
		"1": "items/diamonad",
		"particle": "items/brown"
	},
	"elements": [
		{
			"from": [5.75, 6, 5.75],
			"to": [10.25, 7, 6.25],
			"rotation": {"angle": 0, "axis": "y", "origin": [8, 7, 8]},
			"faces": {
				"north": {"uv": [0, 0, 4.5, 1], "texture": "#0"},
				"east": {"uv": [0, 0, 4.5, 1], "texture": "#0"},
				"south": {"uv": [0, 0, 4.5, 1], "texture": "#0"},
				"west": {"uv": [0, 0, 4.5, 1], "texture": "#0"},
				"up": {"uv": [0, 0, 4.5, 4.5], "texture": "#0"},
				"down": {"uv": [0, 0, 4.5, 4.5], "texture": "#0"}
			}
		},
		{
			"from": [5.75, 8.9, 5.75],
			"to": [10.25, 9.9, 6.25],
			"rotation": {"angle": 0, "axis": "y", "origin": [8, 9.9, 8]},
			"faces": {
				"north": {"uv": [0, 0, 4.5, 1], "texture": "#0"},
				"east": {"uv": [0, 0, 4.5, 1], "texture": "#0"},
				"south": {"uv": [0, 0, 4.5, 1], "texture": "#0"},
				"west": {"uv": [0, 0, 4.5, 1], "texture": "#0"},
				"up": {"uv": [0, 0, 4.5, 4.5], "texture": "#0"},
				"down": {"uv": [0, 0, 4.5, 4.5], "texture": "#0"}
			}
		},
		{
			"from": [5.75, 6, 6.25],
			"to": [6.25, 7, 9.75],
			"rotation": {"angle": 0, "axis": "y", "origin": [8, 7, 8]},
			"faces": {
				"north": {"uv": [0, 0, 4.5, 1], "texture": "#0"},
				"east": {"uv": [0, 0, 4.5, 1], "texture": "#0"},
				"south": {"uv": [0, 0, 4.5, 1], "texture": "#0"},
				"west": {"uv": [0, 0, 4.5, 1], "texture": "#0"},
				"up": {"uv": [0, 0, 4.5, 4.5], "texture": "#0"},
				"down": {"uv": [0, 0, 4.5, 4.5], "texture": "#0"}
			}
		},
		{
			"from": [5.75, 8.9, 6.25],
			"to": [6.25, 9.9, 9.75],
			"rotation": {"angle": 0, "axis": "y", "origin": [8, 9.9, 8]},
			"faces": {
				"north": {"uv": [0, 0, 4.5, 1], "texture": "#0"},
				"east": {"uv": [0, 0, 4.5, 1], "texture": "#0"},
				"south": {"uv": [0, 0, 4.5, 1], "texture": "#0"},
				"west": {"uv": [0, 0, 4.5, 1], "texture": "#0"},
				"up": {"uv": [0, 0, 4.5, 4.5], "texture": "#0"},
				"down": {"uv": [0, 0, 4.5, 4.5], "texture": "#0"}
			}
		},
		{
			"from": [9.75, 6, 6.25],
			"to": [10.25, 7, 9.75],
			"rotation": {"angle": 0, "axis": "y", "origin": [8, 7, 8]},
			"faces": {
				"north": {"uv": [0, 0, 4.5, 1], "texture": "#0"},
				"east": {"uv": [0, 0, 4.5, 1], "texture": "#0"},
				"south": {"uv": [0, 0, 4.5, 1], "texture": "#0"},
				"west": {"uv": [0, 0, 4.5, 1], "texture": "#0"},
				"up": {"uv": [0, 0, 4.5, 4.5], "texture": "#0"},
				"down": {"uv": [0, 0, 4.5, 4.5], "texture": "#0"}
			}
		},
		{
			"from": [9.75, 8.9, 6.25],
			"to": [10.25, 9.9, 9.75],
			"rotation": {"angle": 0, "axis": "y", "origin": [8, 9.9, 8]},
			"faces": {
				"north": {"uv": [0, 0, 4.5, 1], "texture": "#0"},
				"east": {"uv": [0, 0, 4.5, 1], "texture": "#0"},
				"south": {"uv": [0, 0, 4.5, 1], "texture": "#0"},
				"west": {"uv": [0, 0, 4.5, 1], "texture": "#0"},
				"up": {"uv": [0, 0, 4.5, 4.5], "texture": "#0"},
				"down": {"uv": [0, 0, 4.5, 4.5], "texture": "#0"}
			}
		},
		{
			"from": [5.75, 6, 9.65],
			"to": [10.25, 7, 10.25],
			"rotation": {"angle": 0, "axis": "y", "origin": [8, 7, 8]},
			"faces": {
				"north": {"uv": [0, 0, 4.5, 1], "texture": "#0"},
				"east": {"uv": [0, 0, 4.5, 1], "texture": "#0"},
				"south": {"uv": [0, 0, 4.5, 1], "texture": "#0"},
				"west": {"uv": [0, 0, 4.5, 1], "texture": "#0"},
				"up": {"uv": [0, 0, 4.5, 4.5], "texture": "#0"},
				"down": {"uv": [0, 0, 4.5, 4.5], "texture": "#0"}
			}
		},
		{
			"from": [5.75, 8.9, 9.65],
			"to": [10.25, 9.9, 10.25],
			"rotation": {"angle": 0, "axis": "y", "origin": [8, 9.9, 8]},
			"faces": {
				"north": {"uv": [0, 0, 4.5, 1], "texture": "#0"},
				"east": {"uv": [0, 0, 4.5, 1], "texture": "#0"},
				"south": {"uv": [0, 0, 4.5, 1], "texture": "#0"},
				"west": {"uv": [0, 0, 4.5, 1], "texture": "#0"},
				"up": {"uv": [0, 0, 4.5, 4.5], "texture": "#0"},
				"down": {"uv": [0, 0, 4.5, 4.5], "texture": "#0"}
			}
		},
		{
			"from": [7.7, 6, 3.7],
			"to": [8.3, 6.75, 5.75],
			"faces": {
				"north": {"uv": [0, 0, 1.6, 1], "texture": "#0"},
				"east": {"uv": [0, 0, 0.15, 1], "texture": "#0"},
				"south": {"uv": [0, 0, 1.6, 1], "texture": "#0"},
				"west": {"uv": [0, 0, 0.15, 1], "texture": "#0"},
				"up": {"uv": [0, 0, 1.6, 0.15], "texture": "#0"},
				"down": {"uv": [0, 0, 1.6, 0.15], "texture": "#0"}
			}
		},
		{
			"from": [7.63167, 6, 10.26459],
			"to": [8.23167, 6.75, 12.31459],
			"rotation": {"angle": 0, "axis": "y", "origin": [7.96583, 4.55775, 12.75729]},
			"faces": {
				"north": {"uv": [0, 0, 1.6, 1], "texture": "#0"},
				"east": {"uv": [0, 0, 0.15, 1], "texture": "#0"},
				"south": {"uv": [0, 0, 1.6, 1], "texture": "#0"},
				"west": {"uv": [0, 0, 0.15, 1], "texture": "#0"},
				"up": {"uv": [0, 0, 1.6, 0.15], "rotation": 180, "texture": "#0"},
				"down": {"uv": [0, 0, 1.6, 0.15], "rotation": 180, "texture": "#0"}
			}
		},
		{
			"from": [10.22313, 6, 7.74146],
			"to": [12.27313, 6.75, 8.34146],
			"rotation": {"angle": 0, "axis": "y", "origin": [12.71583, 4.55775, 8.00729]},
			"faces": {
				"north": {"uv": [0, 0, 0.15, 1], "texture": "#0"},
				"east": {"uv": [0, 0, 1.6, 1], "texture": "#0"},
				"south": {"uv": [0, 0, 0.15, 1], "texture": "#0"},
				"west": {"uv": [0, 0, 1.6, 1], "texture": "#0"},
				"up": {"uv": [0, 0, 1.6, 0.15], "rotation": 90, "texture": "#0"},
				"down": {"uv": [0, 0, 1.6, 0.15], "rotation": 270, "texture": "#0"}
			}
		},
		{
			"from": [3.70854, 6, 7.67313],
			"to": [5.75854, 6.75, 8.27313],
			"rotation": {"angle": 0, "axis": "y", "origin": [3.26583, 4.55775, 8.00729]},
			"faces": {
				"north": {"uv": [0, 0, 0.15, 1], "texture": "#0"},
				"east": {"uv": [0, 0, 1.6, 1], "texture": "#0"},
				"south": {"uv": [0, 0, 0.15, 1], "texture": "#0"},
				"west": {"uv": [0, 0, 1.6, 1], "texture": "#0"},
				"up": {"uv": [0, 0, 1.6, 0.15], "rotation": 270, "texture": "#0"},
				"down": {"uv": [0, 0, 1.6, 0.15], "rotation": 90, "texture": "#0"}
			}
		},
		{
			"from": [7.7, 4.7, 3.2],
			"to": [8.3, 6.75, 3.75],
			"faces": {
				"north": {"uv": [0, 0, 1.6, 1], "texture": "#0"},
				"east": {"uv": [0, 0, 0.15, 1], "texture": "#0"},
				"south": {"uv": [0, 0, 1.6, 1], "texture": "#0"},
				"west": {"uv": [0, 0, 0.15, 1], "texture": "#0"},
				"up": {"uv": [0, 0, 1.6, 0.15], "texture": "#0"},
				"down": {"uv": [0, 0, 1.6, 0.15], "texture": "#0"}
			}
		},
		{
			"from": [7.7, 6.9, 5.7],
			"to": [8.3, 8.95, 6.25],
			"faces": {
				"north": {"uv": [0, 0, 1.6, 1], "texture": "#0"},
				"east": {"uv": [0, 0, 0.15, 1], "texture": "#0"},
				"south": {"uv": [0, 0, 1.6, 1], "texture": "#0"},
				"west": {"uv": [0, 0, 0.15, 1], "texture": "#0"},
				"up": {"uv": [0, 0, 1.6, 0.15], "texture": "#0"},
				"down": {"uv": [0, 0, 1.6, 0.15], "texture": "#0"}
			}
		},
		{
			"from": [7.7, 6.9, 9.7],
			"to": [8.3, 8.95, 10.25],
			"faces": {
				"north": {"uv": [0, 0, 1.6, 1], "texture": "#0"},
				"east": {"uv": [0, 0, 0.15, 1], "texture": "#0"},
				"south": {"uv": [0, 0, 1.6, 1], "texture": "#0"},
				"west": {"uv": [0, 0, 0.15, 1], "texture": "#0"},
				"up": {"uv": [0, 0, 1.6, 0.15], "texture": "#0"},
				"down": {"uv": [0, 0, 1.6, 0.15], "texture": "#0"}
			}
		},
		{
			"from": [9.7, 6.9, 7.7],
			"to": [10.3, 8.95, 8.35],
			"faces": {
				"north": {"uv": [0, 0, 1.6, 1], "texture": "#0"},
				"east": {"uv": [0, 0, 0.15, 1], "texture": "#0"},
				"south": {"uv": [0, 0, 1.6, 1], "texture": "#0"},
				"west": {"uv": [0, 0, 0.15, 1], "texture": "#0"},
				"up": {"uv": [0, 0, 1.6, 0.15], "texture": "#0"},
				"down": {"uv": [0, 0, 1.6, 0.15], "texture": "#0"}
			}
		},
		{
			"from": [5.7, 6.9, 7.7],
			"to": [6.3, 8.95, 8.35],
			"faces": {
				"north": {"uv": [0, 0, 1.6, 1], "texture": "#0"},
				"east": {"uv": [0, 0, 0.15, 1], "texture": "#0"},
				"south": {"uv": [0, 0, 1.6, 1], "texture": "#0"},
				"west": {"uv": [0, 0, 0.15, 1], "texture": "#0"},
				"up": {"uv": [0, 0, 1.6, 0.15], "texture": "#0"},
				"down": {"uv": [0, 0, 1.6, 0.15], "texture": "#0"}
			}
		},
		{
			"from": [7.63167, 4.7, 12.26459],
			"to": [8.23167, 6.75, 12.81459],
			"rotation": {"angle": 0, "axis": "y", "origin": [7.96583, 4.55775, 12.75729]},
			"faces": {
				"north": {"uv": [0, 0, 1.6, 1], "texture": "#0"},
				"east": {"uv": [0, 0, 0.15, 1], "texture": "#0"},
				"south": {"uv": [0, 0, 1.6, 1], "texture": "#0"},
				"west": {"uv": [0, 0, 0.15, 1], "texture": "#0"},
				"up": {"uv": [0, 0, 1.6, 0.15], "rotation": 180, "texture": "#0"},
				"down": {"uv": [0, 0, 1.6, 0.15], "rotation": 180, "texture": "#0"}
			}
		},
		{
			"from": [12.22313, 4.7, 7.74146],
			"to": [12.77313, 6.75, 8.34146],
			"rotation": {"angle": 0, "axis": "y", "origin": [12.71583, 4.55775, 8.00729]},
			"faces": {
				"north": {"uv": [0, 0, 0.15, 1], "texture": "#0"},
				"east": {"uv": [0, 0, 1.6, 1], "texture": "#0"},
				"south": {"uv": [0, 0, 0.15, 1], "texture": "#0"},
				"west": {"uv": [0, 0, 1.6, 1], "texture": "#0"},
				"up": {"uv": [0, 0, 1.6, 0.15], "rotation": 90, "texture": "#0"},
				"down": {"uv": [0, 0, 1.6, 0.15], "rotation": 270, "texture": "#0"}
			}
		},
		{
			"from": [3.20854, 4.7, 7.67313],
			"to": [3.75854, 6.75, 8.27313],
			"rotation": {"angle": 0, "axis": "y", "origin": [3.26583, 4.55775, 8.00729]},
			"faces": {
				"north": {"uv": [0, 0, 0.15, 1], "texture": "#0"},
				"east": {"uv": [0, 0, 1.6, 1], "texture": "#0"},
				"south": {"uv": [0, 0, 0.15, 1], "texture": "#0"},
				"west": {"uv": [0, 0, 1.6, 1], "texture": "#0"},
				"up": {"uv": [0, 0, 1.6, 0.15], "rotation": 270, "texture": "#0"},
				"down": {"uv": [0, 0, 1.6, 0.15], "rotation": 90, "texture": "#0"}
			}
		},
		{
			"from": [7.3, 4.2, 3.15],
			"to": [8.6, 6.75, 3.2],
			"faces": {
				"north": {"uv": [0, 0, 1.6, 1], "texture": "#1"},
				"east": {"uv": [0, 0, 0.15, 1], "texture": "#1"},
				"south": {"uv": [0, 0, 1.6, 1], "texture": "#1"},
				"west": {"uv": [0, 0, 0.15, 1], "texture": "#1"},
				"up": {"uv": [0, 0, 1.6, 0.15], "texture": "#1"},
				"down": {"uv": [0, 0, 1.6, 0.15], "texture": "#1"}
			}
		},
		{
			"from": [7.33167, 4.2, 12.81459],
			"to": [8.63167, 6.75, 12.86459],
			"rotation": {"angle": 0, "axis": "y", "origin": [7.96583, 4.55775, 12.75729]},
			"faces": {
				"north": {"uv": [0, 0, 1.6, 1], "texture": "#1"},
				"east": {"uv": [0, 0, 0.15, 1], "texture": "#1"},
				"south": {"uv": [0, 0, 1.6, 1], "texture": "#1"},
				"west": {"uv": [0, 0, 0.15, 1], "texture": "#1"},
				"up": {"uv": [0, 0, 1.6, 0.15], "rotation": 180, "texture": "#1"},
				"down": {"uv": [0, 0, 1.6, 0.15], "rotation": 180, "texture": "#1"}
			}
		},
		{
			"from": [12.77313, 4.2, 7.34146],
			"to": [12.82313, 6.75, 8.64146],
			"rotation": {"angle": 0, "axis": "y", "origin": [12.71583, 4.55775, 8.00729]},
			"faces": {
				"north": {"uv": [0, 0, 0.15, 1], "texture": "#1"},
				"east": {"uv": [0, 0, 1.6, 1], "texture": "#1"},
				"south": {"uv": [0, 0, 0.15, 1], "texture": "#1"},
				"west": {"uv": [0, 0, 1.6, 1], "texture": "#1"},
				"up": {"uv": [0, 0, 1.6, 0.15], "rotation": 90, "texture": "#1"},
				"down": {"uv": [0, 0, 1.6, 0.15], "rotation": 270, "texture": "#1"}
			}
		},
		{
			"from": [3.15854, 4.2, 7.37313],
			"to": [3.20854, 6.75, 8.67313],
			"rotation": {"angle": 0, "axis": "y", "origin": [3.26583, 4.55775, 8.00729]},
			"faces": {
				"north": {"uv": [0, 0, 0.15, 1], "texture": "#1"},
				"east": {"uv": [0, 0, 1.6, 1], "texture": "#1"},
				"south": {"uv": [0, 0, 0.15, 1], "texture": "#1"},
				"west": {"uv": [0, 0, 1.6, 1], "texture": "#1"},
				"up": {"uv": [0, 0, 1.6, 0.15], "rotation": 270, "texture": "#1"},
				"down": {"uv": [0, 0, 1.6, 0.15], "rotation": 90, "texture": "#1"}
			}
		},
		{
			"from": [7.4, 4.3, 3.1],
			"to": [8.5, 6.65, 3.15],
			"rotation": {"angle": 0, "axis": "y", "origin": [8, 8, 7.9]},
			"faces": {
				"north": {"uv": [0, 0, 1.6, 1], "texture": "#1"},
				"east": {"uv": [0, 0, 0.15, 1], "texture": "#1"},
				"south": {"uv": [0, 0, 1.6, 1], "texture": "#1"},
				"west": {"uv": [0, 0, 0.15, 1], "texture": "#1"},
				"up": {"uv": [0, 0, 1.6, 0.15], "texture": "#1"},
				"down": {"uv": [0, 0, 1.6, 0.15], "texture": "#1"}
			}
		},
		{
			"from": [7.43167, 4.3, 12.86459],
			"to": [8.53167, 6.65, 12.91459],
			"rotation": {"angle": 0, "axis": "y", "origin": [7.96583, 4.55775, 12.75729]},
			"faces": {
				"north": {"uv": [0, 0, 1.6, 1], "texture": "#1"},
				"east": {"uv": [0, 0, 0.15, 1], "texture": "#1"},
				"south": {"uv": [0, 0, 1.6, 1], "texture": "#1"},
				"west": {"uv": [0, 0, 0.15, 1], "texture": "#1"},
				"up": {"uv": [0, 0, 1.6, 0.15], "rotation": 180, "texture": "#1"},
				"down": {"uv": [0, 0, 1.6, 0.15], "rotation": 180, "texture": "#1"}
			}
		},
		{
			"from": [12.82313, 4.3, 7.44146],
			"to": [12.87313, 6.65, 8.54146],
			"rotation": {"angle": 0, "axis": "y", "origin": [12.71583, 4.55775, 8.00729]},
			"faces": {
				"north": {"uv": [0, 0, 0.15, 1], "texture": "#1"},
				"east": {"uv": [0, 0, 1.6, 1], "texture": "#1"},
				"south": {"uv": [0, 0, 0.15, 1], "texture": "#1"},
				"west": {"uv": [0, 0, 1.6, 1], "texture": "#1"},
				"up": {"uv": [0, 0, 1.6, 0.15], "rotation": 90, "texture": "#1"},
				"down": {"uv": [0, 0, 1.6, 0.15], "rotation": 270, "texture": "#1"}
			}
		},
		{
			"from": [3.10854, 4.3, 7.47313],
			"to": [3.15854, 6.65, 8.57313],
			"rotation": {"angle": 0, "axis": "y", "origin": [3.26583, 4.55775, 8.00729]},
			"faces": {
				"north": {"uv": [0, 0, 0.15, 1], "texture": "#1"},
				"east": {"uv": [0, 0, 1.6, 1], "texture": "#1"},
				"south": {"uv": [0, 0, 0.15, 1], "texture": "#1"},
				"west": {"uv": [0, 0, 1.6, 1], "texture": "#1"},
				"up": {"uv": [0, 0, 1.6, 0.15], "rotation": 270, "texture": "#1"},
				"down": {"uv": [0, 0, 1.6, 0.15], "rotation": 90, "texture": "#1"}
			}
		},
		{
			"from": [7.4, 4.1, 3.15],
			"to": [8.5, 4.25, 3.2],
			"faces": {
				"north": {"uv": [0, 0, 1.6, 1], "texture": "#1"},
				"east": {"uv": [0, 0, 0.15, 1], "texture": "#1"},
				"south": {"uv": [0, 0, 1.6, 1], "texture": "#1"},
				"west": {"uv": [0, 0, 0.15, 1], "texture": "#1"},
				"up": {"uv": [0, 0, 1.6, 0.15], "texture": "#1"},
				"down": {"uv": [0, 0, 1.6, 0.15], "texture": "#1"}
			}
		},
		{
			"from": [7.43167, 4.1, 12.81459],
			"to": [8.53167, 4.25, 12.86459],
			"rotation": {"angle": 0, "axis": "y", "origin": [7.96583, 4.55775, 12.75729]},
			"faces": {
				"north": {"uv": [0, 0, 1.6, 1], "texture": "#1"},
				"east": {"uv": [0, 0, 0.15, 1], "texture": "#1"},
				"south": {"uv": [0, 0, 1.6, 1], "texture": "#1"},
				"west": {"uv": [0, 0, 0.15, 1], "texture": "#1"},
				"up": {"uv": [0, 0, 1.6, 0.15], "rotation": 180, "texture": "#1"},
				"down": {"uv": [0, 0, 1.6, 0.15], "rotation": 180, "texture": "#1"}
			}
		},
		{
			"from": [12.77313, 4.1, 7.44146],
			"to": [12.82313, 4.25, 8.54146],
			"rotation": {"angle": 0, "axis": "y", "origin": [12.71583, 4.55775, 8.00729]},
			"faces": {
				"north": {"uv": [0, 0, 0.15, 1], "texture": "#1"},
				"east": {"uv": [0, 0, 1.6, 1], "texture": "#1"},
				"south": {"uv": [0, 0, 0.15, 1], "texture": "#1"},
				"west": {"uv": [0, 0, 1.6, 1], "texture": "#1"},
				"up": {"uv": [0, 0, 1.6, 0.15], "rotation": 90, "texture": "#1"},
				"down": {"uv": [0, 0, 1.6, 0.15], "rotation": 270, "texture": "#1"}
			}
		},
		{
			"from": [3.15854, 4.1, 7.47313],
			"to": [3.20854, 4.25, 8.57313],
			"rotation": {"angle": 0, "axis": "y", "origin": [3.26583, 4.55775, 8.00729]},
			"faces": {
				"north": {"uv": [0, 0, 0.15, 1], "texture": "#1"},
				"east": {"uv": [0, 0, 1.6, 1], "texture": "#1"},
				"south": {"uv": [0, 0, 0.15, 1], "texture": "#1"},
				"west": {"uv": [0, 0, 1.6, 1], "texture": "#1"},
				"up": {"uv": [0, 0, 1.6, 0.15], "rotation": 270, "texture": "#1"},
				"down": {"uv": [0, 0, 1.6, 0.15], "rotation": 90, "texture": "#1"}
			}
		},
		{
			"from": [7.5, 4.2, 3.1],
			"to": [8.4, 4.2, 3.15],
			"rotation": {"angle": 0, "axis": "y", "origin": [8, 8, 7.9]},
			"faces": {
				"north": {"uv": [0, 0, 1.6, 1], "texture": "#1"},
				"east": {"uv": [0, 0, 0.15, 1], "texture": "#1"},
				"south": {"uv": [0, 0, 1.6, 1], "texture": "#1"},
				"west": {"uv": [0, 0, 0.15, 1], "texture": "#1"},
				"up": {"uv": [0, 0, 1.6, 0.15], "texture": "#1"},
				"down": {"uv": [0, 0, 1.6, 0.15], "texture": "#1"}
			}
		},
		{
			"from": [7.53167, 4.2, 12.86459],
			"to": [8.43167, 4.2, 12.91459],
			"rotation": {"angle": 0, "axis": "y", "origin": [7.96583, 4.55775, 12.75729]},
			"faces": {
				"north": {"uv": [0, 0, 1.6, 1], "texture": "#1"},
				"east": {"uv": [0, 0, 0.15, 1], "texture": "#1"},
				"south": {"uv": [0, 0, 1.6, 1], "texture": "#1"},
				"west": {"uv": [0, 0, 0.15, 1], "texture": "#1"},
				"up": {"uv": [0, 0, 1.6, 0.15], "rotation": 180, "texture": "#1"},
				"down": {"uv": [0, 0, 1.6, 0.15], "rotation": 180, "texture": "#1"}
			}
		},
		{
			"from": [12.82313, 4.2, 7.54146],
			"to": [12.87313, 4.2, 8.44146],
			"rotation": {"angle": 0, "axis": "y", "origin": [12.71583, 4.55775, 8.00729]},
			"faces": {
				"north": {"uv": [0, 0, 0.15, 1], "texture": "#1"},
				"east": {"uv": [0, 0, 1.6, 1], "texture": "#1"},
				"south": {"uv": [0, 0, 0.15, 1], "texture": "#1"},
				"west": {"uv": [0, 0, 1.6, 1], "texture": "#1"},
				"up": {"uv": [0, 0, 1.6, 0.15], "rotation": 90, "texture": "#1"},
				"down": {"uv": [0, 0, 1.6, 0.15], "rotation": 270, "texture": "#1"}
			}
		},
		{
			"from": [3.10854, 4.2, 7.57313],
			"to": [3.15854, 4.2, 8.47313],
			"rotation": {"angle": 0, "axis": "y", "origin": [3.26583, 4.55775, 8.00729]},
			"faces": {
				"north": {"uv": [0, 0, 0.15, 1], "texture": "#1"},
				"east": {"uv": [0, 0, 1.6, 1], "texture": "#1"},
				"south": {"uv": [0, 0, 0.15, 1], "texture": "#1"},
				"west": {"uv": [0, 0, 1.6, 1], "texture": "#1"},
				"up": {"uv": [0, 0, 1.6, 0.15], "rotation": 270, "texture": "#1"},
				"down": {"uv": [0, 0, 1.6, 0.15], "rotation": 90, "texture": "#1"}
			}
		},
		{
			"from": [7.5, 4, 3.15],
			"to": [8.4, 4.15, 3.2],
			"faces": {
				"north": {"uv": [0, 0, 1.6, 1], "texture": "#1"},
				"east": {"uv": [0, 0, 0.15, 1], "texture": "#1"},
				"south": {"uv": [0, 0, 1.6, 1], "texture": "#1"},
				"west": {"uv": [0, 0, 0.15, 1], "texture": "#1"},
				"up": {"uv": [0, 0, 1.6, 0.15], "texture": "#1"},
				"down": {"uv": [0, 0, 1.6, 0.15], "texture": "#1"}
			}
		},
		{
			"from": [7.53167, 4, 12.81459],
			"to": [8.43167, 4.15, 12.86459],
			"rotation": {"angle": 0, "axis": "y", "origin": [7.96583, 4.55775, 12.75729]},
			"faces": {
				"north": {"uv": [0, 0, 1.6, 1], "texture": "#1"},
				"east": {"uv": [0, 0, 0.15, 1], "texture": "#1"},
				"south": {"uv": [0, 0, 1.6, 1], "texture": "#1"},
				"west": {"uv": [0, 0, 0.15, 1], "texture": "#1"},
				"up": {"uv": [0, 0, 1.6, 0.15], "rotation": 180, "texture": "#1"},
				"down": {"uv": [0, 0, 1.6, 0.15], "rotation": 180, "texture": "#1"}
			}
		},
		{
			"from": [12.77313, 4, 7.54146],
			"to": [12.82313, 4.15, 8.44146],
			"rotation": {"angle": 0, "axis": "y", "origin": [12.71583, 4.55775, 8.00729]},
			"faces": {
				"north": {"uv": [0, 0, 0.15, 1], "texture": "#1"},
				"east": {"uv": [0, 0, 1.6, 1], "texture": "#1"},
				"south": {"uv": [0, 0, 0.15, 1], "texture": "#1"},
				"west": {"uv": [0, 0, 1.6, 1], "texture": "#1"},
				"up": {"uv": [0, 0, 1.6, 0.15], "rotation": 90, "texture": "#1"},
				"down": {"uv": [0, 0, 1.6, 0.15], "rotation": 270, "texture": "#1"}
			}
		},
		{
			"from": [3.15854, 4, 7.57313],
			"to": [3.20854, 4.15, 8.47313],
			"rotation": {"angle": 0, "axis": "y", "origin": [3.26583, 4.55775, 8.00729]},
			"faces": {
				"north": {"uv": [0, 0, 0.15, 1], "texture": "#1"},
				"east": {"uv": [0, 0, 1.6, 1], "texture": "#1"},
				"south": {"uv": [0, 0, 0.15, 1], "texture": "#1"},
				"west": {"uv": [0, 0, 1.6, 1], "texture": "#1"},
				"up": {"uv": [0, 0, 1.6, 0.15], "rotation": 270, "texture": "#1"},
				"down": {"uv": [0, 0, 1.6, 0.15], "rotation": 90, "texture": "#1"}
			}
		},
		{
			"from": [7.6, 4.1, 3.1],
			"to": [8.3, 4.1, 3.15],
			"rotation": {"angle": 0, "axis": "y", "origin": [8, 8, 7.9]},
			"faces": {
				"north": {"uv": [0, 0, 1.6, 1], "texture": "#1"},
				"east": {"uv": [0, 0, 0.15, 1], "texture": "#1"},
				"south": {"uv": [0, 0, 1.6, 1], "texture": "#1"},
				"west": {"uv": [0, 0, 0.15, 1], "texture": "#1"},
				"up": {"uv": [0, 0, 1.6, 0.15], "texture": "#1"},
				"down": {"uv": [0, 0, 1.6, 0.15], "texture": "#1"}
			}
		},
		{
			"from": [7.63167, 4.1, 12.86459],
			"to": [8.33167, 4.1, 12.91459],
			"rotation": {"angle": 0, "axis": "y", "origin": [7.96583, 4.55775, 12.75729]},
			"faces": {
				"north": {"uv": [0, 0, 1.6, 1], "texture": "#1"},
				"east": {"uv": [0, 0, 0.15, 1], "texture": "#1"},
				"south": {"uv": [0, 0, 1.6, 1], "texture": "#1"},
				"west": {"uv": [0, 0, 0.15, 1], "texture": "#1"},
				"up": {"uv": [0, 0, 1.6, 0.15], "rotation": 180, "texture": "#1"},
				"down": {"uv": [0, 0, 1.6, 0.15], "rotation": 180, "texture": "#1"}
			}
		},
		{
			"from": [12.82313, 4.1, 7.64146],
			"to": [12.87313, 4.1, 8.34146],
			"rotation": {"angle": 0, "axis": "y", "origin": [12.71583, 4.55775, 8.00729]},
			"faces": {
				"north": {"uv": [0, 0, 0.15, 1], "texture": "#1"},
				"east": {"uv": [0, 0, 1.6, 1], "texture": "#1"},
				"south": {"uv": [0, 0, 0.15, 1], "texture": "#1"},
				"west": {"uv": [0, 0, 1.6, 1], "texture": "#1"},
				"up": {"uv": [0, 0, 1.6, 0.15], "rotation": 90, "texture": "#1"},
				"down": {"uv": [0, 0, 1.6, 0.15], "rotation": 270, "texture": "#1"}
			}
		},
		{
			"from": [3.10854, 4.1, 7.67313],
			"to": [3.15854, 4.1, 8.37313],
			"rotation": {"angle": 0, "axis": "y", "origin": [3.26583, 4.55775, 8.00729]},
			"faces": {
				"north": {"uv": [0, 0, 0.15, 1], "texture": "#1"},
				"east": {"uv": [0, 0, 1.6, 1], "texture": "#1"},
				"south": {"uv": [0, 0, 0.15, 1], "texture": "#1"},
				"west": {"uv": [0, 0, 1.6, 1], "texture": "#1"},
				"up": {"uv": [0, 0, 1.6, 0.15], "rotation": 270, "texture": "#1"},
				"down": {"uv": [0, 0, 1.6, 0.15], "rotation": 90, "texture": "#1"}
			}
		},
		{
			"from": [7.6, 3.9, 3.15],
			"to": [8.3, 4.05, 3.2],
			"faces": {
				"north": {"uv": [0, 0, 1.6, 1], "texture": "#1"},
				"east": {"uv": [0, 0, 0.15, 1], "texture": "#1"},
				"south": {"uv": [0, 0, 1.6, 1], "texture": "#1"},
				"west": {"uv": [0, 0, 0.15, 1], "texture": "#1"},
				"up": {"uv": [0, 0, 1.6, 0.15], "texture": "#1"},
				"down": {"uv": [0, 0, 1.6, 0.15], "texture": "#1"}
			}
		},
		{
			"from": [7.63167, 3.9, 12.81459],
			"to": [8.33167, 4.05, 12.86459],
			"rotation": {"angle": 0, "axis": "y", "origin": [7.96583, 4.55775, 12.75729]},
			"faces": {
				"north": {"uv": [0, 0, 1.6, 1], "texture": "#1"},
				"east": {"uv": [0, 0, 0.15, 1], "texture": "#1"},
				"south": {"uv": [0, 0, 1.6, 1], "texture": "#1"},
				"west": {"uv": [0, 0, 0.15, 1], "texture": "#1"},
				"up": {"uv": [0, 0, 1.6, 0.15], "rotation": 180, "texture": "#1"},
				"down": {"uv": [0, 0, 1.6, 0.15], "rotation": 180, "texture": "#1"}
			}
		},
		{
			"from": [12.77313, 3.9, 7.64146],
			"to": [12.82313, 4.05, 8.34146],
			"rotation": {"angle": 0, "axis": "y", "origin": [12.71583, 4.55775, 8.00729]},
			"faces": {
				"north": {"uv": [0, 0, 0.15, 1], "texture": "#1"},
				"east": {"uv": [0, 0, 1.6, 1], "texture": "#1"},
				"south": {"uv": [0, 0, 0.15, 1], "texture": "#1"},
				"west": {"uv": [0, 0, 1.6, 1], "texture": "#1"},
				"up": {"uv": [0, 0, 1.6, 0.15], "rotation": 90, "texture": "#1"},
				"down": {"uv": [0, 0, 1.6, 0.15], "rotation": 270, "texture": "#1"}
			}
		},
		{
			"from": [3.15854, 3.9, 7.67313],
			"to": [3.20854, 4.05, 8.37313],
			"rotation": {"angle": 0, "axis": "y", "origin": [3.26583, 4.55775, 8.00729]},
			"faces": {
				"north": {"uv": [0, 0, 0.15, 1], "texture": "#1"},
				"east": {"uv": [0, 0, 1.6, 1], "texture": "#1"},
				"south": {"uv": [0, 0, 0.15, 1], "texture": "#1"},
				"west": {"uv": [0, 0, 1.6, 1], "texture": "#1"},
				"up": {"uv": [0, 0, 1.6, 0.15], "rotation": 270, "texture": "#1"},
				"down": {"uv": [0, 0, 1.6, 0.15], "rotation": 90, "texture": "#1"}
			}
		},
		{
			"from": [7.7, 4, 3.1],
			"to": [8.2, 4, 3.15],
			"rotation": {"angle": 0, "axis": "y", "origin": [8, 8, 7.9]},
			"faces": {
				"north": {"uv": [0, 0, 1.6, 1], "texture": "#1"},
				"east": {"uv": [0, 0, 0.15, 1], "texture": "#1"},
				"south": {"uv": [0, 0, 1.6, 1], "texture": "#1"},
				"west": {"uv": [0, 0, 0.15, 1], "texture": "#1"},
				"up": {"uv": [0, 0, 1.6, 0.15], "texture": "#1"},
				"down": {"uv": [0, 0, 1.6, 0.15], "texture": "#1"}
			}
		},
		{
			"from": [7.73167, 4, 12.86459],
			"to": [8.23167, 4, 12.91459],
			"rotation": {"angle": 0, "axis": "y", "origin": [7.96583, 4.55775, 12.75729]},
			"faces": {
				"north": {"uv": [0, 0, 1.6, 1], "texture": "#1"},
				"east": {"uv": [0, 0, 0.15, 1], "texture": "#1"},
				"south": {"uv": [0, 0, 1.6, 1], "texture": "#1"},
				"west": {"uv": [0, 0, 0.15, 1], "texture": "#1"},
				"up": {"uv": [0, 0, 1.6, 0.15], "rotation": 180, "texture": "#1"},
				"down": {"uv": [0, 0, 1.6, 0.15], "rotation": 180, "texture": "#1"}
			}
		},
		{
			"from": [12.82313, 4, 7.74146],
			"to": [12.87313, 4, 8.24146],
			"rotation": {"angle": 0, "axis": "y", "origin": [12.71583, 4.55775, 8.00729]},
			"faces": {
				"north": {"uv": [0, 0, 0.15, 1], "texture": "#1"},
				"east": {"uv": [0, 0, 1.6, 1], "texture": "#1"},
				"south": {"uv": [0, 0, 0.15, 1], "texture": "#1"},
				"west": {"uv": [0, 0, 1.6, 1], "texture": "#1"},
				"up": {"uv": [0, 0, 1.6, 0.15], "rotation": 90, "texture": "#1"},
				"down": {"uv": [0, 0, 1.6, 0.15], "rotation": 270, "texture": "#1"}
			}
		},
		{
			"from": [3.10854, 4, 7.77313],
			"to": [3.15854, 4, 8.27313],
			"rotation": {"angle": 0, "axis": "y", "origin": [3.26583, 4.55775, 8.00729]},
			"faces": {
				"north": {"uv": [0, 0, 0.15, 1], "texture": "#1"},
				"east": {"uv": [0, 0, 1.6, 1], "texture": "#1"},
				"south": {"uv": [0, 0, 0.15, 1], "texture": "#1"},
				"west": {"uv": [0, 0, 1.6, 1], "texture": "#1"},
				"up": {"uv": [0, 0, 1.6, 0.15], "rotation": 270, "texture": "#1"},
				"down": {"uv": [0, 0, 1.6, 0.15], "rotation": 90, "texture": "#1"}
			}
		},
		{
			"from": [7.7, 3.8, 3.15],
			"to": [8.2, 3.95, 3.2],
			"faces": {
				"north": {"uv": [0, 0, 1.6, 1], "texture": "#1"},
				"east": {"uv": [0, 0, 0.15, 1], "texture": "#1"},
				"south": {"uv": [0, 0, 1.6, 1], "texture": "#1"},
				"west": {"uv": [0, 0, 0.15, 1], "texture": "#1"},
				"up": {"uv": [0, 0, 1.6, 0.15], "texture": "#1"},
				"down": {"uv": [0, 0, 1.6, 0.15], "texture": "#1"}
			}
		},
		{
			"from": [7.73167, 3.8, 12.81459],
			"to": [8.23167, 3.95, 12.86459],
			"rotation": {"angle": 0, "axis": "y", "origin": [7.96583, 4.55775, 12.75729]},
			"faces": {
				"north": {"uv": [0, 0, 1.6, 1], "texture": "#1"},
				"east": {"uv": [0, 0, 0.15, 1], "texture": "#1"},
				"south": {"uv": [0, 0, 1.6, 1], "texture": "#1"},
				"west": {"uv": [0, 0, 0.15, 1], "texture": "#1"},
				"up": {"uv": [0, 0, 1.6, 0.15], "rotation": 180, "texture": "#1"},
				"down": {"uv": [0, 0, 1.6, 0.15], "rotation": 180, "texture": "#1"}
			}
		},
		{
			"from": [12.77313, 3.8, 7.74146],
			"to": [12.82313, 3.95, 8.24146],
			"rotation": {"angle": 0, "axis": "y", "origin": [12.71583, 4.55775, 8.00729]},
			"faces": {
				"north": {"uv": [0, 0, 0.15, 1], "texture": "#1"},
				"east": {"uv": [0, 0, 1.6, 1], "texture": "#1"},
				"south": {"uv": [0, 0, 0.15, 1], "texture": "#1"},
				"west": {"uv": [0, 0, 1.6, 1], "texture": "#1"},
				"up": {"uv": [0, 0, 1.6, 0.15], "rotation": 90, "texture": "#1"},
				"down": {"uv": [0, 0, 1.6, 0.15], "rotation": 270, "texture": "#1"}
			}
		},
		{
			"from": [3.15854, 3.8, 7.77313],
			"to": [3.20854, 3.95, 8.27313],
			"rotation": {"angle": 0, "axis": "y", "origin": [3.26583, 4.55775, 8.00729]},
			"faces": {
				"north": {"uv": [0, 0, 0.15, 1], "texture": "#1"},
				"east": {"uv": [0, 0, 1.6, 1], "texture": "#1"},
				"south": {"uv": [0, 0, 0.15, 1], "texture": "#1"},
				"west": {"uv": [0, 0, 1.6, 1], "texture": "#1"},
				"up": {"uv": [0, 0, 1.6, 0.15], "rotation": 270, "texture": "#1"},
				"down": {"uv": [0, 0, 1.6, 0.15], "rotation": 90, "texture": "#1"}
			}
		},
		{
			"from": [7.8, 3.9, 3.1],
			"to": [8.1, 3.9, 3.15],
			"rotation": {"angle": 0, "axis": "y", "origin": [8, 8, 7.9]},
			"faces": {
				"north": {"uv": [0, 0, 1.6, 1], "texture": "#1"},
				"east": {"uv": [0, 0, 0.15, 1], "texture": "#1"},
				"south": {"uv": [0, 0, 1.6, 1], "texture": "#1"},
				"west": {"uv": [0, 0, 0.15, 1], "texture": "#1"},
				"up": {"uv": [0, 0, 1.6, 0.15], "texture": "#1"},
				"down": {"uv": [0, 0, 1.6, 0.15], "texture": "#1"}
			}
		},
		{
			"from": [7.83167, 3.9, 12.86459],
			"to": [8.13167, 3.9, 12.91459],
			"rotation": {"angle": 0, "axis": "y", "origin": [7.96583, 4.55775, 12.75729]},
			"faces": {
				"north": {"uv": [0, 0, 1.6, 1], "texture": "#1"},
				"east": {"uv": [0, 0, 0.15, 1], "texture": "#1"},
				"south": {"uv": [0, 0, 1.6, 1], "texture": "#1"},
				"west": {"uv": [0, 0, 0.15, 1], "texture": "#1"},
				"up": {"uv": [0, 0, 1.6, 0.15], "rotation": 180, "texture": "#1"},
				"down": {"uv": [0, 0, 1.6, 0.15], "rotation": 180, "texture": "#1"}
			}
		},
		{
			"from": [12.82313, 3.9, 7.84146],
			"to": [12.87313, 3.9, 8.14146],
			"rotation": {"angle": 0, "axis": "y", "origin": [12.71583, 4.55775, 8.00729]},
			"faces": {
				"north": {"uv": [0, 0, 0.15, 1], "texture": "#1"},
				"east": {"uv": [0, 0, 1.6, 1], "texture": "#1"},
				"south": {"uv": [0, 0, 0.15, 1], "texture": "#1"},
				"west": {"uv": [0, 0, 1.6, 1], "texture": "#1"},
				"up": {"uv": [0, 0, 1.6, 0.15], "rotation": 90, "texture": "#1"},
				"down": {"uv": [0, 0, 1.6, 0.15], "rotation": 270, "texture": "#1"}
			}
		},
		{
			"from": [3.10854, 3.9, 7.87313],
			"to": [3.15854, 3.9, 8.17313],
			"rotation": {"angle": 0, "axis": "y", "origin": [3.26583, 4.55775, 8.00729]},
			"faces": {
				"north": {"uv": [0, 0, 0.15, 1], "texture": "#1"},
				"east": {"uv": [0, 0, 1.6, 1], "texture": "#1"},
				"south": {"uv": [0, 0, 0.15, 1], "texture": "#1"},
				"west": {"uv": [0, 0, 1.6, 1], "texture": "#1"},
				"up": {"uv": [0, 0, 1.6, 0.15], "rotation": 270, "texture": "#1"},
				"down": {"uv": [0, 0, 1.6, 0.15], "rotation": 90, "texture": "#1"}
			}
		},
		{
			"from": [7.8, 3.7, 3.15],
			"to": [8.1, 3.85, 3.2],
			"faces": {
				"north": {"uv": [0, 0, 1.6, 1], "texture": "#1"},
				"east": {"uv": [0, 0, 0.15, 1], "texture": "#1"},
				"south": {"uv": [0, 0, 1.6, 1], "texture": "#1"},
				"west": {"uv": [0, 0, 0.15, 1], "texture": "#1"},
				"up": {"uv": [0, 0, 1.6, 0.15], "texture": "#1"},
				"down": {"uv": [0, 0, 1.6, 0.15], "texture": "#1"}
			}
		},
		{
			"from": [7.83167, 3.7, 12.81459],
			"to": [8.13167, 3.85, 12.86459],
			"rotation": {"angle": 0, "axis": "y", "origin": [7.96583, 4.55775, 12.75729]},
			"faces": {
				"north": {"uv": [0, 0, 1.6, 1], "texture": "#1"},
				"east": {"uv": [0, 0, 0.15, 1], "texture": "#1"},
				"south": {"uv": [0, 0, 1.6, 1], "texture": "#1"},
				"west": {"uv": [0, 0, 0.15, 1], "texture": "#1"},
				"up": {"uv": [0, 0, 1.6, 0.15], "rotation": 180, "texture": "#1"},
				"down": {"uv": [0, 0, 1.6, 0.15], "rotation": 180, "texture": "#1"}
			}
		},
		{
			"from": [12.77313, 3.7, 7.84146],
			"to": [12.82313, 3.85, 8.14146],
			"rotation": {"angle": 0, "axis": "y", "origin": [12.71583, 4.55775, 8.00729]},
			"faces": {
				"north": {"uv": [0, 0, 0.15, 1], "texture": "#1"},
				"east": {"uv": [0, 0, 1.6, 1], "texture": "#1"},
				"south": {"uv": [0, 0, 0.15, 1], "texture": "#1"},
				"west": {"uv": [0, 0, 1.6, 1], "texture": "#1"},
				"up": {"uv": [0, 0, 1.6, 0.15], "rotation": 90, "texture": "#1"},
				"down": {"uv": [0, 0, 1.6, 0.15], "rotation": 270, "texture": "#1"}
			}
		},
		{
			"from": [3.15854, 3.7, 7.87313],
			"to": [3.20854, 3.85, 8.17313],
			"rotation": {"angle": 0, "axis": "y", "origin": [3.26583, 4.55775, 8.00729]},
			"faces": {
				"north": {"uv": [0, 0, 0.15, 1], "texture": "#1"},
				"east": {"uv": [0, 0, 1.6, 1], "texture": "#1"},
				"south": {"uv": [0, 0, 0.15, 1], "texture": "#1"},
				"west": {"uv": [0, 0, 1.6, 1], "texture": "#1"},
				"up": {"uv": [0, 0, 1.6, 0.15], "rotation": 270, "texture": "#1"},
				"down": {"uv": [0, 0, 1.6, 0.15], "rotation": 90, "texture": "#1"}
			}
		},
		{
			"from": [7.9, 3.8, 3.1],
			"to": [8, 3.8, 3.15],
			"rotation": {"angle": 0, "axis": "y", "origin": [8, 8, 7.9]},
			"faces": {
				"north": {"uv": [0, 0, 1.6, 1], "texture": "#1"},
				"east": {"uv": [0, 0, 0.15, 1], "texture": "#1"},
				"south": {"uv": [0, 0, 1.6, 1], "texture": "#1"},
				"west": {"uv": [0, 0, 0.15, 1], "texture": "#1"},
				"up": {"uv": [0, 0, 1.6, 0.15], "texture": "#1"},
				"down": {"uv": [0, 0, 1.6, 0.15], "texture": "#1"}
			}
		},
		{
			"from": [7.93167, 3.8, 12.86459],
			"to": [8.03167, 3.8, 12.91459],
			"rotation": {"angle": 0, "axis": "y", "origin": [7.96583, 4.55775, 12.75729]},
			"faces": {
				"north": {"uv": [0, 0, 1.6, 1], "texture": "#1"},
				"east": {"uv": [0, 0, 0.15, 1], "texture": "#1"},
				"south": {"uv": [0, 0, 1.6, 1], "texture": "#1"},
				"west": {"uv": [0, 0, 0.15, 1], "texture": "#1"},
				"up": {"uv": [0, 0, 1.6, 0.15], "rotation": 180, "texture": "#1"},
				"down": {"uv": [0, 0, 1.6, 0.15], "rotation": 180, "texture": "#1"}
			}
		},
		{
			"from": [12.82313, 3.8, 7.94146],
			"to": [12.87313, 3.8, 8.04146],
			"rotation": {"angle": 0, "axis": "y", "origin": [12.71583, 4.55775, 8.00729]},
			"faces": {
				"north": {"uv": [0, 0, 0.15, 1], "texture": "#1"},
				"east": {"uv": [0, 0, 1.6, 1], "texture": "#1"},
				"south": {"uv": [0, 0, 0.15, 1], "texture": "#1"},
				"west": {"uv": [0, 0, 1.6, 1], "texture": "#1"},
				"up": {"uv": [0, 0, 1.6, 0.15], "rotation": 90, "texture": "#1"},
				"down": {"uv": [0, 0, 1.6, 0.15], "rotation": 270, "texture": "#1"}
			}
		},
		{
			"from": [3.10854, 3.8, 7.97313],
			"to": [3.15854, 3.8, 8.07313],
			"rotation": {"angle": 0, "axis": "y", "origin": [3.26583, 4.55775, 8.00729]},
			"faces": {
				"north": {"uv": [0, 0, 0.15, 1], "texture": "#1"},
				"east": {"uv": [0, 0, 1.6, 1], "texture": "#1"},
				"south": {"uv": [0, 0, 0.15, 1], "texture": "#1"},
				"west": {"uv": [0, 0, 1.6, 1], "texture": "#1"},
				"up": {"uv": [0, 0, 1.6, 0.15], "rotation": 270, "texture": "#1"},
				"down": {"uv": [0, 0, 1.6, 0.15], "rotation": 90, "texture": "#1"}
			}
		},
		{
			"from": [7.85, 3.6, 3.15],
			"to": [8.05, 3.75, 3.2],
			"faces": {
				"north": {"uv": [0, 0, 1.6, 1], "texture": "#1"},
				"east": {"uv": [0, 0, 0.15, 1], "texture": "#1"},
				"south": {"uv": [0, 0, 1.6, 1], "texture": "#1"},
				"west": {"uv": [0, 0, 0.15, 1], "texture": "#1"},
				"up": {"uv": [0, 0, 1.6, 0.15], "texture": "#1"},
				"down": {"uv": [0, 0, 1.6, 0.15], "texture": "#1"}
			}
		},
		{
			"from": [7.88167, 3.6, 12.81459],
			"to": [8.08167, 3.75, 12.86459],
			"rotation": {"angle": 0, "axis": "y", "origin": [7.96583, 4.55775, 12.75729]},
			"faces": {
				"north": {"uv": [0, 0, 1.6, 1], "texture": "#1"},
				"east": {"uv": [0, 0, 0.15, 1], "texture": "#1"},
				"south": {"uv": [0, 0, 1.6, 1], "texture": "#1"},
				"west": {"uv": [0, 0, 0.15, 1], "texture": "#1"},
				"up": {"uv": [0, 0, 1.6, 0.15], "rotation": 180, "texture": "#1"},
				"down": {"uv": [0, 0, 1.6, 0.15], "rotation": 180, "texture": "#1"}
			}
		},
		{
			"from": [12.77313, 3.6, 7.89146],
			"to": [12.82313, 3.75, 8.09146],
			"rotation": {"angle": 0, "axis": "y", "origin": [12.71583, 4.55775, 8.00729]},
			"faces": {
				"north": {"uv": [0, 0, 0.15, 1], "texture": "#1"},
				"east": {"uv": [0, 0, 1.6, 1], "texture": "#1"},
				"south": {"uv": [0, 0, 0.15, 1], "texture": "#1"},
				"west": {"uv": [0, 0, 1.6, 1], "texture": "#1"},
				"up": {"uv": [0, 0, 1.6, 0.15], "rotation": 90, "texture": "#1"},
				"down": {"uv": [0, 0, 1.6, 0.15], "rotation": 270, "texture": "#1"}
			}
		},
		{
			"from": [3.15854, 3.6, 7.92313],
			"to": [3.20854, 3.75, 8.12313],
			"rotation": {"angle": 0, "axis": "y", "origin": [3.26583, 4.55775, 8.00729]},
			"faces": {
				"north": {"uv": [0, 0, 0.15, 1], "texture": "#1"},
				"east": {"uv": [0, 0, 1.6, 1], "texture": "#1"},
				"south": {"uv": [0, 0, 0.15, 1], "texture": "#1"},
				"west": {"uv": [0, 0, 1.6, 1], "texture": "#1"},
				"up": {"uv": [0, 0, 1.6, 0.15], "rotation": 270, "texture": "#1"},
				"down": {"uv": [0, 0, 1.6, 0.15], "rotation": 90, "texture": "#1"}
			}
		},
		{
			"from": [7.95, 3.7, 3.1],
			"to": [7.95, 3.7, 3.15],
			"rotation": {"angle": 0, "axis": "y", "origin": [8, 8, 7.9]},
			"faces": {
				"north": {"uv": [0, 0, 1.6, 1], "texture": "#1"},
				"east": {"uv": [0, 0, 0.15, 1], "texture": "#1"},
				"south": {"uv": [0, 0, 1.6, 1], "texture": "#1"},
				"west": {"uv": [0, 0, 0.15, 1], "texture": "#1"},
				"up": {"uv": [0, 0, 1.6, 0.15], "texture": "#1"},
				"down": {"uv": [0, 0, 1.6, 0.15], "texture": "#1"}
			}
		},
		{
			"from": [7.2, 4.3, 3.15],
			"to": [8.7, 6.65, 3.2],
			"faces": {
				"north": {"uv": [0, 0, 1.6, 1], "texture": "#1"},
				"east": {"uv": [0, 0, 0.15, 1], "texture": "#1"},
				"south": {"uv": [0, 0, 1.6, 1], "texture": "#1"},
				"west": {"uv": [0, 0, 0.15, 1], "texture": "#1"},
				"up": {"uv": [0, 0, 1.6, 0.15], "texture": "#1"},
				"down": {"uv": [0, 0, 1.6, 0.15], "texture": "#1"}
			}
		},
		{
			"from": [7.23167, 4.3, 12.81459],
			"to": [8.73167, 6.65, 12.86459],
			"rotation": {"angle": 0, "axis": "y", "origin": [7.96583, 4.55775, 12.75729]},
			"faces": {
				"north": {"uv": [0, 0, 1.6, 1], "texture": "#1"},
				"east": {"uv": [0, 0, 0.15, 1], "texture": "#1"},
				"south": {"uv": [0, 0, 1.6, 1], "texture": "#1"},
				"west": {"uv": [0, 0, 0.15, 1], "texture": "#1"},
				"up": {"uv": [0, 0, 1.6, 0.15], "rotation": 180, "texture": "#1"},
				"down": {"uv": [0, 0, 1.6, 0.15], "rotation": 180, "texture": "#1"}
			}
		},
		{
			"from": [12.77313, 4.3, 7.24146],
			"to": [12.82313, 6.65, 8.74146],
			"rotation": {"angle": 0, "axis": "y", "origin": [12.71583, 4.55775, 8.00729]},
			"faces": {
				"north": {"uv": [0, 0, 0.15, 1], "texture": "#1"},
				"east": {"uv": [0, 0, 1.6, 1], "texture": "#1"},
				"south": {"uv": [0, 0, 0.15, 1], "texture": "#1"},
				"west": {"uv": [0, 0, 1.6, 1], "texture": "#1"},
				"up": {"uv": [0, 0, 1.6, 0.15], "rotation": 90, "texture": "#1"},
				"down": {"uv": [0, 0, 1.6, 0.15], "rotation": 270, "texture": "#1"}
			}
		},
		{
			"from": [3.15854, 4.3, 7.27313],
			"to": [3.20854, 6.65, 8.77313],
			"rotation": {"angle": 0, "axis": "y", "origin": [3.26583, 4.55775, 8.00729]},
			"faces": {
				"north": {"uv": [0, 0, 0.15, 1], "texture": "#1"},
				"east": {"uv": [0, 0, 1.6, 1], "texture": "#1"},
				"south": {"uv": [0, 0, 0.15, 1], "texture": "#1"},
				"west": {"uv": [0, 0, 1.6, 1], "texture": "#1"},
				"up": {"uv": [0, 0, 1.6, 0.15], "rotation": 270, "texture": "#1"},
				"down": {"uv": [0, 0, 1.6, 0.15], "rotation": 90, "texture": "#1"}
			}
		},
		{
			"from": [7.3, 4.4, 3.1],
			"to": [8.6, 6.55, 3.15],
			"rotation": {"angle": 0, "axis": "y", "origin": [8, 8, 7.9]},
			"faces": {
				"north": {"uv": [0, 0, 1.6, 1], "texture": "#1"},
				"east": {"uv": [0, 0, 0.15, 1], "texture": "#1"},
				"south": {"uv": [0, 0, 1.6, 1], "texture": "#1"},
				"west": {"uv": [0, 0, 0.15, 1], "texture": "#1"},
				"up": {"uv": [0, 0, 1.6, 0.15], "texture": "#1"},
				"down": {"uv": [0, 0, 1.6, 0.15], "texture": "#1"}
			}
		},
		{
			"from": [7.33167, 4.4, 12.86459],
			"to": [8.63167, 6.55, 12.91459],
			"rotation": {"angle": 0, "axis": "y", "origin": [7.96583, 4.55775, 12.75729]},
			"faces": {
				"north": {"uv": [0, 0, 1.6, 1], "texture": "#1"},
				"east": {"uv": [0, 0, 0.15, 1], "texture": "#1"},
				"south": {"uv": [0, 0, 1.6, 1], "texture": "#1"},
				"west": {"uv": [0, 0, 0.15, 1], "texture": "#1"},
				"up": {"uv": [0, 0, 1.6, 0.15], "rotation": 180, "texture": "#1"},
				"down": {"uv": [0, 0, 1.6, 0.15], "rotation": 180, "texture": "#1"}
			}
		},
		{
			"from": [12.82313, 4.4, 7.34146],
			"to": [12.87313, 6.55, 8.64146],
			"rotation": {"angle": 0, "axis": "y", "origin": [12.71583, 4.55775, 8.00729]},
			"faces": {
				"north": {"uv": [0, 0, 0.15, 1], "texture": "#1"},
				"east": {"uv": [0, 0, 1.6, 1], "texture": "#1"},
				"south": {"uv": [0, 0, 0.15, 1], "texture": "#1"},
				"west": {"uv": [0, 0, 1.6, 1], "texture": "#1"},
				"up": {"uv": [0, 0, 1.6, 0.15], "rotation": 90, "texture": "#1"},
				"down": {"uv": [0, 0, 1.6, 0.15], "rotation": 270, "texture": "#1"}
			}
		},
		{
			"from": [3.10854, 4.4, 7.37313],
			"to": [3.15854, 6.55, 8.67313],
			"rotation": {"angle": 0, "axis": "y", "origin": [3.26583, 4.55775, 8.00729]},
			"faces": {
				"north": {"uv": [0, 0, 0.15, 1], "texture": "#1"},
				"east": {"uv": [0, 0, 1.6, 1], "texture": "#1"},
				"south": {"uv": [0, 0, 0.15, 1], "texture": "#1"},
				"west": {"uv": [0, 0, 1.6, 1], "texture": "#1"},
				"up": {"uv": [0, 0, 1.6, 0.15], "rotation": 270, "texture": "#1"},
				"down": {"uv": [0, 0, 1.6, 0.15], "rotation": 90, "texture": "#1"}
			}
		}
	],
	"display": {
		"thirdperson_righthand": {
			"rotation": [90, 0, 0],
			"translation": [0, -2, 2.25]
		},
		"thirdperson_lefthand": {
			"rotation": [90, 0, 0],
			"translation": [0, -2, 2.25]
		},
		"gui": {
			"rotation": [0, -180, 0]
		}
	}
}