{
	"credit": "Made with Blockbench",
	"textures": {
		"2": "items/orao",
		"particle": "items/orao"
	},
	"elements": [
		{
			"from": [6.2, 0, 7.2],
			"to": [8.8, 0.25, 9.8],
			"faces": {
				"north": {"uv": [0, 10.5, 0, 10.5], "texture": "#2"},
				"east": {"uv": [0, 10.5, 0, 10.5], "texture": "#2"},
				"south": {"uv": [0, 10.5, 0, 10.5], "texture": "#2"},
				"west": {"uv": [0, 10.5, 0, 10.5], "texture": "#2"},
				"up": {"uv": [0, 10.5, 0, 10.5], "texture": "#2"},
				"down": {"uv": [0, 10.5, 0, 10.5], "texture": "#2"}
			}
		},
		{
			"from": [6.2, 0.75, 7.2],
			"to": [8.8, 7.75, 9.8],
			"faces": {
				"north": {"uv": [0, 10.5, 0, 10.5], "texture": "#2"},
				"east": {"uv": [0, 10.5, 0, 10.5], "texture": "#2"},
				"south": {"uv": [0, 10.5, 0, 10.5], "texture": "#2"},
				"west": {"uv": [0, 10.5, 0, 10.5], "texture": "#2"},
				"up": {"uv": [0, 10.5, 0, 10.5], "texture": "#2"},
				"down": {"uv": [0, 10.5, 0, 10.5], "texture": "#2"}
			}
		},
		{
			"from": [6.35, 7.75, 7.35],
			"to": [8.65, 8, 9.65],
			"faces": {
				"north": {"uv": [0, 10.5, 0, 10.5], "texture": "#2"},
				"east": {"uv": [0, 10.5, 0, 10.5], "texture": "#2"},
				"south": {"uv": [0, 10.5, 0, 10.5], "texture": "#2"},
				"west": {"uv": [0, 10.5, 0, 10.5], "texture": "#2"},
				"up": {"uv": [0, 10.5, 0, 10.5], "texture": "#2"},
				"down": {"uv": [0, 10.5, 0, 10.5], "texture": "#2"}
			}
		},
		{
			"from": [6.6, 8, 7.6],
			"to": [8.4, 8.25, 9.4],
			"faces": {
				"north": {"uv": [0, 10.5, 0, 10.5], "texture": "#2"},
				"east": {"uv": [0, 10.5, 0, 10.5], "texture": "#2"},
				"south": {"uv": [0, 10.5, 0, 10.5], "texture": "#2"},
				"west": {"uv": [0, 10.5, 0, 10.5], "texture": "#2"},
				"up": {"uv": [0, 10.5, 0, 10.5], "texture": "#2"},
				"down": {"uv": [0, 10.5, 0, 10.5], "texture": "#2"}
			}
		},
		{
			"from": [6.85, 8.25, 7.85],
			"to": [8.15, 8.5, 9.15],
			"faces": {
				"north": {"uv": [0, 10.5, 0, 10.5], "texture": "#2"},
				"east": {"uv": [0, 10.5, 0, 10.5], "texture": "#2"},
				"south": {"uv": [0, 10.5, 0, 10.5], "texture": "#2"},
				"west": {"uv": [0, 10.5, 0, 10.5], "texture": "#2"},
				"up": {"uv": [0, 10.5, 0, 10.5], "texture": "#2"},
				"down": {"uv": [0, 10.5, 0, 10.5], "texture": "#2"}
			}
		},
		{
			"from": [6.95, 8.5, 7.95],
			"to": [8.05, 8.65, 9.05],
			"faces": {
				"north": {"uv": [0, 10.5, 0, 10.5], "texture": "#2"},
				"east": {"uv": [0, 10.5, 0, 10.5], "texture": "#2"},
				"south": {"uv": [0, 10.5, 0, 10.5], "texture": "#2"},
				"west": {"uv": [0, 10.5, 0, 10.5], "texture": "#2"},
				"up": {"uv": [0, 10.5, 0, 10.5], "texture": "#2"},
				"down": {"uv": [0, 10.5, 0, 10.5], "texture": "#2"}
			}
		},
		{
			"from": [7.05, 8.6, 8.05],
			"to": [7.95, 8.75, 8.95],
			"faces": {
				"north": {"uv": [0, 10.5, 0, 10.5], "texture": "#2"},
				"east": {"uv": [0, 10.5, 0, 10.5], "texture": "#2"},
				"south": {"uv": [0, 10.5, 0, 10.5], "texture": "#2"},
				"west": {"uv": [0, 10.5, 0, 10.5], "texture": "#2"},
				"up": {"uv": [0, 10.5, 0, 10.5], "texture": "#2"},
				"down": {"uv": [0, 10.5, 0, 10.5], "texture": "#2"}
			}
		},
		{
			"from": [7.15, 8.7, 8.15],
			"to": [7.85, 8.85, 8.85],
			"faces": {
				"north": {"uv": [0, 10.5, 0, 10.5], "texture": "#2"},
				"east": {"uv": [0, 10.5, 0, 10.5], "texture": "#2"},
				"south": {"uv": [0, 10.5, 0, 10.5], "texture": "#2"},
				"west": {"uv": [0, 10.5, 0, 10.5], "texture": "#2"},
				"up": {"uv": [0, 10.5, 0, 10.5], "texture": "#2"},
				"down": {"uv": [0, 10.5, 0, 10.5], "texture": "#2"}
			}
		},
		{
			"from": [7.25, 8.8, 8.25],
			"to": [7.75, 8.95, 8.75],
			"faces": {
				"north": {"uv": [0, 10.5, 0, 10.5], "texture": "#2"},
				"east": {"uv": [0, 10.5, 0, 10.5], "texture": "#2"},
				"south": {"uv": [0, 10.5, 0, 10.5], "texture": "#2"},
				"west": {"uv": [0, 10.5, 0, 10.5], "texture": "#2"},
				"up": {"uv": [0, 10.5, 0, 10.5], "texture": "#2"},
				"down": {"uv": [0, 10.5, 0, 10.5], "texture": "#2"}
			}
		},
		{
			"from": [7.35, 8.9, 8.35],
			"to": [7.65, 9.05, 8.65],
			"faces": {
				"north": {"uv": [0, 10.5, 0, 10.5], "texture": "#2"},
				"east": {"uv": [0, 10.5, 0, 10.5], "texture": "#2"},
				"south": {"uv": [0, 10.5, 0, 10.5], "texture": "#2"},
				"west": {"uv": [0, 10.5, 0, 10.5], "texture": "#2"},
				"up": {"uv": [0, 10.5, 0, 10.5], "texture": "#2"},
				"down": {"uv": [0, 10.5, 0, 10.5], "texture": "#2"}
			}
		},
		{
			"from": [6.35, 0.25, 7.35],
			"to": [8.65, 0.5, 9.65],
			"faces": {
				"north": {"uv": [0, 10.5, 0, 10.5], "texture": "#2"},
				"east": {"uv": [0, 10.5, 0, 10.5], "texture": "#2"},
				"south": {"uv": [0, 10.5, 0, 10.5], "texture": "#2"},
				"west": {"uv": [0, 10.5, 0, 10.5], "texture": "#2"},
				"up": {"uv": [0, 10.5, 0, 10.5], "texture": "#2"},
				"down": {"uv": [0, 10.5, 0, 10.5], "texture": "#2"}
			}
		},
		{
			"from": [6.25, 0.5, 7.25],
			"to": [8.75, 0.75, 9.75],
			"faces": {
				"north": {"uv": [0, 10.5, 0, 10.5], "texture": "#2"},
				"east": {"uv": [0, 10.5, 0, 10.5], "texture": "#2"},
				"south": {"uv": [0, 10.5, 0, 10.5], "texture": "#2"},
				"west": {"uv": [0, 10.5, 0, 10.5], "texture": "#2"},
				"up": {"uv": [0, 10.5, 0, 10.5], "texture": "#2"},
				"down": {"uv": [0, 10.5, 0, 10.5], "texture": "#2"}
			}
		}
	],
	"display": {
		"thirdperson_righthand": {
			"rotation": [4.25, -6, 0],
			"translation": [0, 2.25, 0.25],
			"scale": [0.3, 0.6, 0.3]
		},
		"thirdperson_lefthand": {
			"rotation": [22.25, -315, 0],
			"translation": [0, 2.25, 1],
			"scale": [0.3, 0.6, 0.3]
		},
		"firstperson_righthand": {
			"rotation": [-53.75, -15.75, 8.5],
			"translation": [0, 5.5, 0],
			"scale": [0.3, 0.6, 0.3]
		},
		"firstperson_lefthand": {
			"rotation": [-20.75, 16.5, 0],
			"translation": [0, 6.5, 0.75],
			"scale": [0.3, 0.6, 0.3]
		},
		"ground": {
			"rotation": [-90, 0, 0],
			"translation": [0, 6, 0],
			"scale": [0.3, 0.6, 0.3]
		},
		"gui": {
			"rotation": [0, -28, -39.75],
			"translation": [1.75, 1.5, 0],
			"scale": [0.3, 0.6, 0.3]
		}
	}
}