{
	"credit": "Made with Blockbench",
	"textures": {
		"0": "items/ak47a01",
		"particle": "items/ak47a01"
	},
	"elements": [
		{
			"from": [9.5, 9.5, 7.5],
			"to": [10.5, 10.5, 8.5],
			"rotation": {"angle": 0, "axis": "z", "origin": [5, 9, 8]},
			"faces": {
				"north": {"uv": [0, 0, 1, 1], "texture": "#0"},
				"east": {"uv": [0, 0, 1, 1], "texture": "#0"},
				"south": {"uv": [0, 0, 1, 1], "texture": "#0"},
				"west": {"uv": [0, 0, 1, 1], "texture": "#0"},
				"up": {"uv": [0, 0, 1, 1], "texture": "#0"},
				"down": {"uv": [0, 0, 1, 1], "texture": "#0"}
			}
		},
		{
			"from": [9.25, 10, 7.75],
			"to": [10.75, 10.75, 8.25],
			"rotation": {"angle": 0, "axis": "z", "origin": [4.75, 8.6, 8]},
			"faces": {
				"north": {"uv": [0, 0, 1.5, 0.75], "texture": "#0"},
				"east": {"uv": [0, 0, 0.5, 0.75], "texture": "#0"},
				"south": {"uv": [0, 0, 1.5, 0.75], "texture": "#0"},
				"west": {"uv": [0, 0, 0.5, 0.75], "texture": "#0"},
				"up": {"uv": [0, 0, 1.5, 0.5], "texture": "#0"},
				"down": {"uv": [0, 0, 1.5, 0.5], "texture": "#0"}
			}
		},
		{
			"from": [9.25, 5.25, 7.75],
			"to": [10.75, 6, 8.25],
			"rotation": {"angle": 0, "axis": "x", "origin": [8, 5.625, 8]},
			"faces": {
				"north": {"uv": [0, 0, 1.5, 0.75], "rotation": 180, "texture": "#0"},
				"east": {"uv": [0, 0, 0.5, 0.75], "rotation": 180, "texture": "#0"},
				"south": {"uv": [0, 0, 1.5, 0.75], "rotation": 180, "texture": "#0"},
				"west": {"uv": [0, 0, 0.5, 0.75], "rotation": 180, "texture": "#0"},
				"up": {"uv": [0, 0, 1.5, 0.5], "texture": "#0"},
				"down": {"uv": [0, 0, 1.5, 0.5], "texture": "#0"}
			}
		},
		{
			"from": [5.25, 10, 7.75],
			"to": [6.75, 10.75, 8.25],
			"rotation": {"angle": 0, "axis": "y", "origin": [6, 10.375, 8]},
			"faces": {
				"north": {"uv": [0, 0, 1.5, 0.75], "texture": "#0"},
				"east": {"uv": [0, 0, 0.5, 0.75], "texture": "#0"},
				"south": {"uv": [0, 0, 1.5, 0.75], "texture": "#0"},
				"west": {"uv": [0, 0, 0.5, 0.75], "texture": "#0"},
				"up": {"uv": [0, 0, 1.5, 0.5], "rotation": 180, "texture": "#0"},
				"down": {"uv": [0, 0, 1.5, 0.5], "rotation": 180, "texture": "#0"}
			}
		},
		{
			"from": [5.25, 5.25, 7.75],
			"to": [6.75, 6, 8.25],
			"rotation": {"angle": 0, "axis": "x", "origin": [8, 5.625, 8]},
			"faces": {
				"north": {"uv": [0, 0, 1.5, 0.75], "rotation": 180, "texture": "#0"},
				"east": {"uv": [0, 0, 0.5, 0.75], "rotation": 180, "texture": "#0"},
				"south": {"uv": [0, 0, 1.5, 0.75], "rotation": 180, "texture": "#0"},
				"west": {"uv": [0, 0, 0.5, 0.75], "rotation": 180, "texture": "#0"},
				"up": {"uv": [0, 0, 1.5, 0.5], "rotation": 180, "texture": "#0"},
				"down": {"uv": [0, 0, 1.5, 0.5], "rotation": 180, "texture": "#0"}
			}
		},
		{
			"from": [5.53571, 5.5, 7.5],
			"to": [6.53571, 6.5, 8.5],
			"rotation": {"angle": 0, "axis": "z", "origin": [5.89286, 8, 8]},
			"faces": {
				"north": {"uv": [0, 0, 1, 1], "rotation": 180, "texture": "#0"},
				"east": {"uv": [0, 0, 1, 1], "rotation": 180, "texture": "#0"},
				"south": {"uv": [0, 0, 1, 1], "rotation": 180, "texture": "#0"},
				"west": {"uv": [0, 0, 1, 1], "rotation": 180, "texture": "#0"},
				"up": {"uv": [0, 0, 1, 1], "rotation": 180, "texture": "#0"},
				"down": {"uv": [0, 0, 1, 1], "rotation": 180, "texture": "#0"}
			}
		},
		{
			"from": [9.5, 5.5, 7.5],
			"to": [10.5, 6.5, 8.5],
			"rotation": {"angle": 0, "axis": "z", "origin": [10, 6, 8]},
			"faces": {
				"north": {"uv": [0, 0, 1, 1], "rotation": 270, "texture": "#0"},
				"east": {"uv": [0, 0, 1, 1], "rotation": 90, "texture": "#0"},
				"south": {"uv": [0, 0, 1, 1], "rotation": 90, "texture": "#0"},
				"west": {"uv": [0, 0, 1, 1], "rotation": 90, "texture": "#0"},
				"up": {"uv": [0, 0, 1, 1], "rotation": 90, "texture": "#0"},
				"down": {"uv": [0, 0, 1, 1], "rotation": 90, "texture": "#0"}
			}
		},
		{
			"from": [5.53571, 9.5, 7.5],
			"to": [6.53571, 10.5, 8.5],
			"rotation": {"angle": 0, "axis": "z", "origin": [5.89286, 8, 8]},
			"faces": {
				"north": {"uv": [0, 0, 1, 1], "rotation": 90, "texture": "#0"},
				"east": {"uv": [0, 0, 1, 1], "rotation": 270, "texture": "#0"},
				"south": {"uv": [0, 0, 1, 1], "rotation": 270, "texture": "#0"},
				"west": {"uv": [0, 0, 1, 1], "rotation": 270, "texture": "#0"},
				"up": {"uv": [0, 0, 1, 1], "rotation": 270, "texture": "#0"},
				"down": {"uv": [0, 0, 1, 1], "rotation": 270, "texture": "#0"}
			}
		},
		{
			"from": [10, 9, 7.5],
			"to": [11, 10, 8.5],
			"rotation": {"angle": 0, "axis": "z", "origin": [5, 9, 8]},
			"faces": {
				"north": {"uv": [0, 0, 1, 1], "texture": "#0"},
				"east": {"uv": [0, 0, 1, 1], "texture": "#0"},
				"south": {"uv": [0, 0, 1, 1], "texture": "#0"},
				"west": {"uv": [0, 0, 1, 1], "texture": "#0"},
				"up": {"uv": [0, 0, 1, 1], "texture": "#0"},
				"down": {"uv": [0, 0, 1, 1], "texture": "#0"}
			}
		},
		{
			"from": [9.75, 9.5, 7.75],
			"to": [11.25, 10.25, 8.25],
			"rotation": {"angle": 0, "axis": "z", "origin": [4.75, 8.6, 8]},
			"faces": {
				"north": {"uv": [0, 0, 1.5, 0.75], "texture": "#0"},
				"east": {"uv": [0, 0, 0.5, 0.75], "texture": "#0"},
				"south": {"uv": [0, 0, 1.5, 0.75], "texture": "#0"},
				"west": {"uv": [0, 0, 0.5, 0.75], "texture": "#0"},
				"up": {"uv": [0, 0, 1.5, 0.5], "texture": "#0"},
				"down": {"uv": [0, 0, 1.5, 0.5], "texture": "#0"}
			}
		},
		{
			"from": [9.75, 5.75, 7.75],
			"to": [11.25, 6.5, 8.25],
			"rotation": {"angle": 0, "axis": "x", "origin": [8, 5.625, 8]},
			"faces": {
				"north": {"uv": [0, 0, 1.5, 0.75], "rotation": 180, "texture": "#0"},
				"east": {"uv": [0, 0, 0.5, 0.75], "rotation": 180, "texture": "#0"},
				"south": {"uv": [0, 0, 1.5, 0.75], "rotation": 180, "texture": "#0"},
				"west": {"uv": [0, 0, 0.5, 0.75], "rotation": 180, "texture": "#0"},
				"up": {"uv": [0, 0, 1.5, 0.5], "texture": "#0"},
				"down": {"uv": [0, 0, 1.5, 0.5], "texture": "#0"}
			}
		},
		{
			"from": [4.75, 9.5, 7.75],
			"to": [6.25, 10.25, 8.25],
			"rotation": {"angle": 0, "axis": "y", "origin": [6, 10.375, 8]},
			"faces": {
				"north": {"uv": [0, 0, 1.5, 0.75], "texture": "#0"},
				"east": {"uv": [0, 0, 0.5, 0.75], "texture": "#0"},
				"south": {"uv": [0, 0, 1.5, 0.75], "texture": "#0"},
				"west": {"uv": [0, 0, 0.5, 0.75], "texture": "#0"},
				"up": {"uv": [0, 0, 1.5, 0.5], "rotation": 180, "texture": "#0"},
				"down": {"uv": [0, 0, 1.5, 0.5], "rotation": 180, "texture": "#0"}
			}
		},
		{
			"from": [4.75, 5.75, 7.75],
			"to": [6.25, 6.5, 8.25],
			"rotation": {"angle": 0, "axis": "x", "origin": [8, 5.625, 8]},
			"faces": {
				"north": {"uv": [0, 0, 1.5, 0.75], "rotation": 180, "texture": "#0"},
				"east": {"uv": [0, 0, 0.5, 0.75], "rotation": 180, "texture": "#0"},
				"south": {"uv": [0, 0, 1.5, 0.75], "rotation": 180, "texture": "#0"},
				"west": {"uv": [0, 0, 0.5, 0.75], "rotation": 180, "texture": "#0"},
				"up": {"uv": [0, 0, 1.5, 0.5], "rotation": 180, "texture": "#0"},
				"down": {"uv": [0, 0, 1.5, 0.5], "rotation": 180, "texture": "#0"}
			}
		},
		{
			"from": [5.03571, 6, 7.5],
			"to": [6.03571, 7, 8.5],
			"rotation": {"angle": 0, "axis": "z", "origin": [5.89286, 8, 8]},
			"faces": {
				"north": {"uv": [0, 0, 1, 1], "rotation": 180, "texture": "#0"},
				"east": {"uv": [0, 0, 1, 1], "rotation": 180, "texture": "#0"},
				"south": {"uv": [0, 0, 1, 1], "rotation": 180, "texture": "#0"},
				"west": {"uv": [0, 0, 1, 1], "rotation": 180, "texture": "#0"},
				"up": {"uv": [0, 0, 1, 1], "rotation": 180, "texture": "#0"},
				"down": {"uv": [0, 0, 1, 1], "rotation": 180, "texture": "#0"}
			}
		},
		{
			"from": [9, 5, 7.5],
			"to": [10, 6, 8.5],
			"rotation": {"angle": 0, "axis": "z", "origin": [10, 6, 8]},
			"faces": {
				"north": {"uv": [0, 0, 1, 1], "rotation": 270, "texture": "#0"},
				"east": {"uv": [0, 0, 1, 1], "rotation": 90, "texture": "#0"},
				"south": {"uv": [0, 0, 1, 1], "rotation": 90, "texture": "#0"},
				"west": {"uv": [0, 0, 1, 1], "rotation": 90, "texture": "#0"},
				"up": {"uv": [0, 0, 1, 1], "rotation": 90, "texture": "#0"},
				"down": {"uv": [0, 0, 1, 1], "rotation": 90, "texture": "#0"}
			}
		},
		{
			"from": [6.03571, 10, 7.5],
			"to": [7.03571, 11, 8.5],
			"rotation": {"angle": 0, "axis": "z", "origin": [5.89286, 8, 8]},
			"faces": {
				"north": {"uv": [0, 0, 1, 1], "rotation": 90, "texture": "#0"},
				"east": {"uv": [0, 0, 1, 1], "rotation": 270, "texture": "#0"},
				"south": {"uv": [0, 0, 1, 1], "rotation": 270, "texture": "#0"},
				"west": {"uv": [0, 0, 1, 1], "rotation": 270, "texture": "#0"},
				"up": {"uv": [0, 0, 1, 1], "rotation": 270, "texture": "#0"},
				"down": {"uv": [0, 0, 1, 1], "rotation": 270, "texture": "#0"}
			}
		},
		{
			"from": [9, 10, 7.5],
			"to": [10, 11, 8.5],
			"rotation": {"angle": 0, "axis": "z", "origin": [5, 9, 8]},
			"faces": {
				"north": {"uv": [0, 0, 1, 1], "texture": "#0"},
				"east": {"uv": [0, 0, 1, 1], "texture": "#0"},
				"south": {"uv": [0, 0, 1, 1], "texture": "#0"},
				"west": {"uv": [0, 0, 1, 1], "texture": "#0"},
				"up": {"uv": [0, 0, 1, 1], "texture": "#0"},
				"down": {"uv": [0, 0, 1, 1], "texture": "#0"}
			}
		},
		{
			"from": [8.75, 10.5, 7.75],
			"to": [10.25, 11.25, 8.25],
			"rotation": {"angle": 0, "axis": "z", "origin": [4.75, 8.6, 8]},
			"faces": {
				"north": {"uv": [0, 0, 1.5, 0.75], "texture": "#0"},
				"east": {"uv": [0, 0, 0.5, 0.75], "texture": "#0"},
				"south": {"uv": [0, 0, 1.5, 0.75], "texture": "#0"},
				"west": {"uv": [0, 0, 0.5, 0.75], "texture": "#0"},
				"up": {"uv": [0, 0, 1.5, 0.5], "texture": "#0"},
				"down": {"uv": [0, 0, 1.5, 0.5], "texture": "#0"}
			}
		},
		{
			"from": [8.75, 4.75, 7.75],
			"to": [10.25, 5.5, 8.25],
			"rotation": {"angle": 0, "axis": "x", "origin": [8, 5.625, 8]},
			"faces": {
				"north": {"uv": [0, 0, 1.5, 0.75], "rotation": 180, "texture": "#0"},
				"east": {"uv": [0, 0, 0.5, 0.75], "rotation": 180, "texture": "#0"},
				"south": {"uv": [0, 0, 1.5, 0.75], "rotation": 180, "texture": "#0"},
				"west": {"uv": [0, 0, 0.5, 0.75], "rotation": 180, "texture": "#0"},
				"up": {"uv": [0, 0, 1.5, 0.5], "texture": "#0"},
				"down": {"uv": [0, 0, 1.5, 0.5], "texture": "#0"}
			}
		},
		{
			"from": [5.75, 10.5, 7.75],
			"to": [7.25, 11.25, 8.25],
			"rotation": {"angle": 0, "axis": "y", "origin": [6, 10.375, 8]},
			"faces": {
				"north": {"uv": [0, 0, 1.5, 0.75], "texture": "#0"},
				"east": {"uv": [0, 0, 0.5, 0.75], "texture": "#0"},
				"south": {"uv": [0, 0, 1.5, 0.75], "texture": "#0"},
				"west": {"uv": [0, 0, 0.5, 0.75], "texture": "#0"},
				"up": {"uv": [0, 0, 1.5, 0.5], "rotation": 180, "texture": "#0"},
				"down": {"uv": [0, 0, 1.5, 0.5], "rotation": 180, "texture": "#0"}
			}
		},
		{
			"from": [5.75, 4.75, 7.75],
			"to": [7.25, 5.5, 8.25],
			"rotation": {"angle": 0, "axis": "x", "origin": [8, 5.625, 8]},
			"faces": {
				"north": {"uv": [0, 0, 1.5, 0.75], "rotation": 180, "texture": "#0"},
				"east": {"uv": [0, 0, 0.5, 0.75], "rotation": 180, "texture": "#0"},
				"south": {"uv": [0, 0, 1.5, 0.75], "rotation": 180, "texture": "#0"},
				"west": {"uv": [0, 0, 0.5, 0.75], "rotation": 180, "texture": "#0"},
				"up": {"uv": [0, 0, 1.5, 0.5], "rotation": 180, "texture": "#0"},
				"down": {"uv": [0, 0, 1.5, 0.5], "rotation": 180, "texture": "#0"}
			}
		},
		{
			"from": [6.03571, 5, 7.5],
			"to": [7.03571, 6, 8.5],
			"rotation": {"angle": 0, "axis": "z", "origin": [5.89286, 8, 8]},
			"faces": {
				"north": {"uv": [0, 0, 1, 1], "rotation": 180, "texture": "#0"},
				"east": {"uv": [0, 0, 1, 1], "rotation": 180, "texture": "#0"},
				"south": {"uv": [0, 0, 1, 1], "rotation": 180, "texture": "#0"},
				"west": {"uv": [0, 0, 1, 1], "rotation": 180, "texture": "#0"},
				"up": {"uv": [0, 0, 1, 1], "rotation": 180, "texture": "#0"},
				"down": {"uv": [0, 0, 1, 1], "rotation": 180, "texture": "#0"}
			}
		},
		{
			"from": [10, 6, 7.5],
			"to": [11, 7, 8.5],
			"rotation": {"angle": 0, "axis": "z", "origin": [10, 6, 8]},
			"faces": {
				"north": {"uv": [0, 0, 1, 1], "rotation": 270, "texture": "#0"},
				"east": {"uv": [0, 0, 1, 1], "rotation": 90, "texture": "#0"},
				"south": {"uv": [0, 0, 1, 1], "rotation": 90, "texture": "#0"},
				"west": {"uv": [0, 0, 1, 1], "rotation": 90, "texture": "#0"},
				"up": {"uv": [0, 0, 1, 1], "rotation": 90, "texture": "#0"},
				"down": {"uv": [0, 0, 1, 1], "rotation": 90, "texture": "#0"}
			}
		},
		{
			"from": [5.03571, 9, 7.5],
			"to": [6.03571, 10, 8.5],
			"rotation": {"angle": 0, "axis": "z", "origin": [5.89286, 8, 8]},
			"faces": {
				"north": {"uv": [0, 0, 1, 1], "rotation": 90, "texture": "#0"},
				"east": {"uv": [0, 0, 1, 1], "rotation": 270, "texture": "#0"},
				"south": {"uv": [0, 0, 1, 1], "rotation": 270, "texture": "#0"},
				"west": {"uv": [0, 0, 1, 1], "rotation": 270, "texture": "#0"},
				"up": {"uv": [0, 0, 1, 1], "rotation": 270, "texture": "#0"},
				"down": {"uv": [0, 0, 1, 1], "rotation": 270, "texture": "#0"}
			}
		},
		{
			"from": [4.48571, 9.5, 7.5],
			"to": [4.73571, 10.25, 8.5],
			"rotation": {"angle": 0, "axis": "z", "origin": [7.97699, 10.70302, 8.0143]},
			"faces": {
				"north": {"uv": [0, 0, 0.75, 0.25], "rotation": 90, "texture": "#0"},
				"east": {"uv": [0, 0, 0.75, 1], "rotation": 270, "texture": "#0"},
				"south": {"uv": [0, 0, 0.75, 0.25], "rotation": 270, "texture": "#0"},
				"west": {"uv": [0, 0, 0.75, 1], "rotation": 270, "texture": "#0"},
				"up": {"uv": [0, 0, 1, 0.25], "rotation": 270, "texture": "#0"},
				"down": {"uv": [0, 0, 1, 0.25], "rotation": 270, "texture": "#0"}
			}
		},
		{
			"from": [4.48571, 5.75605, 7.5286],
			"to": [4.73571, 6.50605, 8.5286],
			"rotation": {"angle": 0, "axis": "x", "origin": [7.97699, 5.30302, 8.0143]},
			"faces": {
				"north": {"uv": [0, 0, 0.75, 0.25], "rotation": 90, "texture": "#0"},
				"east": {"uv": [0, 0, 0.75, 1], "rotation": 90, "texture": "#0"},
				"south": {"uv": [0, 0, 0.75, 0.25], "rotation": 270, "texture": "#0"},
				"west": {"uv": [0, 0, 0.75, 1], "rotation": 90, "texture": "#0"},
				"up": {"uv": [0, 0, 1, 0.25], "rotation": 270, "texture": "#0"},
				"down": {"uv": [0, 0, 1, 0.25], "rotation": 270, "texture": "#0"}
			}
		},
		{
			"from": [11.22766, 9.5, 7.51908],
			"to": [11.47766, 10.25, 8.51908],
			"rotation": {"angle": 0, "axis": "y", "origin": [7.97699, 10.70302, 8.0143]},
			"faces": {
				"north": {"uv": [0, 0, 0.75, 0.25], "rotation": 270, "texture": "#0"},
				"east": {"uv": [0, 0, 0.75, 1], "rotation": 270, "texture": "#0"},
				"south": {"uv": [0, 0, 0.75, 0.25], "rotation": 90, "texture": "#0"},
				"west": {"uv": [0, 0, 0.75, 1], "rotation": 270, "texture": "#0"},
				"up": {"uv": [0, 0, 1, 0.25], "rotation": 90, "texture": "#0"},
				"down": {"uv": [0, 0, 1, 0.25], "rotation": 90, "texture": "#0"}
			}
		},
		{
			"from": [11.22766, 5.75605, 7.50952],
			"to": [11.47766, 6.50605, 8.50952],
			"rotation": {"angle": 0, "axis": "x", "origin": [7.97699, 5.30302, 8.0143]},
			"faces": {
				"north": {"uv": [0, 0, 0.75, 0.25], "rotation": 270, "texture": "#0"},
				"east": {"uv": [0, 0, 0.75, 1], "rotation": 90, "texture": "#0"},
				"south": {"uv": [0, 0, 0.75, 0.25], "rotation": 90, "texture": "#0"},
				"west": {"uv": [0, 0, 0.75, 1], "rotation": 90, "texture": "#0"},
				"up": {"uv": [0, 0, 1, 0.25], "rotation": 90, "texture": "#0"},
				"down": {"uv": [0, 0, 1, 0.25], "rotation": 90, "texture": "#0"}
			}
		},
		{
			"from": [4.48708, 10.2395, 7.5],
			"to": [4.98708, 10.4895, 8.5],
			"rotation": {"angle": 0, "axis": "z", "origin": [7.97699, 10.70302, 8.0143]},
			"faces": {
				"north": {"uv": [0, 0, 0.5, 0.25], "texture": "#0"},
				"east": {"uv": [0, 0, 1, 0.25], "texture": "#0"},
				"south": {"uv": [0, 0, 0.5, 0.25], "texture": "#0"},
				"west": {"uv": [0, 0, 1, 0.25], "texture": "#0"},
				"up": {"uv": [0, 0, 0.5, 1], "texture": "#0"},
				"down": {"uv": [0, 0, 0.5, 1], "texture": "#0"}
			}
		},
		{
			"from": [4.48708, 5.51655, 7.5286],
			"to": [4.98708, 5.76655, 8.5286],
			"rotation": {"angle": 0, "axis": "x", "origin": [7.97699, 5.30302, 8.0143]},
			"faces": {
				"north": {"uv": [0, 0, 0.5, 0.25], "rotation": 180, "texture": "#0"},
				"east": {"uv": [0, 0, 1, 0.25], "rotation": 180, "texture": "#0"},
				"south": {"uv": [0, 0, 0.5, 0.25], "rotation": 180, "texture": "#0"},
				"west": {"uv": [0, 0, 1, 0.25], "rotation": 180, "texture": "#0"},
				"up": {"uv": [0, 0, 0.5, 1], "texture": "#0"},
				"down": {"uv": [0, 0, 0.5, 1], "texture": "#0"}
			}
		},
		{
			"from": [10.9763, 10.2395, 7.51908],
			"to": [11.4763, 10.4895, 8.51908],
			"rotation": {"angle": 0, "axis": "y", "origin": [7.97699, 10.70302, 8.0143]},
			"faces": {
				"north": {"uv": [0, 0, 0.5, 0.25], "texture": "#0"},
				"east": {"uv": [0, 0, 1, 0.25], "texture": "#0"},
				"south": {"uv": [0, 0, 0.5, 0.25], "texture": "#0"},
				"west": {"uv": [0, 0, 1, 0.25], "texture": "#0"},
				"up": {"uv": [0, 0, 0.5, 1], "rotation": 180, "texture": "#0"},
				"down": {"uv": [0, 0, 0.5, 1], "rotation": 180, "texture": "#0"}
			}
		},
		{
			"from": [10.9763, 5.51655, 7.50952],
			"to": [11.4763, 5.76655, 8.50952],
			"rotation": {"angle": 0, "axis": "x", "origin": [7.97699, 5.30302, 8.0143]},
			"faces": {
				"north": {"uv": [0, 0, 0.5, 0.25], "rotation": 180, "texture": "#0"},
				"east": {"uv": [0, 0, 1, 0.25], "rotation": 180, "texture": "#0"},
				"south": {"uv": [0, 0, 0.5, 0.25], "rotation": 180, "texture": "#0"},
				"west": {"uv": [0, 0, 1, 0.25], "rotation": 180, "texture": "#0"},
				"up": {"uv": [0, 0, 0.5, 1], "rotation": 180, "texture": "#0"},
				"down": {"uv": [0, 0, 0.5, 1], "rotation": 180, "texture": "#0"}
			}
		},
		{
			"from": [4.98708, 10.7395, 7.5],
			"to": [5.48708, 10.9895, 8.5],
			"rotation": {"angle": 0, "axis": "z", "origin": [7.97699, 10.70302, 8.0143]},
			"faces": {
				"north": {"uv": [0, 0, 0.5, 0.25], "texture": "#0"},
				"east": {"uv": [0, 0, 1, 0.25], "texture": "#0"},
				"south": {"uv": [0, 0, 0.5, 0.25], "texture": "#0"},
				"west": {"uv": [0, 0, 1, 0.25], "texture": "#0"},
				"up": {"uv": [0, 0, 0.5, 1], "texture": "#0"},
				"down": {"uv": [0, 0, 0.5, 1], "texture": "#0"}
			}
		},
		{
			"from": [4.98708, 5.01655, 7.5286],
			"to": [5.48708, 5.26655, 8.5286],
			"rotation": {"angle": 0, "axis": "x", "origin": [7.97699, 5.30302, 8.0143]},
			"faces": {
				"north": {"uv": [0, 0, 0.5, 0.25], "rotation": 180, "texture": "#0"},
				"east": {"uv": [0, 0, 1, 0.25], "rotation": 180, "texture": "#0"},
				"south": {"uv": [0, 0, 0.5, 0.25], "rotation": 180, "texture": "#0"},
				"west": {"uv": [0, 0, 1, 0.25], "rotation": 180, "texture": "#0"},
				"up": {"uv": [0, 0, 0.5, 1], "texture": "#0"},
				"down": {"uv": [0, 0, 0.5, 1], "texture": "#0"}
			}
		},
		{
			"from": [10.4763, 10.7395, 7.51908],
			"to": [10.9763, 10.9895, 8.51908],
			"rotation": {"angle": 0, "axis": "y", "origin": [7.97699, 10.70302, 8.0143]},
			"faces": {
				"north": {"uv": [0, 0, 0.5, 0.25], "texture": "#0"},
				"east": {"uv": [0, 0, 1, 0.25], "texture": "#0"},
				"south": {"uv": [0, 0, 0.5, 0.25], "texture": "#0"},
				"west": {"uv": [0, 0, 1, 0.25], "texture": "#0"},
				"up": {"uv": [0, 0, 0.5, 1], "rotation": 180, "texture": "#0"},
				"down": {"uv": [0, 0, 0.5, 1], "rotation": 180, "texture": "#0"}
			}
		},
		{
			"from": [10.4763, 5.01655, 7.50952],
			"to": [10.9763, 5.26655, 8.50952],
			"rotation": {"angle": 0, "axis": "x", "origin": [7.97699, 5.30302, 8.0143]},
			"faces": {
				"north": {"uv": [0, 0, 0.5, 0.25], "rotation": 180, "texture": "#0"},
				"east": {"uv": [0, 0, 1, 0.25], "rotation": 180, "texture": "#0"},
				"south": {"uv": [0, 0, 0.5, 0.25], "rotation": 180, "texture": "#0"},
				"west": {"uv": [0, 0, 1, 0.25], "rotation": 180, "texture": "#0"},
				"up": {"uv": [0, 0, 0.5, 1], "rotation": 180, "texture": "#0"},
				"down": {"uv": [0, 0, 0.5, 1], "rotation": 180, "texture": "#0"}
			}
		},
		{
			"from": [5.73708, 11.2395, 7.5],
			"to": [6.48708, 11.4895, 8.5],
			"rotation": {"angle": 0, "axis": "z", "origin": [7.97699, 10.70302, 8.0143]},
			"faces": {
				"north": {"uv": [0, 0, 0.75, 0.25], "texture": "#0"},
				"east": {"uv": [0, 0, 1, 0.25], "texture": "#0"},
				"south": {"uv": [0, 0, 0.75, 0.25], "texture": "#0"},
				"west": {"uv": [0, 0, 1, 0.25], "texture": "#0"},
				"up": {"uv": [0, 0, 0.75, 1], "texture": "#0"},
				"down": {"uv": [0, 0, 0.75, 1], "texture": "#0"}
			}
		},
		{
			"from": [5.73708, 4.51655, 7.5286],
			"to": [6.48708, 4.76655, 8.5286],
			"rotation": {"angle": 0, "axis": "x", "origin": [7.97699, 5.30302, 8.0143]},
			"faces": {
				"north": {"uv": [0, 0, 0.75, 0.25], "rotation": 180, "texture": "#0"},
				"east": {"uv": [0, 0, 1, 0.25], "rotation": 180, "texture": "#0"},
				"south": {"uv": [0, 0, 0.75, 0.25], "rotation": 180, "texture": "#0"},
				"west": {"uv": [0, 0, 1, 0.25], "rotation": 180, "texture": "#0"},
				"up": {"uv": [0, 0, 0.75, 1], "texture": "#0"},
				"down": {"uv": [0, 0, 0.75, 1], "texture": "#0"}
			}
		},
		{
			"from": [9.4763, 11.2395, 7.51908],
			"to": [10.2263, 11.4895, 8.51908],
			"rotation": {"angle": 0, "axis": "y", "origin": [7.97699, 10.70302, 8.0143]},
			"faces": {
				"north": {"uv": [0, 0, 0.75, 0.25], "texture": "#0"},
				"east": {"uv": [0, 0, 1, 0.25], "texture": "#0"},
				"south": {"uv": [0, 0, 0.75, 0.25], "texture": "#0"},
				"west": {"uv": [0, 0, 1, 0.25], "texture": "#0"},
				"up": {"uv": [0, 0, 0.75, 1], "rotation": 180, "texture": "#0"},
				"down": {"uv": [0, 0, 0.75, 1], "rotation": 180, "texture": "#0"}
			}
		},
		{
			"from": [9.4763, 4.51655, 7.50952],
			"to": [10.2263, 4.76655, 8.50952],
			"rotation": {"angle": 0, "axis": "x", "origin": [7.97699, 5.30302, 8.0143]},
			"faces": {
				"north": {"uv": [0, 0, 0.75, 0.25], "rotation": 180, "texture": "#0"},
				"east": {"uv": [0, 0, 1, 0.25], "rotation": 180, "texture": "#0"},
				"south": {"uv": [0, 0, 0.75, 0.25], "rotation": 180, "texture": "#0"},
				"west": {"uv": [0, 0, 1, 0.25], "rotation": 180, "texture": "#0"},
				"up": {"uv": [0, 0, 0.75, 1], "rotation": 180, "texture": "#0"},
				"down": {"uv": [0, 0, 0.75, 1], "rotation": 180, "texture": "#0"}
			}
		},
		{
			"from": [4.98571, 10.25, 7.5],
			"to": [5.23571, 11, 8.5],
			"rotation": {"angle": 0, "axis": "z", "origin": [7.97699, 10.70302, 8.0143]},
			"faces": {
				"north": {"uv": [0, 0, 0.75, 0.25], "rotation": 90, "texture": "#0"},
				"east": {"uv": [0, 0, 0.75, 1], "rotation": 270, "texture": "#0"},
				"south": {"uv": [0, 0, 0.75, 0.25], "rotation": 270, "texture": "#0"},
				"west": {"uv": [0, 0, 0.75, 1], "rotation": 270, "texture": "#0"},
				"up": {"uv": [0, 0, 1, 0.25], "rotation": 270, "texture": "#0"},
				"down": {"uv": [0, 0, 1, 0.25], "rotation": 270, "texture": "#0"}
			}
		},
		{
			"from": [4.98571, 5.00605, 7.5286],
			"to": [5.23571, 5.75605, 8.5286],
			"rotation": {"angle": 0, "axis": "x", "origin": [7.97699, 5.30302, 8.0143]},
			"faces": {
				"north": {"uv": [0, 0, 0.75, 0.25], "rotation": 90, "texture": "#0"},
				"east": {"uv": [0, 0, 0.75, 1], "rotation": 90, "texture": "#0"},
				"south": {"uv": [0, 0, 0.75, 0.25], "rotation": 270, "texture": "#0"},
				"west": {"uv": [0, 0, 0.75, 1], "rotation": 90, "texture": "#0"},
				"up": {"uv": [0, 0, 1, 0.25], "rotation": 270, "texture": "#0"},
				"down": {"uv": [0, 0, 1, 0.25], "rotation": 270, "texture": "#0"}
			}
		},
		{
			"from": [10.72766, 10.25, 7.51908],
			"to": [10.97766, 11, 8.51908],
			"rotation": {"angle": 0, "axis": "y", "origin": [7.97699, 10.70302, 8.0143]},
			"faces": {
				"north": {"uv": [0, 0, 0.75, 0.25], "rotation": 270, "texture": "#0"},
				"east": {"uv": [0, 0, 0.75, 1], "rotation": 270, "texture": "#0"},
				"south": {"uv": [0, 0, 0.75, 0.25], "rotation": 90, "texture": "#0"},
				"west": {"uv": [0, 0, 0.75, 1], "rotation": 270, "texture": "#0"},
				"up": {"uv": [0, 0, 1, 0.25], "rotation": 90, "texture": "#0"},
				"down": {"uv": [0, 0, 1, 0.25], "rotation": 90, "texture": "#0"}
			}
		},
		{
			"from": [10.72766, 5.00605, 7.50952],
			"to": [10.97766, 5.75605, 8.50952],
			"rotation": {"angle": 0, "axis": "x", "origin": [7.97699, 5.30302, 8.0143]},
			"faces": {
				"north": {"uv": [0, 0, 0.75, 0.25], "rotation": 270, "texture": "#0"},
				"east": {"uv": [0, 0, 0.75, 1], "rotation": 90, "texture": "#0"},
				"south": {"uv": [0, 0, 0.75, 0.25], "rotation": 90, "texture": "#0"},
				"west": {"uv": [0, 0, 0.75, 1], "rotation": 90, "texture": "#0"},
				"up": {"uv": [0, 0, 1, 0.25], "rotation": 90, "texture": "#0"},
				"down": {"uv": [0, 0, 1, 0.25], "rotation": 90, "texture": "#0"}
			}
		},
		{
			"from": [5.48571, 10.75, 7.5],
			"to": [5.73571, 11.5, 8.5],
			"rotation": {"angle": 0, "axis": "z", "origin": [7.97699, 10.70302, 8.0143]},
			"faces": {
				"north": {"uv": [0, 0, 0.75, 0.25], "rotation": 90, "texture": "#0"},
				"east": {"uv": [0, 0, 0.75, 1], "rotation": 270, "texture": "#0"},
				"south": {"uv": [0, 0, 0.75, 0.25], "rotation": 270, "texture": "#0"},
				"west": {"uv": [0, 0, 0.75, 1], "rotation": 270, "texture": "#0"},
				"up": {"uv": [0, 0, 1, 0.25], "rotation": 270, "texture": "#0"},
				"down": {"uv": [0, 0, 1, 0.25], "rotation": 270, "texture": "#0"}
			}
		},
		{
			"from": [5.48571, 11.45, 7.5],
			"to": [5.73571, 11.7, 8.5],
			"rotation": {"angle": 0, "axis": "z", "origin": [7.97699, 10.70302, 8.0143]},
			"faces": {
				"north": {"uv": [0, 0, 0.25, 0.25], "rotation": 90, "texture": "#0"},
				"east": {"uv": [0, 0, 0.25, 1], "rotation": 270, "texture": "#0"},
				"south": {"uv": [0, 0, 0.25, 0.25], "rotation": 270, "texture": "#0"},
				"west": {"uv": [0, 0, 0.25, 1], "rotation": 270, "texture": "#0"},
				"up": {"uv": [0, 0, 1, 0.25], "rotation": 270, "texture": "#0"},
				"down": {"uv": [0, 0, 1, 0.25], "rotation": 270, "texture": "#0"}
			}
		},
		{
			"from": [10.24137, 11.45, 7.52443],
			"to": [10.49137, 11.7, 8.52443],
			"rotation": {"angle": 0, "axis": "y", "origin": [11.18854, 7.97707, 8.01221]},
			"faces": {
				"north": {"uv": [0, 0, 0.25, 0.25], "rotation": 270, "texture": "#0"},
				"east": {"uv": [0, 0, 0.25, 1], "rotation": 270, "texture": "#0"},
				"south": {"uv": [0, 0, 0.25, 0.25], "rotation": 90, "texture": "#0"},
				"west": {"uv": [0, 0, 0.25, 1], "rotation": 270, "texture": "#0"},
				"up": {"uv": [0, 0, 1, 0.25], "rotation": 90, "texture": "#0"},
				"down": {"uv": [0, 0, 1, 0.25], "rotation": 90, "texture": "#0"}
			}
		},
		{
			"from": [5.48571, 4.2731, 7.51995],
			"to": [5.73571, 4.5231, 8.51995],
			"rotation": {"angle": 0, "axis": "x", "origin": [5.07252, 5.18655, 8.00997]},
			"faces": {
				"north": {"uv": [0, 0, 0.25, 0.25], "rotation": 90, "texture": "#0"},
				"east": {"uv": [0, 0, 0.25, 1], "rotation": 90, "texture": "#0"},
				"south": {"uv": [0, 0, 0.25, 0.25], "rotation": 270, "texture": "#0"},
				"west": {"uv": [0, 0, 0.25, 1], "rotation": 90, "texture": "#0"},
				"up": {"uv": [0, 0, 1, 0.25], "rotation": 270, "texture": "#0"},
				"down": {"uv": [0, 0, 1, 0.25], "rotation": 270, "texture": "#0"}
			}
		},
		{
			"from": [10.24137, 4.2731, 7.50448],
			"to": [10.49137, 4.5231, 8.50448],
			"rotation": {"angle": 0, "axis": "y", "origin": [11.18854, 7.97707, 8.01221]},
			"faces": {
				"north": {"uv": [0, 0, 0.25, 0.25], "rotation": 270, "texture": "#0"},
				"east": {"uv": [0, 0, 0.25, 1], "rotation": 90, "texture": "#0"},
				"south": {"uv": [0, 0, 0.25, 0.25], "rotation": 90, "texture": "#0"},
				"west": {"uv": [0, 0, 0.25, 1], "rotation": 90, "texture": "#0"},
				"up": {"uv": [0, 0, 1, 0.25], "rotation": 90, "texture": "#0"},
				"down": {"uv": [0, 0, 1, 0.25], "rotation": 90, "texture": "#0"}
			}
		},
		{
			"from": [5.08571, 10.95, 7.5],
			"to": [5.33571, 11.2, 8.5],
			"rotation": {"angle": 0, "axis": "z", "origin": [7.97699, 10.70302, 8.0143]},
			"faces": {
				"north": {"uv": [0, 0, 0.25, 0.25], "rotation": 90, "texture": "#0"},
				"east": {"uv": [0, 0, 0.25, 1], "rotation": 270, "texture": "#0"},
				"south": {"uv": [0, 0, 0.25, 0.25], "rotation": 270, "texture": "#0"},
				"west": {"uv": [0, 0, 0.25, 1], "rotation": 270, "texture": "#0"},
				"up": {"uv": [0, 0, 1, 0.25], "rotation": 270, "texture": "#0"},
				"down": {"uv": [0, 0, 1, 0.25], "rotation": 270, "texture": "#0"}
			}
		},
		{
			"from": [10.64137, 10.95, 7.52443],
			"to": [10.89137, 11.2, 8.52443],
			"rotation": {"angle": 0, "axis": "y", "origin": [11.18854, 7.97707, 8.01221]},
			"faces": {
				"north": {"uv": [0, 0, 0.25, 0.25], "rotation": 270, "texture": "#0"},
				"east": {"uv": [0, 0, 0.25, 1], "rotation": 270, "texture": "#0"},
				"south": {"uv": [0, 0, 0.25, 0.25], "rotation": 90, "texture": "#0"},
				"west": {"uv": [0, 0, 0.25, 1], "rotation": 270, "texture": "#0"},
				"up": {"uv": [0, 0, 1, 0.25], "rotation": 90, "texture": "#0"},
				"down": {"uv": [0, 0, 1, 0.25], "rotation": 90, "texture": "#0"}
			}
		},
		{
			"from": [5.08571, 4.7731, 7.51995],
			"to": [5.33571, 5.0231, 8.51995],
			"rotation": {"angle": 0, "axis": "x", "origin": [5.07252, 5.18655, 8.00997]},
			"faces": {
				"north": {"uv": [0, 0, 0.25, 0.25], "rotation": 90, "texture": "#0"},
				"east": {"uv": [0, 0, 0.25, 1], "rotation": 90, "texture": "#0"},
				"south": {"uv": [0, 0, 0.25, 0.25], "rotation": 270, "texture": "#0"},
				"west": {"uv": [0, 0, 0.25, 1], "rotation": 90, "texture": "#0"},
				"up": {"uv": [0, 0, 1, 0.25], "rotation": 270, "texture": "#0"},
				"down": {"uv": [0, 0, 1, 0.25], "rotation": 270, "texture": "#0"}
			}
		},
		{
			"from": [10.64137, 4.7731, 7.50448],
			"to": [10.89137, 5.0231, 8.50448],
			"rotation": {"angle": 0, "axis": "y", "origin": [11.18854, 7.97707, 8.01221]},
			"faces": {
				"north": {"uv": [0, 0, 0.25, 0.25], "rotation": 270, "texture": "#0"},
				"east": {"uv": [0, 0, 0.25, 1], "rotation": 90, "texture": "#0"},
				"south": {"uv": [0, 0, 0.25, 0.25], "rotation": 90, "texture": "#0"},
				"west": {"uv": [0, 0, 0.25, 1], "rotation": 90, "texture": "#0"},
				"up": {"uv": [0, 0, 1, 0.25], "rotation": 90, "texture": "#0"},
				"down": {"uv": [0, 0, 1, 0.25], "rotation": 90, "texture": "#0"}
			}
		},
		{
			"from": [4.58571, 10.45, 7.5],
			"to": [4.83571, 10.7, 8.5],
			"rotation": {"angle": 0, "axis": "z", "origin": [7.97699, 10.70302, 8.0143]},
			"faces": {
				"north": {"uv": [0, 0, 0.25, 0.25], "rotation": 90, "texture": "#0"},
				"east": {"uv": [0, 0, 0.25, 1], "rotation": 270, "texture": "#0"},
				"south": {"uv": [0, 0, 0.25, 0.25], "rotation": 270, "texture": "#0"},
				"west": {"uv": [0, 0, 0.25, 1], "rotation": 270, "texture": "#0"},
				"up": {"uv": [0, 0, 1, 0.25], "rotation": 270, "texture": "#0"},
				"down": {"uv": [0, 0, 1, 0.25], "rotation": 270, "texture": "#0"}
			}
		},
		{
			"from": [11.14137, 10.45, 7.52443],
			"to": [11.39137, 10.7, 8.52443],
			"rotation": {"angle": 0, "axis": "y", "origin": [11.18854, 7.97707, 8.01221]},
			"faces": {
				"north": {"uv": [0, 0, 0.25, 0.25], "rotation": 270, "texture": "#0"},
				"east": {"uv": [0, 0, 0.25, 1], "rotation": 270, "texture": "#0"},
				"south": {"uv": [0, 0, 0.25, 0.25], "rotation": 90, "texture": "#0"},
				"west": {"uv": [0, 0, 0.25, 1], "rotation": 270, "texture": "#0"},
				"up": {"uv": [0, 0, 1, 0.25], "rotation": 90, "texture": "#0"},
				"down": {"uv": [0, 0, 1, 0.25], "rotation": 90, "texture": "#0"}
			}
		},
		{
			"from": [4.58571, 5.2731, 7.51995],
			"to": [4.83571, 5.5231, 8.51995],
			"rotation": {"angle": 0, "axis": "x", "origin": [5.07252, 5.18655, 8.00997]},
			"faces": {
				"north": {"uv": [0, 0, 0.25, 0.25], "rotation": 90, "texture": "#0"},
				"east": {"uv": [0, 0, 0.25, 1], "rotation": 90, "texture": "#0"},
				"south": {"uv": [0, 0, 0.25, 0.25], "rotation": 270, "texture": "#0"},
				"west": {"uv": [0, 0, 0.25, 1], "rotation": 90, "texture": "#0"},
				"up": {"uv": [0, 0, 1, 0.25], "rotation": 270, "texture": "#0"},
				"down": {"uv": [0, 0, 1, 0.25], "rotation": 270, "texture": "#0"}
			}
		},
		{
			"from": [11.14137, 5.2731, 7.50448],
			"to": [11.39137, 5.5231, 8.50448],
			"rotation": {"angle": 0, "axis": "y", "origin": [11.18854, 7.97707, 8.01221]},
			"faces": {
				"north": {"uv": [0, 0, 0.25, 0.25], "rotation": 270, "texture": "#0"},
				"east": {"uv": [0, 0, 0.25, 1], "rotation": 90, "texture": "#0"},
				"south": {"uv": [0, 0, 0.25, 0.25], "rotation": 90, "texture": "#0"},
				"west": {"uv": [0, 0, 0.25, 1], "rotation": 90, "texture": "#0"},
				"up": {"uv": [0, 0, 1, 0.25], "rotation": 90, "texture": "#0"},
				"down": {"uv": [0, 0, 1, 0.25], "rotation": 90, "texture": "#0"}
			}
		},
		{
			"from": [4.28571, 10.05, 7.5],
			"to": [4.53571, 10.4, 8.5],
			"rotation": {"angle": 0, "axis": "z", "origin": [7.97699, 10.70302, 8.0143]},
			"faces": {
				"north": {"uv": [0, 0, 0.35, 0.25], "rotation": 90, "texture": "#0"},
				"east": {"uv": [0, 0, 0.35, 1], "rotation": 270, "texture": "#0"},
				"south": {"uv": [0, 0, 0.35, 0.25], "rotation": 270, "texture": "#0"},
				"west": {"uv": [0, 0, 0.35, 1], "rotation": 270, "texture": "#0"},
				"up": {"uv": [0, 0, 1, 0.25], "rotation": 270, "texture": "#0"},
				"down": {"uv": [0, 0, 1, 0.25], "rotation": 270, "texture": "#0"}
			}
		},
		{
			"from": [11.44137, 10.05, 7.52443],
			"to": [11.69137, 10.4, 8.52443],
			"rotation": {"angle": 0, "axis": "y", "origin": [11.18854, 7.97707, 8.01221]},
			"faces": {
				"north": {"uv": [0, 0, 0.35, 0.25], "rotation": 270, "texture": "#0"},
				"east": {"uv": [0, 0, 0.35, 1], "rotation": 270, "texture": "#0"},
				"south": {"uv": [0, 0, 0.35, 0.25], "rotation": 90, "texture": "#0"},
				"west": {"uv": [0, 0, 0.35, 1], "rotation": 270, "texture": "#0"},
				"up": {"uv": [0, 0, 1, 0.25], "rotation": 90, "texture": "#0"},
				"down": {"uv": [0, 0, 1, 0.25], "rotation": 90, "texture": "#0"}
			}
		},
		{
			"from": [4.28571, 5.5731, 7.51995],
			"to": [4.53571, 5.9231, 8.51995],
			"rotation": {"angle": 0, "axis": "x", "origin": [5.07252, 5.18655, 8.00997]},
			"faces": {
				"north": {"uv": [0, 0, 0.35, 0.25], "rotation": 90, "texture": "#0"},
				"east": {"uv": [0, 0, 0.35, 1], "rotation": 90, "texture": "#0"},
				"south": {"uv": [0, 0, 0.35, 0.25], "rotation": 270, "texture": "#0"},
				"west": {"uv": [0, 0, 0.35, 1], "rotation": 90, "texture": "#0"},
				"up": {"uv": [0, 0, 1, 0.25], "rotation": 270, "texture": "#0"},
				"down": {"uv": [0, 0, 1, 0.25], "rotation": 270, "texture": "#0"}
			}
		},
		{
			"from": [11.44137, 5.5731, 7.50448],
			"to": [11.69137, 5.9231, 8.50448],
			"rotation": {"angle": 0, "axis": "y", "origin": [11.18854, 7.97707, 8.01221]},
			"faces": {
				"north": {"uv": [0, 0, 0.35, 0.25], "rotation": 270, "texture": "#0"},
				"east": {"uv": [0, 0, 0.35, 1], "rotation": 90, "texture": "#0"},
				"south": {"uv": [0, 0, 0.35, 0.25], "rotation": 90, "texture": "#0"},
				"west": {"uv": [0, 0, 0.35, 1], "rotation": 90, "texture": "#0"},
				"up": {"uv": [0, 0, 1, 0.25], "rotation": 90, "texture": "#0"},
				"down": {"uv": [0, 0, 1, 0.25], "rotation": 90, "texture": "#0"}
			}
		},
		{
			"from": [4.28571, 9.55, 7.5],
			"to": [4.53571, 9.9, 8.5],
			"rotation": {"angle": 0, "axis": "z", "origin": [7.97699, 10.70302, 8.0143]},
			"faces": {
				"north": {"uv": [0, 0, 0.35, 0.25], "rotation": 90, "texture": "#0"},
				"east": {"uv": [0, 0, 0.35, 1], "rotation": 270, "texture": "#0"},
				"south": {"uv": [0, 0, 0.35, 0.25], "rotation": 270, "texture": "#0"},
				"west": {"uv": [0, 0, 0.35, 1], "rotation": 270, "texture": "#0"},
				"up": {"uv": [0, 0, 1, 0.25], "rotation": 270, "texture": "#0"},
				"down": {"uv": [0, 0, 1, 0.25], "rotation": 270, "texture": "#0"}
			}
		},
		{
			"from": [11.44137, 9.55, 7.52443],
			"to": [11.69137, 9.9, 8.52443],
			"rotation": {"angle": 0, "axis": "y", "origin": [11.18854, 7.97707, 8.01221]},
			"faces": {
				"north": {"uv": [0, 0, 0.35, 0.25], "rotation": 270, "texture": "#0"},
				"east": {"uv": [0, 0, 0.35, 1], "rotation": 270, "texture": "#0"},
				"south": {"uv": [0, 0, 0.35, 0.25], "rotation": 90, "texture": "#0"},
				"west": {"uv": [0, 0, 0.35, 1], "rotation": 270, "texture": "#0"},
				"up": {"uv": [0, 0, 1, 0.25], "rotation": 90, "texture": "#0"},
				"down": {"uv": [0, 0, 1, 0.25], "rotation": 90, "texture": "#0"}
			}
		},
		{
			"from": [4.28571, 6.0731, 7.51995],
			"to": [4.53571, 6.4231, 8.51995],
			"rotation": {"angle": 0, "axis": "x", "origin": [5.07252, 5.18655, 8.00997]},
			"faces": {
				"north": {"uv": [0, 0, 0.35, 0.25], "rotation": 90, "texture": "#0"},
				"east": {"uv": [0, 0, 0.35, 1], "rotation": 90, "texture": "#0"},
				"south": {"uv": [0, 0, 0.35, 0.25], "rotation": 270, "texture": "#0"},
				"west": {"uv": [0, 0, 0.35, 1], "rotation": 90, "texture": "#0"},
				"up": {"uv": [0, 0, 1, 0.25], "rotation": 270, "texture": "#0"},
				"down": {"uv": [0, 0, 1, 0.25], "rotation": 270, "texture": "#0"}
			}
		},
		{
			"from": [11.44137, 6.0731, 7.50448],
			"to": [11.69137, 6.4231, 8.50448],
			"rotation": {"angle": 0, "axis": "y", "origin": [11.18854, 7.97707, 8.01221]},
			"faces": {
				"north": {"uv": [0, 0, 0.35, 0.25], "rotation": 270, "texture": "#0"},
				"east": {"uv": [0, 0, 0.35, 1], "rotation": 90, "texture": "#0"},
				"south": {"uv": [0, 0, 0.35, 0.25], "rotation": 90, "texture": "#0"},
				"west": {"uv": [0, 0, 0.35, 1], "rotation": 90, "texture": "#0"},
				"up": {"uv": [0, 0, 1, 0.25], "rotation": 90, "texture": "#0"},
				"down": {"uv": [0, 0, 1, 0.25], "rotation": 90, "texture": "#0"}
			}
		},
		{
			"from": [4.08571, 9.05, 7.5],
			"to": [4.33571, 9.4, 8.5],
			"rotation": {"angle": 0, "axis": "z", "origin": [7.97699, 10.70302, 8.0143]},
			"faces": {
				"north": {"uv": [0, 0, 0.35, 0.25], "rotation": 90, "texture": "#0"},
				"east": {"uv": [0, 0, 0.35, 1], "rotation": 270, "texture": "#0"},
				"south": {"uv": [0, 0, 0.35, 0.25], "rotation": 270, "texture": "#0"},
				"west": {"uv": [0, 0, 0.35, 1], "rotation": 270, "texture": "#0"},
				"up": {"uv": [0, 0, 1, 0.25], "rotation": 270, "texture": "#0"},
				"down": {"uv": [0, 0, 1, 0.25], "rotation": 270, "texture": "#0"}
			}
		},
		{
			"from": [11.64137, 9.05, 7.52443],
			"to": [11.89137, 9.4, 8.52443],
			"rotation": {"angle": 0, "axis": "y", "origin": [11.18854, 7.97707, 8.01221]},
			"faces": {
				"north": {"uv": [0, 0, 0.35, 0.25], "rotation": 270, "texture": "#0"},
				"east": {"uv": [0, 0, 0.35, 1], "rotation": 270, "texture": "#0"},
				"south": {"uv": [0, 0, 0.35, 0.25], "rotation": 90, "texture": "#0"},
				"west": {"uv": [0, 0, 0.35, 1], "rotation": 270, "texture": "#0"},
				"up": {"uv": [0, 0, 1, 0.25], "rotation": 90, "texture": "#0"},
				"down": {"uv": [0, 0, 1, 0.25], "rotation": 90, "texture": "#0"}
			}
		},
		{
			"from": [4.08571, 8.55, 7.5],
			"to": [4.33571, 8.9, 8.5],
			"rotation": {"angle": 0, "axis": "z", "origin": [7.97699, 10.70302, 8.0143]},
			"faces": {
				"north": {"uv": [0, 0, 0.35, 0.25], "rotation": 90, "texture": "#0"},
				"east": {"uv": [0, 0, 0.35, 1], "rotation": 270, "texture": "#0"},
				"south": {"uv": [0, 0, 0.35, 0.25], "rotation": 270, "texture": "#0"},
				"west": {"uv": [0, 0, 0.35, 1], "rotation": 270, "texture": "#0"},
				"up": {"uv": [0, 0, 1, 0.25], "rotation": 270, "texture": "#0"},
				"down": {"uv": [0, 0, 1, 0.25], "rotation": 270, "texture": "#0"}
			}
		},
		{
			"from": [11.64137, 8.55, 7.52443],
			"to": [11.89137, 8.9, 8.52443],
			"rotation": {"angle": 0, "axis": "y", "origin": [11.18854, 7.97707, 8.01221]},
			"faces": {
				"north": {"uv": [0, 0, 0.35, 0.25], "rotation": 270, "texture": "#0"},
				"east": {"uv": [0, 0, 0.35, 1], "rotation": 270, "texture": "#0"},
				"south": {"uv": [0, 0, 0.35, 0.25], "rotation": 90, "texture": "#0"},
				"west": {"uv": [0, 0, 0.35, 1], "rotation": 270, "texture": "#0"},
				"up": {"uv": [0, 0, 1, 0.25], "rotation": 90, "texture": "#0"},
				"down": {"uv": [0, 0, 1, 0.25], "rotation": 90, "texture": "#0"}
			}
		},
		{
			"from": [4.08571, 8.05, 7.5],
			"to": [4.33571, 8.4, 8.5],
			"rotation": {"angle": 0, "axis": "z", "origin": [7.97699, 10.70302, 8.0143]},
			"faces": {
				"north": {"uv": [0, 0, 0.35, 0.25], "rotation": 90, "texture": "#0"},
				"east": {"uv": [0, 0, 0.35, 1], "rotation": 270, "texture": "#0"},
				"south": {"uv": [0, 0, 0.35, 0.25], "rotation": 270, "texture": "#0"},
				"west": {"uv": [0, 0, 0.35, 1], "rotation": 270, "texture": "#0"},
				"up": {"uv": [0, 0, 1, 0.25], "rotation": 270, "texture": "#0"},
				"down": {"uv": [0, 0, 1, 0.25], "rotation": 270, "texture": "#0"}
			}
		},
		{
			"from": [11.64137, 8.05, 7.52443],
			"to": [11.89137, 8.4, 8.52443],
			"rotation": {"angle": 0, "axis": "y", "origin": [11.18854, 7.97707, 8.01221]},
			"faces": {
				"north": {"uv": [0, 0, 0.35, 0.25], "rotation": 270, "texture": "#0"},
				"east": {"uv": [0, 0, 0.35, 1], "rotation": 270, "texture": "#0"},
				"south": {"uv": [0, 0, 0.35, 0.25], "rotation": 90, "texture": "#0"},
				"west": {"uv": [0, 0, 0.35, 1], "rotation": 270, "texture": "#0"},
				"up": {"uv": [0, 0, 1, 0.25], "rotation": 90, "texture": "#0"},
				"down": {"uv": [0, 0, 1, 0.25], "rotation": 90, "texture": "#0"}
			}
		},
		{
			"from": [4.08571, 7.55, 7.5],
			"to": [4.33571, 7.9, 8.5],
			"rotation": {"angle": 0, "axis": "z", "origin": [7.97699, 10.70302, 8.0143]},
			"faces": {
				"north": {"uv": [0, 0, 0.35, 0.25], "rotation": 90, "texture": "#0"},
				"east": {"uv": [0, 0, 0.35, 1], "rotation": 270, "texture": "#0"},
				"south": {"uv": [0, 0, 0.35, 0.25], "rotation": 270, "texture": "#0"},
				"west": {"uv": [0, 0, 0.35, 1], "rotation": 270, "texture": "#0"},
				"up": {"uv": [0, 0, 1, 0.25], "rotation": 270, "texture": "#0"},
				"down": {"uv": [0, 0, 1, 0.25], "rotation": 270, "texture": "#0"}
			}
		},
		{
			"from": [11.64137, 7.55, 7.52443],
			"to": [11.89137, 7.9, 8.52443],
			"rotation": {"angle": 0, "axis": "y", "origin": [11.18854, 7.97707, 8.01221]},
			"faces": {
				"north": {"uv": [0, 0, 0.35, 0.25], "rotation": 270, "texture": "#0"},
				"east": {"uv": [0, 0, 0.35, 1], "rotation": 270, "texture": "#0"},
				"south": {"uv": [0, 0, 0.35, 0.25], "rotation": 90, "texture": "#0"},
				"west": {"uv": [0, 0, 0.35, 1], "rotation": 270, "texture": "#0"},
				"up": {"uv": [0, 0, 1, 0.25], "rotation": 90, "texture": "#0"},
				"down": {"uv": [0, 0, 1, 0.25], "rotation": 90, "texture": "#0"}
			}
		},
		{
			"from": [4.08571, 7.05, 7.5],
			"to": [4.33571, 7.4, 8.5],
			"rotation": {"angle": 0, "axis": "z", "origin": [7.97699, 10.70302, 8.0143]},
			"faces": {
				"north": {"uv": [0, 0, 0.35, 0.25], "rotation": 90, "texture": "#0"},
				"east": {"uv": [0, 0, 0.35, 1], "rotation": 270, "texture": "#0"},
				"south": {"uv": [0, 0, 0.35, 0.25], "rotation": 270, "texture": "#0"},
				"west": {"uv": [0, 0, 0.35, 1], "rotation": 270, "texture": "#0"},
				"up": {"uv": [0, 0, 1, 0.25], "rotation": 270, "texture": "#0"},
				"down": {"uv": [0, 0, 1, 0.25], "rotation": 270, "texture": "#0"}
			}
		},
		{
			"from": [11.64137, 7.05, 7.52443],
			"to": [11.89137, 7.4, 8.52443],
			"rotation": {"angle": 0, "axis": "y", "origin": [11.18854, 7.97707, 8.01221]},
			"faces": {
				"north": {"uv": [0, 0, 0.35, 0.25], "rotation": 270, "texture": "#0"},
				"east": {"uv": [0, 0, 0.35, 1], "rotation": 270, "texture": "#0"},
				"south": {"uv": [0, 0, 0.35, 0.25], "rotation": 90, "texture": "#0"},
				"west": {"uv": [0, 0, 0.35, 1], "rotation": 270, "texture": "#0"},
				"up": {"uv": [0, 0, 1, 0.25], "rotation": 90, "texture": "#0"},
				"down": {"uv": [0, 0, 1, 0.25], "rotation": 90, "texture": "#0"}
			}
		},
		{
			"from": [4.08571, 6.55, 7.5],
			"to": [4.33571, 6.9, 8.5],
			"rotation": {"angle": 0, "axis": "z", "origin": [7.97699, 10.70302, 8.0143]},
			"faces": {
				"north": {"uv": [0, 0, 0.35, 0.25], "rotation": 90, "texture": "#0"},
				"east": {"uv": [0, 0, 0.35, 1], "rotation": 270, "texture": "#0"},
				"south": {"uv": [0, 0, 0.35, 0.25], "rotation": 270, "texture": "#0"},
				"west": {"uv": [0, 0, 0.35, 1], "rotation": 270, "texture": "#0"},
				"up": {"uv": [0, 0, 1, 0.25], "rotation": 270, "texture": "#0"},
				"down": {"uv": [0, 0, 1, 0.25], "rotation": 270, "texture": "#0"}
			}
		},
		{
			"from": [11.64137, 6.55, 7.52443],
			"to": [11.89137, 6.9, 8.52443],
			"rotation": {"angle": 0, "axis": "y", "origin": [11.18854, 7.97707, 8.01221]},
			"faces": {
				"north": {"uv": [0, 0, 0.35, 0.25], "rotation": 270, "texture": "#0"},
				"east": {"uv": [0, 0, 0.35, 1], "rotation": 270, "texture": "#0"},
				"south": {"uv": [0, 0, 0.35, 0.25], "rotation": 90, "texture": "#0"},
				"west": {"uv": [0, 0, 0.35, 1], "rotation": 270, "texture": "#0"},
				"up": {"uv": [0, 0, 1, 0.25], "rotation": 90, "texture": "#0"},
				"down": {"uv": [0, 0, 1, 0.25], "rotation": 90, "texture": "#0"}
			}
		},
		{
			"from": [5.98571, 11.45, 7.5],
			"to": [6.23571, 11.7, 8.5],
			"rotation": {"angle": 0, "axis": "z", "origin": [7.97699, 10.70302, 8.0143]},
			"faces": {
				"north": {"uv": [0, 0, 0.25, 0.25], "rotation": 90, "texture": "#0"},
				"east": {"uv": [0, 0, 0.25, 1], "rotation": 270, "texture": "#0"},
				"south": {"uv": [0, 0, 0.25, 0.25], "rotation": 270, "texture": "#0"},
				"west": {"uv": [0, 0, 0.25, 1], "rotation": 270, "texture": "#0"},
				"up": {"uv": [0, 0, 1, 0.25], "rotation": 270, "texture": "#0"},
				"down": {"uv": [0, 0, 1, 0.25], "rotation": 270, "texture": "#0"}
			}
		},
		{
			"from": [9.74137, 11.45, 7.52443],
			"to": [9.99137, 11.7, 8.52443],
			"rotation": {"angle": 0, "axis": "y", "origin": [11.18854, 7.97707, 8.01221]},
			"faces": {
				"north": {"uv": [0, 0, 0.25, 0.25], "rotation": 270, "texture": "#0"},
				"east": {"uv": [0, 0, 0.25, 1], "rotation": 270, "texture": "#0"},
				"south": {"uv": [0, 0, 0.25, 0.25], "rotation": 90, "texture": "#0"},
				"west": {"uv": [0, 0, 0.25, 1], "rotation": 270, "texture": "#0"},
				"up": {"uv": [0, 0, 1, 0.25], "rotation": 90, "texture": "#0"},
				"down": {"uv": [0, 0, 1, 0.25], "rotation": 90, "texture": "#0"}
			}
		},
		{
			"from": [9.08571, 11.6999, 7.51345],
			"to": [9.33571, 11.9499, 8.51345],
			"rotation": {"angle": 0, "axis": "x", "origin": [7.97071, 11.82495, 8.00673]},
			"faces": {
				"north": {"uv": [0, 0, 0.25, 0.25], "rotation": 90, "texture": "#0"},
				"east": {"uv": [0, 0, 0.25, 1], "rotation": 90, "texture": "#0"},
				"south": {"uv": [0, 0, 0.25, 0.25], "rotation": 270, "texture": "#0"},
				"west": {"uv": [0, 0, 0.25, 1], "rotation": 90, "texture": "#0"},
				"up": {"uv": [0, 0, 1, 0.25], "rotation": 270, "texture": "#0"},
				"down": {"uv": [0, 0, 1, 0.25], "rotation": 270, "texture": "#0"}
			}
		},
		{
			"from": [9.08571, 4.0499, 7.51345],
			"to": [9.33571, 4.2999, 8.51345],
			"rotation": {"angle": 0, "axis": "x", "origin": [7.97071, 4.17495, 8.00673]},
			"faces": {
				"north": {"uv": [0, 0, 0.25, 0.25], "rotation": 90, "texture": "#0"},
				"east": {"uv": [0, 0, 0.25, 1], "rotation": 90, "texture": "#0"},
				"south": {"uv": [0, 0, 0.25, 0.25], "rotation": 270, "texture": "#0"},
				"west": {"uv": [0, 0, 0.25, 1], "rotation": 90, "texture": "#0"},
				"up": {"uv": [0, 0, 1, 0.25], "rotation": 270, "texture": "#0"},
				"down": {"uv": [0, 0, 1, 0.25], "rotation": 270, "texture": "#0"}
			}
		},
		{
			"from": [8.58571, 11.6999, 7.51345],
			"to": [8.83571, 11.9499, 8.51345],
			"rotation": {"angle": 0, "axis": "x", "origin": [7.97071, 11.82495, 8.00673]},
			"faces": {
				"north": {"uv": [0, 0, 0.25, 0.25], "rotation": 90, "texture": "#0"},
				"east": {"uv": [0, 0, 0.25, 1], "rotation": 90, "texture": "#0"},
				"south": {"uv": [0, 0, 0.25, 0.25], "rotation": 270, "texture": "#0"},
				"west": {"uv": [0, 0, 0.25, 1], "rotation": 90, "texture": "#0"},
				"up": {"uv": [0, 0, 1, 0.25], "rotation": 270, "texture": "#0"},
				"down": {"uv": [0, 0, 1, 0.25], "rotation": 270, "texture": "#0"}
			}
		},
		{
			"from": [8.58571, 4.0499, 7.51345],
			"to": [8.83571, 4.2999, 8.51345],
			"rotation": {"angle": 0, "axis": "x", "origin": [7.97071, 4.17495, 8.00673]},
			"faces": {
				"north": {"uv": [0, 0, 0.25, 0.25], "rotation": 90, "texture": "#0"},
				"east": {"uv": [0, 0, 0.25, 1], "rotation": 90, "texture": "#0"},
				"south": {"uv": [0, 0, 0.25, 0.25], "rotation": 270, "texture": "#0"},
				"west": {"uv": [0, 0, 0.25, 1], "rotation": 90, "texture": "#0"},
				"up": {"uv": [0, 0, 1, 0.25], "rotation": 270, "texture": "#0"},
				"down": {"uv": [0, 0, 1, 0.25], "rotation": 270, "texture": "#0"}
			}
		},
		{
			"from": [8.08571, 11.6999, 7.51345],
			"to": [8.33571, 11.9499, 8.51345],
			"rotation": {"angle": 0, "axis": "x", "origin": [7.97071, 11.82495, 8.00673]},
			"faces": {
				"north": {"uv": [0, 0, 0.25, 0.25], "rotation": 90, "texture": "#0"},
				"east": {"uv": [0, 0, 0.25, 1], "rotation": 90, "texture": "#0"},
				"south": {"uv": [0, 0, 0.25, 0.25], "rotation": 270, "texture": "#0"},
				"west": {"uv": [0, 0, 0.25, 1], "rotation": 90, "texture": "#0"},
				"up": {"uv": [0, 0, 1, 0.25], "rotation": 270, "texture": "#0"},
				"down": {"uv": [0, 0, 1, 0.25], "rotation": 270, "texture": "#0"}
			}
		},
		{
			"from": [8.08571, 4.0499, 7.51345],
			"to": [8.33571, 4.2999, 8.51345],
			"rotation": {"angle": 0, "axis": "x", "origin": [7.97071, 4.17495, 8.00673]},
			"faces": {
				"north": {"uv": [0, 0, 0.25, 0.25], "rotation": 90, "texture": "#0"},
				"east": {"uv": [0, 0, 0.25, 1], "rotation": 90, "texture": "#0"},
				"south": {"uv": [0, 0, 0.25, 0.25], "rotation": 270, "texture": "#0"},
				"west": {"uv": [0, 0, 0.25, 1], "rotation": 90, "texture": "#0"},
				"up": {"uv": [0, 0, 1, 0.25], "rotation": 270, "texture": "#0"},
				"down": {"uv": [0, 0, 1, 0.25], "rotation": 270, "texture": "#0"}
			}
		},
		{
			"from": [7.58571, 11.6999, 7.51345],
			"to": [7.83571, 11.9499, 8.51345],
			"rotation": {"angle": 0, "axis": "x", "origin": [7.97071, 11.82495, 8.00673]},
			"faces": {
				"north": {"uv": [0, 0, 0.25, 0.25], "rotation": 90, "texture": "#0"},
				"east": {"uv": [0, 0, 0.25, 1], "rotation": 90, "texture": "#0"},
				"south": {"uv": [0, 0, 0.25, 0.25], "rotation": 270, "texture": "#0"},
				"west": {"uv": [0, 0, 0.25, 1], "rotation": 90, "texture": "#0"},
				"up": {"uv": [0, 0, 1, 0.25], "rotation": 270, "texture": "#0"},
				"down": {"uv": [0, 0, 1, 0.25], "rotation": 270, "texture": "#0"}
			}
		},
		{
			"from": [7.58571, 4.0499, 7.51345],
			"to": [7.83571, 4.2999, 8.51345],
			"rotation": {"angle": 0, "axis": "x", "origin": [7.97071, 4.17495, 8.00673]},
			"faces": {
				"north": {"uv": [0, 0, 0.25, 0.25], "rotation": 90, "texture": "#0"},
				"east": {"uv": [0, 0, 0.25, 1], "rotation": 90, "texture": "#0"},
				"south": {"uv": [0, 0, 0.25, 0.25], "rotation": 270, "texture": "#0"},
				"west": {"uv": [0, 0, 0.25, 1], "rotation": 90, "texture": "#0"},
				"up": {"uv": [0, 0, 1, 0.25], "rotation": 270, "texture": "#0"},
				"down": {"uv": [0, 0, 1, 0.25], "rotation": 270, "texture": "#0"}
			}
		},
		{
			"from": [7.08571, 11.6999, 7.51345],
			"to": [7.33571, 11.9499, 8.51345],
			"rotation": {"angle": 0, "axis": "x", "origin": [7.97071, 11.82495, 8.00673]},
			"faces": {
				"north": {"uv": [0, 0, 0.25, 0.25], "rotation": 90, "texture": "#0"},
				"east": {"uv": [0, 0, 0.25, 1], "rotation": 90, "texture": "#0"},
				"south": {"uv": [0, 0, 0.25, 0.25], "rotation": 270, "texture": "#0"},
				"west": {"uv": [0, 0, 0.25, 1], "rotation": 90, "texture": "#0"},
				"up": {"uv": [0, 0, 1, 0.25], "rotation": 270, "texture": "#0"},
				"down": {"uv": [0, 0, 1, 0.25], "rotation": 270, "texture": "#0"}
			}
		},
		{
			"from": [7.08571, 4.0499, 7.51345],
			"to": [7.33571, 4.2999, 8.51345],
			"rotation": {"angle": 0, "axis": "x", "origin": [7.97071, 4.17495, 8.00673]},
			"faces": {
				"north": {"uv": [0, 0, 0.25, 0.25], "rotation": 90, "texture": "#0"},
				"east": {"uv": [0, 0, 0.25, 1], "rotation": 90, "texture": "#0"},
				"south": {"uv": [0, 0, 0.25, 0.25], "rotation": 270, "texture": "#0"},
				"west": {"uv": [0, 0, 0.25, 1], "rotation": 90, "texture": "#0"},
				"up": {"uv": [0, 0, 1, 0.25], "rotation": 270, "texture": "#0"},
				"down": {"uv": [0, 0, 1, 0.25], "rotation": 270, "texture": "#0"}
			}
		},
		{
			"from": [6.68571, 11.6999, 7.51345],
			"to": [6.93571, 11.9499, 8.51345],
			"rotation": {"angle": 0, "axis": "x", "origin": [7.97071, 11.82495, 8.00673]},
			"faces": {
				"north": {"uv": [0, 0, 0.25, 0.25], "rotation": 90, "texture": "#0"},
				"east": {"uv": [0, 0, 0.25, 1], "rotation": 90, "texture": "#0"},
				"south": {"uv": [0, 0, 0.25, 0.25], "rotation": 270, "texture": "#0"},
				"west": {"uv": [0, 0, 0.25, 1], "rotation": 90, "texture": "#0"},
				"up": {"uv": [0, 0, 1, 0.25], "rotation": 270, "texture": "#0"},
				"down": {"uv": [0, 0, 1, 0.25], "rotation": 270, "texture": "#0"}
			}
		},
		{
			"from": [6.68571, 4.0499, 7.51345],
			"to": [6.93571, 4.2999, 8.51345],
			"rotation": {"angle": 0, "axis": "x", "origin": [7.97071, 4.17495, 8.00673]},
			"faces": {
				"north": {"uv": [0, 0, 0.25, 0.25], "rotation": 90, "texture": "#0"},
				"east": {"uv": [0, 0, 0.25, 1], "rotation": 90, "texture": "#0"},
				"south": {"uv": [0, 0, 0.25, 0.25], "rotation": 270, "texture": "#0"},
				"west": {"uv": [0, 0, 0.25, 1], "rotation": 90, "texture": "#0"},
				"up": {"uv": [0, 0, 1, 0.25], "rotation": 270, "texture": "#0"},
				"down": {"uv": [0, 0, 1, 0.25], "rotation": 270, "texture": "#0"}
			}
		},
		{
			"from": [5.98571, 4.2731, 7.51995],
			"to": [6.23571, 4.5231, 8.51995],
			"rotation": {"angle": 0, "axis": "x", "origin": [5.07252, 5.18655, 8.00997]},
			"faces": {
				"north": {"uv": [0, 0, 0.25, 0.25], "rotation": 90, "texture": "#0"},
				"east": {"uv": [0, 0, 0.25, 1], "rotation": 90, "texture": "#0"},
				"south": {"uv": [0, 0, 0.25, 0.25], "rotation": 270, "texture": "#0"},
				"west": {"uv": [0, 0, 0.25, 1], "rotation": 90, "texture": "#0"},
				"up": {"uv": [0, 0, 1, 0.25], "rotation": 270, "texture": "#0"},
				"down": {"uv": [0, 0, 1, 0.25], "rotation": 270, "texture": "#0"}
			}
		},
		{
			"from": [9.74137, 4.2731, 7.50448],
			"to": [9.99137, 4.5231, 8.50448],
			"rotation": {"angle": 0, "axis": "y", "origin": [11.18854, 7.97707, 8.01221]},
			"faces": {
				"north": {"uv": [0, 0, 0.25, 0.25], "rotation": 270, "texture": "#0"},
				"east": {"uv": [0, 0, 0.25, 1], "rotation": 90, "texture": "#0"},
				"south": {"uv": [0, 0, 0.25, 0.25], "rotation": 90, "texture": "#0"},
				"west": {"uv": [0, 0, 0.25, 1], "rotation": 90, "texture": "#0"},
				"up": {"uv": [0, 0, 1, 0.25], "rotation": 90, "texture": "#0"},
				"down": {"uv": [0, 0, 1, 0.25], "rotation": 90, "texture": "#0"}
			}
		},
		{
			"from": [5.48571, 4.50605, 7.5286],
			"to": [5.73571, 5.25605, 8.5286],
			"rotation": {"angle": 0, "axis": "x", "origin": [7.97699, 5.30302, 8.0143]},
			"faces": {
				"north": {"uv": [0, 0, 0.75, 0.25], "rotation": 90, "texture": "#0"},
				"east": {"uv": [0, 0, 0.75, 1], "rotation": 90, "texture": "#0"},
				"south": {"uv": [0, 0, 0.75, 0.25], "rotation": 270, "texture": "#0"},
				"west": {"uv": [0, 0, 0.75, 1], "rotation": 90, "texture": "#0"},
				"up": {"uv": [0, 0, 1, 0.25], "rotation": 270, "texture": "#0"},
				"down": {"uv": [0, 0, 1, 0.25], "rotation": 270, "texture": "#0"}
			}
		},
		{
			"from": [10.22766, 10.75, 7.51908],
			"to": [10.47766, 11.5, 8.51908],
			"rotation": {"angle": 0, "axis": "y", "origin": [7.97699, 10.70302, 8.0143]},
			"faces": {
				"north": {"uv": [0, 0, 0.75, 0.25], "rotation": 270, "texture": "#0"},
				"east": {"uv": [0, 0, 0.75, 1], "rotation": 270, "texture": "#0"},
				"south": {"uv": [0, 0, 0.75, 0.25], "rotation": 90, "texture": "#0"},
				"west": {"uv": [0, 0, 0.75, 1], "rotation": 270, "texture": "#0"},
				"up": {"uv": [0, 0, 1, 0.25], "rotation": 90, "texture": "#0"},
				"down": {"uv": [0, 0, 1, 0.25], "rotation": 90, "texture": "#0"}
			}
		},
		{
			"from": [10.22766, 4.50605, 7.50952],
			"to": [10.47766, 5.25605, 8.50952],
			"rotation": {"angle": 0, "axis": "x", "origin": [7.97699, 5.30302, 8.0143]},
			"faces": {
				"north": {"uv": [0, 0, 0.75, 0.25], "rotation": 270, "texture": "#0"},
				"east": {"uv": [0, 0, 0.75, 1], "rotation": 90, "texture": "#0"},
				"south": {"uv": [0, 0, 0.75, 0.25], "rotation": 90, "texture": "#0"},
				"west": {"uv": [0, 0, 0.75, 1], "rotation": 90, "texture": "#0"},
				"up": {"uv": [0, 0, 1, 0.25], "rotation": 90, "texture": "#0"},
				"down": {"uv": [0, 0, 1, 0.25], "rotation": 90, "texture": "#0"}
			}
		},
		{
			"from": [10.5, 6.5, 7.5],
			"to": [11.75, 9.5, 8.5],
			"faces": {
				"north": {"uv": [0, 0, 1.25, 3], "texture": "#0"},
				"east": {"uv": [0, 0, 1, 3], "texture": "#0"},
				"south": {"uv": [0, 0, 1.25, 3], "texture": "#0"},
				"west": {"uv": [0, 0, 1, 3], "texture": "#0"},
				"up": {"uv": [0, 0, 1.25, 1], "texture": "#0"},
				"down": {"uv": [0, 0, 1.25, 1], "texture": "#0"}
			}
		},
		{
			"from": [4.28571, 6.5, 7.5],
			"to": [5.53571, 9.5, 8.5],
			"rotation": {"angle": 0, "axis": "z", "origin": [5.89286, 8, 8]},
			"faces": {
				"north": {"uv": [0, 0, 1.25, 3], "rotation": 180, "texture": "#0"},
				"east": {"uv": [0, 0, 1, 3], "rotation": 180, "texture": "#0"},
				"south": {"uv": [0, 0, 1.25, 3], "rotation": 180, "texture": "#0"},
				"west": {"uv": [0, 0, 1, 3], "rotation": 180, "texture": "#0"},
				"up": {"uv": [0, 0, 1.25, 1], "rotation": 180, "texture": "#0"},
				"down": {"uv": [0, 0, 1.25, 1], "rotation": 180, "texture": "#0"}
			}
		},
		{
			"from": [6.5, 4.25, 7.5],
			"to": [9.5, 5.5, 8.5],
			"faces": {
				"north": {"uv": [0, 0, 3, 1.25], "texture": "#0"},
				"east": {"uv": [0, 0, 1, 1.25], "texture": "#0"},
				"south": {"uv": [0, 0, 3, 1.25], "texture": "#0"},
				"west": {"uv": [0, 0, 1, 1.25], "texture": "#0"},
				"up": {"uv": [0, 0, 3, 1], "texture": "#0"},
				"down": {"uv": [0, 0, 3, 1], "texture": "#0"}
			}
		},
		{
			"from": [6.5, 10.5, 7.5],
			"to": [9.5, 11.75, 8.5],
			"faces": {
				"north": {"uv": [0, 0, 3, 1.25], "texture": "#0"},
				"east": {"uv": [0, 0, 1, 1.25], "texture": "#0"},
				"south": {"uv": [0, 0, 3, 1.25], "texture": "#0"},
				"west": {"uv": [0, 0, 1, 1.25], "texture": "#0"},
				"up": {"uv": [0, 0, 3, 1], "texture": "#0"},
				"down": {"uv": [0, 0, 3, 1], "texture": "#0"}
			}
		}
	],
	"display": {
		"thirdperson_righthand": {
			"rotation": [56.5, -99.25, 144.75],
			"translation": [0, 1, -0.5]
		},
		"firstperson_righthand": {
			"rotation": [0, -84.25, 0],
			"translation": [1.75, 2.75, 0]
		},
		"firstperson_lefthand": {
			"rotation": [0, -93.5, 0],
			"translation": [1, 2.25, 0]
		},
		"ground": {
			"translation": [0, 1.25, 0]
		},
		"gui": {
			"rotation": [0, -23, 16]
		}
	}
}