{
	"credit": "Made with Blockbench",
	"textures": {
		"0": "items/greay",
		"1": "items/scar01",
		"particle": "items/greay"
	},
	"elements": [
		{
			"from": [7.5, 5, 16.5],
			"to": [8.5, 9, 17],
			"faces": {
				"north": {"uv": [0, 0, 1, 4], "texture": "#0"},
				"east": {"uv": [0, 0, 0.5, 4], "texture": "#0"},
				"south": {"uv": [0, 0, 1, 4], "texture": "#0"},
				"west": {"uv": [0, 0, 0.5, 4], "texture": "#0"},
				"up": {"uv": [0, 0, 1, 0.5], "texture": "#0"},
				"down": {"uv": [0, 0, 1, 0.5], "texture": "#0"}
			}
		},
		{
			"from": [7.5, 5, 5],
			"to": [8.5, 7, 5.5],
			"faces": {
				"north": {"uv": [0, 0, 1, 4], "texture": "#0"},
				"east": {"uv": [0, 0, 0.5, 4], "texture": "#0"},
				"south": {"uv": [0, 0, 1, 4], "texture": "#0"},
				"west": {"uv": [0, 0, 0.5, 4], "texture": "#0"},
				"up": {"uv": [0, 0, 1, 0.5], "texture": "#0"},
				"down": {"uv": [0, 0, 1, 0.5], "texture": "#0"}
			}
		},
		{
			"from": [7.5, 5, 9.8],
			"to": [8.5, 5.5, 11.8],
			"rotation": {"angle": -22.5, "axis": "x", "origin": [8, 7, 11.75]},
			"faces": {
				"north": {"uv": [0, 0, 1, 0.5], "texture": "#0"},
				"east": {"uv": [0, 0, 2.5, 0.5], "texture": "#0"},
				"south": {"uv": [0, 0, 1, 0.5], "texture": "#0"},
				"west": {"uv": [0, 0, 2.5, 0.5], "texture": "#0"},
				"up": {"uv": [0, 0, 1, 0.5], "texture": "#0"},
				"down": {"uv": [0, 0, 1, 2.5], "texture": "#0"}
			}
		},
		{
			"from": [7.5, 4.28, 8],
			"to": [8.5, 4.78, 10.75],
			"rotation": {"angle": 0, "axis": "x", "origin": [8, 5.00053, 11.49582]},
			"faces": {
				"north": {"uv": [0, 0, 1, 0.5], "texture": "#1"},
				"east": {"uv": [0, 0, 2.5, 0.5], "texture": "#1"},
				"south": {"uv": [0, 0, 1, 0.5], "texture": "#1"},
				"west": {"uv": [0, 0, 2.5, 0.5], "texture": "#1"},
				"up": {"uv": [0, 0, 1, 0.5], "texture": "#1"},
				"down": {"uv": [0, 0, 1, 2.5], "texture": "#1"}
			}
		},
		{
			"from": [7.5, 4.7, 8],
			"to": [8.5, 5.2, 10.4],
			"rotation": {"angle": 0, "axis": "x", "origin": [8, 5.00053, 11.49582]},
			"faces": {
				"north": {"uv": [0, 0, 1, 0.5], "texture": "#1"},
				"east": {"uv": [0, 0, 2.4, 0.5], "texture": "#1"},
				"south": {"uv": [0, 0, 1, 0.5], "texture": "#1"},
				"west": {"uv": [0, 0, 2.4, 0.5], "texture": "#1"},
				"up": {"uv": [0, 0, 1, 0.5], "texture": "#1"},
				"down": {"uv": [0, 0, 1, 2.4], "texture": "#1"}
			}
		},
		{
			"from": [7.5, 5.2, 8],
			"to": [8.5, 5.7, 10],
			"rotation": {"angle": 0, "axis": "x", "origin": [8, 5.00053, 11.49582]},
			"faces": {
				"north": {"uv": [0, 0, 1, 0.5], "texture": "#1"},
				"east": {"uv": [0, 0, 2, 0.5], "texture": "#1"},
				"south": {"uv": [0, 0, 1, 0.5], "texture": "#1"},
				"west": {"uv": [0, 0, 2, 0.5], "texture": "#1"},
				"up": {"uv": [0, 0, 1, 0.5], "texture": "#1"},
				"down": {"uv": [0, 0, 1, 2], "texture": "#1"}
			}
		},
		{
			"from": [7.5, 5.7, 7.8],
			"to": [8.5, 6.2, 10],
			"rotation": {"angle": 0, "axis": "x", "origin": [8, 5.00053, 11.49582]},
			"faces": {
				"north": {"uv": [0, 0, 1, 0.5], "texture": "#1"},
				"east": {"uv": [0, 0, 2.2, 0.5], "texture": "#1"},
				"south": {"uv": [0, 0, 1, 0.5], "texture": "#1"},
				"west": {"uv": [0, 0, 2.2, 0.5], "texture": "#1"},
				"up": {"uv": [0, 0, 1, 0.5], "texture": "#1"},
				"down": {"uv": [0, 0, 1, 2.2], "texture": "#1"}
			}
		},
		{
			"from": [7.5, 6, 7.6],
			"to": [8.5, 6.5, 9.8],
			"rotation": {"angle": 0, "axis": "x", "origin": [8, 5.00053, 11.49582]},
			"faces": {
				"north": {"uv": [0, 0, 1, 0.5], "texture": "#1"},
				"east": {"uv": [0, 0, 2.2, 0.5], "texture": "#1"},
				"south": {"uv": [0, 0, 1, 0.5], "texture": "#1"},
				"west": {"uv": [0, 0, 2.2, 0.5], "texture": "#1"},
				"up": {"uv": [0, 0, 1, 0.5], "texture": "#1"},
				"down": {"uv": [0, 0, 1, 2.2], "texture": "#1"}
			}
		},
		{
			"from": [7.5, 6.5, 7.5],
			"to": [8.5, 7, 9.7],
			"rotation": {"angle": 0, "axis": "x", "origin": [8, 5.00053, 11.49582]},
			"faces": {
				"north": {"uv": [0, 0, 1, 0.5], "texture": "#1"},
				"east": {"uv": [0, 0, 2.2, 0.5], "texture": "#1"},
				"south": {"uv": [0, 0, 1, 0.5], "texture": "#1"},
				"west": {"uv": [0, 0, 2.2, 0.5], "texture": "#1"},
				"up": {"uv": [0, 0, 1, 0.5], "texture": "#1"},
				"down": {"uv": [0, 0, 1, 2.2], "texture": "#1"}
			}
		},
		{
			"from": [7.5, 7, 7.3],
			"to": [8.5, 7.5, 9.5],
			"rotation": {"angle": 0, "axis": "x", "origin": [8, 5.00053, 11.49582]},
			"faces": {
				"north": {"uv": [0, 0, 1, 0.5], "texture": "#1"},
				"east": {"uv": [0, 0, 2.2, 0.5], "texture": "#1"},
				"south": {"uv": [0, 0, 1, 0.5], "texture": "#1"},
				"west": {"uv": [0, 0, 2.2, 0.5], "texture": "#1"},
				"up": {"uv": [0, 0, 1, 0.5], "texture": "#1"},
				"down": {"uv": [0, 0, 1, 2.2], "texture": "#1"}
			}
		},
		{
			"from": [7.5, 7.5, 7],
			"to": [8.5, 8, 9.2],
			"rotation": {"angle": 0, "axis": "x", "origin": [8, 5.00053, 11.49582]},
			"faces": {
				"north": {"uv": [0, 0, 1, 0.5], "texture": "#1"},
				"east": {"uv": [0, 0, 2.2, 0.5], "texture": "#1"},
				"south": {"uv": [0, 0, 1, 0.5], "texture": "#1"},
				"west": {"uv": [0, 0, 2.2, 0.5], "texture": "#1"},
				"up": {"uv": [0, 0, 1, 0.5], "texture": "#1"},
				"down": {"uv": [0, 0, 1, 2.2], "texture": "#1"}
			}
		},
		{
			"from": [7.5, 8, 6.9],
			"to": [8.5, 8.5, 9.1],
			"rotation": {"angle": 0, "axis": "x", "origin": [8, 5.00053, 11.49582]},
			"faces": {
				"north": {"uv": [0, 0, 1, 0.5], "texture": "#1"},
				"east": {"uv": [0, 0, 2.2, 0.5], "texture": "#1"},
				"south": {"uv": [0, 0, 1, 0.5], "texture": "#1"},
				"west": {"uv": [0, 0, 2.2, 0.5], "texture": "#1"},
				"up": {"uv": [0, 0, 1, 0.5], "texture": "#1"},
				"down": {"uv": [0, 0, 1, 2.2], "texture": "#1"}
			}
		},
		{
			"from": [7.5, 4.5, 7.3],
			"to": [8.5, 8.5, 7.8],
			"rotation": {"angle": -22.5, "axis": "x", "origin": [8, 6.53, 8.25]},
			"faces": {
				"north": {"uv": [0, 0, 1, 5], "texture": "#1"},
				"east": {"uv": [0, 0, 0.5, 5], "texture": "#1"},
				"south": {"uv": [0, 0, 1, 5], "texture": "#1"},
				"west": {"uv": [0, 0, 0.5, 5], "texture": "#1"},
				"up": {"uv": [0, 0, 1, 0.5], "texture": "#1"},
				"down": {"uv": [0, 0, 1, 0.5], "texture": "#1"}
			}
		},
		{
			"from": [7.5, 3.7, 9.3],
			"to": [8.5, 8.1, 9.8],
			"rotation": {"angle": -22.5, "axis": "x", "origin": [8, 6.53, 8.25]},
			"faces": {
				"north": {"uv": [0, 0, 1, 4.5], "texture": "#1"},
				"east": {"uv": [0, 0, 0.5, 4.5], "texture": "#1"},
				"south": {"uv": [0, 0, 1, 4.5], "texture": "#1"},
				"west": {"uv": [0, 0, 0.5, 4.5], "texture": "#1"},
				"up": {"uv": [0, 0, 1, 0.5], "texture": "#1"},
				"down": {"uv": [0, 0, 1, 0.5], "texture": "#1"}
			}
		},
		{
			"from": [7.5, 5, 11.5],
			"to": [8.5, 9, 12],
			"rotation": {"angle": -22.5, "axis": "x", "origin": [8, 7, 11.75]},
			"faces": {
				"north": {"uv": [0, 0, 1, 4], "texture": "#0"},
				"east": {"uv": [0, 0, 0.5, 4], "texture": "#0"},
				"south": {"uv": [0, 0, 1, 4], "texture": "#0"},
				"west": {"uv": [0, 0, 0.5, 4], "texture": "#0"},
				"up": {"uv": [0, 0, 1, 0.5], "texture": "#0"},
				"down": {"uv": [0, 0, 1, 0.5], "texture": "#0"}
			}
		},
		{
			"from": [7.5, 5, 15.1],
			"to": [8.5, 5.5, 16.6],
			"rotation": {"angle": 0, "axis": "x", "origin": [8, 5.5, 15.75]},
			"faces": {
				"north": {"uv": [0, 0, 1, 0.5], "rotation": 180, "texture": "#0"},
				"east": {"uv": [0, 0, 0.5, 1.5], "rotation": 270, "texture": "#0"},
				"south": {"uv": [0, 0, 1, 0.5], "texture": "#0"},
				"west": {"uv": [0, 0, 0.5, 1.5], "rotation": 90, "texture": "#0"},
				"up": {"uv": [0, 0, 1, 0.5], "rotation": 180, "texture": "#0"},
				"down": {"uv": [0, 0, 1, 1.5], "texture": "#0"}
			}
		},
		{
			"from": [7.5, 7.5, 9.35],
			"to": [8.5, 8, 11.3],
			"rotation": {"angle": 0, "axis": "x", "origin": [8, 5.5, 15.75]},
			"faces": {
				"north": {"uv": [0, 0, 1, 0.5], "rotation": 180, "texture": "#0"},
				"east": {"uv": [0, 0, 0.5, 1.5], "rotation": 270, "texture": "#0"},
				"south": {"uv": [0, 0, 1, 0.5], "texture": "#0"},
				"west": {"uv": [0, 0, 0.5, 1.5], "rotation": 90, "texture": "#0"},
				"up": {"uv": [0, 0, 1, 0.5], "rotation": 180, "texture": "#0"},
				"down": {"uv": [0, 0, 1, 1.5], "texture": "#0"}
			}
		},
		{
			"from": [7.75, 9.5, 4.1],
			"to": [8.25, 10, 5.1],
			"rotation": {"angle": 0, "axis": "x", "origin": [8, 5.5, 15.75]},
			"faces": {
				"north": {"uv": [0, 0, 1, 0.5], "rotation": 180, "texture": "#0"},
				"east": {"uv": [0, 0, 0.5, 1.5], "rotation": 270, "texture": "#0"},
				"south": {"uv": [0, 0, 1, 0.5], "texture": "#0"},
				"west": {"uv": [0, 0, 0.5, 1.5], "rotation": 90, "texture": "#0"},
				"up": {"uv": [0, 0, 1, 0.5], "rotation": 180, "texture": "#0"},
				"down": {"uv": [0, 0, 1, 1.5], "texture": "#0"}
			}
		},
		{
			"from": [7.75, 9.5, 10.1],
			"to": [8.25, 10, 11.1],
			"rotation": {"angle": 0, "axis": "x", "origin": [8, 5.5, 15.75]},
			"faces": {
				"north": {"uv": [0, 0, 1, 0.5], "rotation": 180, "texture": "#0"},
				"east": {"uv": [0, 0, 0.5, 1.5], "rotation": 270, "texture": "#0"},
				"south": {"uv": [0, 0, 1, 0.5], "texture": "#0"},
				"west": {"uv": [0, 0, 0.5, 1.5], "rotation": 90, "texture": "#0"},
				"up": {"uv": [0, 0, 1, 0.5], "rotation": 180, "texture": "#0"},
				"down": {"uv": [0, 0, 1, 1.5], "texture": "#0"}
			}
		},
		{
			"from": [7.75, 9.5, 5.1],
			"to": [8.25, 10.5, 5.6],
			"rotation": {"angle": 0, "axis": "x", "origin": [8, 5.5, 15.75]},
			"faces": {
				"north": {"uv": [0, 0, 1, 0.5], "rotation": 180, "texture": "#0"},
				"east": {"uv": [0, 0, 0.5, 1.5], "rotation": 270, "texture": "#0"},
				"south": {"uv": [0, 0, 1, 0.5], "texture": "#0"},
				"west": {"uv": [0, 0, 0.5, 1.5], "rotation": 90, "texture": "#0"},
				"up": {"uv": [0, 0, 1, 0.5], "rotation": 180, "texture": "#0"},
				"down": {"uv": [0, 0, 1, 1.5], "texture": "#0"}
			}
		},
		{
			"from": [7.75, 9.5, 11.1],
			"to": [8.25, 10.5, 11.6],
			"rotation": {"angle": 0, "axis": "x", "origin": [8, 5.5, 15.75]},
			"faces": {
				"north": {"uv": [0, 0, 1, 0.5], "rotation": 180, "texture": "#0"},
				"east": {"uv": [0, 0, 0.5, 1.5], "rotation": 270, "texture": "#0"},
				"south": {"uv": [0, 0, 1, 0.5], "texture": "#0"},
				"west": {"uv": [0, 0, 0.5, 1.5], "rotation": 90, "texture": "#0"},
				"up": {"uv": [0, 0, 1, 0.5], "rotation": 180, "texture": "#0"},
				"down": {"uv": [0, 0, 1, 1.5], "texture": "#0"}
			}
		},
		{
			"from": [7.75, 8, 10.4],
			"to": [8.25, 8.5, 10.7],
			"rotation": {"angle": 0, "axis": "x", "origin": [8, 5.5, 15.75]},
			"faces": {
				"north": {"uv": [0, 0, 1, 0.5], "rotation": 180, "texture": "#0"},
				"east": {"uv": [0, 0, 0.5, 1.5], "rotation": 270, "texture": "#0"},
				"south": {"uv": [0, 0, 1, 0.5], "texture": "#0"},
				"west": {"uv": [0, 0, 0.5, 1.5], "rotation": 90, "texture": "#0"},
				"up": {"uv": [0, 0, 1, 0.5], "rotation": 180, "texture": "#0"},
				"down": {"uv": [0, 0, 1, 1.5], "texture": "#0"}
			}
		},
		{
			"from": [7.5, 7, 4.5],
			"to": [8.5, 7.5, 6],
			"rotation": {"angle": 0, "axis": "x", "origin": [8, 5.5, 15.75]},
			"faces": {
				"north": {"uv": [0, 0, 1, 0.5], "rotation": 180, "texture": "#0"},
				"east": {"uv": [0, 0, 0.5, 1.5], "rotation": 270, "texture": "#0"},
				"south": {"uv": [0, 0, 1, 0.5], "texture": "#0"},
				"west": {"uv": [0, 0, 0.5, 1.5], "rotation": 90, "texture": "#0"},
				"up": {"uv": [0, 0, 1, 0.5], "rotation": 180, "texture": "#0"},
				"down": {"uv": [0, 0, 1, 1.5], "texture": "#0"}
			}
		},
		{
			"from": [7.75, 8, 2.5],
			"to": [8.25, 8.5, 5],
			"rotation": {"angle": 0, "axis": "x", "origin": [8, 5.5, 15.75]},
			"faces": {
				"north": {"uv": [0, 0, 1, 0.5], "rotation": 180, "texture": "#0"},
				"east": {"uv": [0, 0, 0.5, 1.5], "rotation": 270, "texture": "#0"},
				"south": {"uv": [0, 0, 1, 0.5], "texture": "#0"},
				"west": {"uv": [0, 0, 0.5, 1.5], "rotation": 90, "texture": "#0"},
				"up": {"uv": [0, 0, 1, 0.5], "rotation": 180, "texture": "#0"},
				"down": {"uv": [0, 0, 1, 1.5], "texture": "#0"}
			}
		},
		{
			"from": [7.5, 7.75, 0.5],
			"to": [8.5, 8.75, 3],
			"rotation": {"angle": 0, "axis": "x", "origin": [8, 5.5, 15.75]},
			"faces": {
				"north": {"uv": [0, 0, 1, 0.5], "rotation": 180, "texture": "#0"},
				"east": {"uv": [0, 0, 0.5, 1.5], "rotation": 270, "texture": "#0"},
				"south": {"uv": [0, 0, 1, 0.5], "texture": "#0"},
				"west": {"uv": [0, 0, 0.5, 1.5], "rotation": 90, "texture": "#0"},
				"up": {"uv": [0, 0, 1, 0.5], "rotation": 180, "texture": "#0"},
				"down": {"uv": [0, 0, 1, 1.5], "texture": "#0"}
			}
		},
		{
			"from": [7.5, 8.5, 13.1],
			"to": [8.5, 9, 16.6],
			"rotation": {"angle": 0, "axis": "x", "origin": [8, 5.5, 15.75]},
			"faces": {
				"north": {"uv": [0, 0, 1, 0.5], "rotation": 180, "texture": "#0"},
				"east": {"uv": [0, 0, 0.5, 3.5], "rotation": 270, "texture": "#0"},
				"south": {"uv": [0, 0, 1, 0.5], "texture": "#0"},
				"west": {"uv": [0, 0, 0.5, 3.5], "rotation": 90, "texture": "#0"},
				"up": {"uv": [0, 0, 1, 0.5], "rotation": 180, "texture": "#0"},
				"down": {"uv": [0, 0, 1, 3.5], "texture": "#0"}
			}
		},
		{
			"from": [7.5, 8.5, 4.1],
			"to": [8.5, 9.5, 14.6],
			"rotation": {"angle": 0, "axis": "x", "origin": [8, 5.5, 15.75]},
			"faces": {
				"north": {"uv": [0, 0, 1, 1], "rotation": 180, "texture": "#0"},
				"east": {"uv": [0, 0, 1, 9.5], "rotation": 270, "texture": "#0"},
				"south": {"uv": [0, 0, 1, 1], "texture": "#0"},
				"west": {"uv": [0, 0, 1, 9.5], "rotation": 90, "texture": "#0"},
				"up": {"uv": [0, 0, 1, 0.5], "rotation": 180, "texture": "#0"},
				"down": {"uv": [0, 0, 1, 9.5], "texture": "#0"}
			}
		},
		{
			"from": [7.75, 1.6, 8.4],
			"to": [8.25, 5.45, 9.9],
			"rotation": {"angle": -22.5, "axis": "x", "origin": [8.00881, 4.098, 9.14318]},
			"faces": {
				"north": {"uv": [0, 0, 1, 1], "rotation": 180, "texture": "#0"},
				"east": {"uv": [0, 0, 1, 9.5], "rotation": 270, "texture": "#0"},
				"south": {"uv": [0, 0, 1, 1], "texture": "#0"},
				"west": {"uv": [0, 0, 1, 9.5], "rotation": 90, "texture": "#0"},
				"up": {"uv": [0, 0, 1, 0.5], "rotation": 180, "texture": "#0"},
				"down": {"uv": [0, 0, 1, 9.5], "texture": "#0"}
			}
		},
		{
			"from": [7.5, 7.5, 4.1],
			"to": [8.5, 8.5, 8.6],
			"rotation": {"angle": 0, "axis": "x", "origin": [8, 5.5, 15.75]},
			"faces": {
				"north": {"uv": [0, 0, 1, 1], "rotation": 180, "texture": "#1"},
				"east": {"uv": [0, 0, 1, 9.5], "rotation": 270, "texture": "#1"},
				"south": {"uv": [0, 0, 1, 1], "texture": "#1"},
				"west": {"uv": [0, 0, 1, 9.5], "rotation": 90, "texture": "#1"},
				"up": {"uv": [0, 0, 1, 0.5], "rotation": 180, "texture": "#1"},
				"down": {"uv": [0, 0, 1, 9.5], "texture": "#1"}
			}
		},
		{
			"from": [7.5, 6, 14.5],
			"to": [8.5, 7, 15],
			"rotation": {"angle": -22.5, "axis": "x", "origin": [8, 6.5, 14.75]},
			"faces": {
				"north": {"uv": [0, 0, 1, 1], "texture": "#0"},
				"east": {"uv": [0, 0, 0.5, 1], "texture": "#0"},
				"south": {"uv": [0, 0, 1, 1], "texture": "#0"},
				"west": {"uv": [0, 0, 0.5, 1], "texture": "#0"},
				"up": {"uv": [0, 0, 1, 0.5], "texture": "#0"},
				"down": {"uv": [0, 0, 1, 0.5], "texture": "#0"}
			}
		},
		{
			"from": [7.5, 7, 14.5],
			"to": [8.5, 9, 15],
			"rotation": {"angle": -22.5, "axis": "x", "origin": [8, 6.5, 14.75]},
			"faces": {
				"north": {"uv": [0, 0, 1, 2], "texture": "#0"},
				"east": {"uv": [0, 0, 0.5, 2], "texture": "#0"},
				"south": {"uv": [0, 0, 1, 2], "texture": "#0"},
				"west": {"uv": [0, 0, 0.5, 2], "texture": "#0"},
				"up": {"uv": [0, 0, 1, 0.5], "texture": "#0"},
				"down": {"uv": [0, 0, 1, 0.5], "texture": "#0"}
			}
		},
		{
			"from": [7.5, 5, 14.5],
			"to": [8.5, 6, 15],
			"rotation": {"angle": -22.5, "axis": "x", "origin": [8, 6.5, 14.75]},
			"faces": {
				"north": {"uv": [0, 0, 1, 1], "texture": "#0"},
				"east": {"uv": [0, 0, 0.5, 1], "texture": "#0"},
				"south": {"uv": [0, 0, 1, 1], "texture": "#0"},
				"west": {"uv": [0, 0, 0.5, 1], "texture": "#0"},
				"up": {"uv": [0, 0, 1, 0.5], "texture": "#0"},
				"down": {"uv": [0, 0, 1, 0.5], "texture": "#0"}
			}
		}
	],
	"display": {
		"thirdperson_righthand": {
			"translation": [0, 0, -2]
		},
		"firstperson_righthand": {
			"translation": [0, 3.5, 0]
		},
		"firstperson_lefthand": {
			"translation": [0, 2.75, 0]
		},
		"gui": {
			"rotation": [0, -90, 0],
			"translation": [1, 0, 0],
			"scale": [1, 1, 0.82]
		}
	}
}