{
	"credit": "Made with Blockbench",
	"textures": {
		"0": "items/bbala",
		"1": "items/glass",
		"particle": "items/bbala"
	},
	"elements": [
		{
			"from": [7.71533, 7.68461, 0.50003],
			"to": [8.31533, 8.38461, 5.70003],
			"faces": {
				"north": {"uv": [0, 0, 0.6, 0.7], "texture": "#0"},
				"east": {"uv": [0, 0, 5.2, 0.7], "texture": "#0"},
				"south": {"uv": [0, 0, 0.6, 0.7], "texture": "#0"},
				"west": {"uv": [0, 0, 5.2, 0.7], "texture": "#0"},
				"up": {"uv": [0, 0, 0.6, 5.2], "texture": "#0"},
				"down": {"uv": [0, 0, 0.6, 5.2], "texture": "#0"}
			}
		},
		{
			"from": [7.72439, 7.67552, -0.39996],
			"to": [8.32439, 8.37552, 0.50004],
			"faces": {
				"north": {"uv": [0, 0, 0.6, 0.7], "texture": "#0"},
				"east": {"uv": [0, 0, 0.9, 0.7], "texture": "#0"},
				"south": {"uv": [0, 0, 0.6, 0.7], "texture": "#0"},
				"west": {"uv": [0, 0, 0.9, 0.7], "texture": "#0"},
				"up": {"uv": [0, 0, 0.6, 0.9], "texture": "#0"},
				"down": {"uv": [0, 0, 0.6, 0.9], "texture": "#0"}
			}
		},
		{
			"from": [7.38, 7.67552, 0.30004],
			"to": [8.63, 8.37552, 0.50004],
			"faces": {
				"north": {"uv": [0, 0, 1.25, 0.7], "texture": "#0"},
				"east": {"uv": [0, 0, 0.2, 0.7], "texture": "#0"},
				"south": {"uv": [0, 0, 1.25, 0.7], "texture": "#0"},
				"west": {"uv": [0, 0, 0.2, 0.7], "texture": "#0"},
				"up": {"uv": [0, 0, 1.25, 0.2], "texture": "#0"},
				"down": {"uv": [0, 0, 1.25, 0.2], "texture": "#0"}
			}
		},
		{
			"from": [7.49383, 7.67657, -0.45535],
			"to": [7.59383, 8.37657, 0.44465],
			"rotation": {"angle": -22.5, "axis": "y", "origin": [7.66047, 8.03988, 0.04963]},
			"faces": {
				"north": {"uv": [0, 0, 0.1, 0.7], "texture": "#0"},
				"east": {"uv": [0, 0, 0.9, 0.7], "texture": "#0"},
				"south": {"uv": [0, 0, 0.1, 0.7], "texture": "#0"},
				"west": {"uv": [0, 0, 0.9, 0.7], "texture": "#0"},
				"up": {"uv": [0, 0, 0.1, 0.9], "texture": "#0"},
				"down": {"uv": [0, 0, 0.1, 0.9], "texture": "#0"}
			}
		},
		{
			"from": [8.35658, 7.67535, -0.1991],
			"to": [8.45658, 8.37535, 0.7009],
			"rotation": {"angle": 22.5, "axis": "y", "origin": [7.66047, 8.03988, 0.04963]},
			"faces": {
				"north": {"uv": [0, 0, 0.1, 0.7], "texture": "#0"},
				"east": {"uv": [0, 0, 0.9, 0.7], "texture": "#0"},
				"south": {"uv": [0, 0, 0.1, 0.7], "texture": "#0"},
				"west": {"uv": [0, 0, 0.9, 0.7], "texture": "#0"},
				"up": {"uv": [0, 0, 0.1, 0.9], "texture": "#0"},
				"down": {"uv": [0, 0, 0.1, 0.9], "texture": "#0"}
			}
		},
		{
			"from": [7.5, 7.25, 5.7],
			"to": [8.5, 8.76, 14.5],
			"faces": {
				"north": {"uv": [0, 0, 1, 1.51], "texture": "#0"},
				"east": {"uv": [0, 0, 8.8, 1.51], "texture": "#0"},
				"south": {"uv": [0, 0, 1, 1.51], "texture": "#0"},
				"west": {"uv": [0, 0, 8.8, 1.51], "texture": "#0"},
				"up": {"uv": [0, 0, 1, 8.8], "texture": "#0"},
				"down": {"uv": [0, 0, 1, 8.8], "texture": "#0"}
			}
		},
		{
			"from": [6.78708, 4.05665, 8.80627],
			"to": [7.18708, 4.46665, 9.50627],
			"faces": {
				"north": {"uv": [0, 0, 0.4, 0.41], "texture": "#0"},
				"east": {"uv": [0, 0, 0.7, 0.41], "texture": "#0"},
				"south": {"uv": [0, 0, 0.4, 0.41], "texture": "#0"},
				"west": {"uv": [0, 0, 0.7, 0.41], "texture": "#0"},
				"up": {"uv": [0, 0, 0.4, 0.7], "texture": "#0"},
				"down": {"uv": [0, 0, 0.4, 0.7], "texture": "#0"}
			}
		},
		{
			"from": [8.98708, 4.05282, 8.81011],
			"to": [9.38708, 4.46282, 9.51011],
			"faces": {
				"north": {"uv": [0, 0, 0.4, 0.41], "texture": "#0"},
				"east": {"uv": [0, 0, 0.7, 0.41], "texture": "#0"},
				"south": {"uv": [0, 0, 0.4, 0.41], "texture": "#0"},
				"west": {"uv": [0, 0, 0.7, 0.41], "texture": "#0"},
				"up": {"uv": [0, 0, 0.4, 0.7], "texture": "#0"},
				"down": {"uv": [0, 0, 0.4, 0.7], "texture": "#0"}
			}
		},
		{
			"from": [7.28083, 7.24475, 14.49997],
			"to": [8.68083, 8.75475, 15.49997],
			"faces": {
				"north": {"uv": [0, 0, 1.4, 1.51], "texture": "#0"},
				"east": {"uv": [0, 0, 1, 1.51], "texture": "#0"},
				"south": {"uv": [0, 0, 1.4, 1.51], "texture": "#0"},
				"west": {"uv": [0, 0, 1, 1.51], "texture": "#0"},
				"up": {"uv": [0, 0, 1.4, 1], "texture": "#0"},
				"down": {"uv": [0, 0, 1.4, 1], "texture": "#0"}
			}
		},
		{
			"from": [7.27909, 8.35475, 15.49996],
			"to": [8.67909, 8.76475, 18.59996],
			"faces": {
				"north": {"uv": [0, 0, 1.4, 0.41], "texture": "#0"},
				"east": {"uv": [0, 0, 3.1, 0.41], "texture": "#0"},
				"south": {"uv": [0, 0, 1.4, 0.41], "texture": "#0"},
				"west": {"uv": [0, 0, 3.1, 0.41], "texture": "#0"},
				"up": {"uv": [0, 0, 1.4, 3.1], "texture": "#0"},
				"down": {"uv": [0, 0, 1.4, 3.1], "texture": "#0"}
			}
		},
		{
			"from": [7.47979, 8.75475, 15.49927],
			"to": [8.47979, 8.96475, 18.59927],
			"faces": {
				"north": {"uv": [0, 0, 1, 0.21], "texture": "#0"},
				"east": {"uv": [0, 0, 3.1, 0.21], "texture": "#0"},
				"south": {"uv": [0, 0, 1, 0.21], "texture": "#0"},
				"west": {"uv": [0, 0, 3.1, 0.21], "texture": "#0"},
				"up": {"uv": [0, 0, 1, 3.1], "texture": "#0"},
				"down": {"uv": [0, 0, 1, 3.1], "texture": "#0"}
			}
		},
		{
			"from": [7.47631, 8.9586, 17.69891],
			"to": [8.47631, 9.8686, 17.99891],
			"faces": {
				"north": {"uv": [0, 0, 1, 0.91], "texture": "#0"},
				"east": {"uv": [0, 0, 0.3, 0.91], "texture": "#0"},
				"south": {"uv": [0, 0, 1, 0.91], "texture": "#0"},
				"west": {"uv": [0, 0, 0.3, 0.91], "texture": "#0"},
				"up": {"uv": [0, 0, 1, 0.3], "texture": "#0"},
				"down": {"uv": [0, 0, 1, 0.3], "texture": "#0"}
			}
		},
		{
			"from": [7.37788, 9.8586, 17.69734],
			"to": [8.57788, 9.9686, 17.99734],
			"faces": {
				"north": {"uv": [0, 0, 1.2, 0.11], "texture": "#0"},
				"east": {"uv": [0, 0, 0.3, 0.11], "texture": "#0"},
				"south": {"uv": [0, 0, 1.2, 0.11], "texture": "#0"},
				"west": {"uv": [0, 0, 0.3, 0.11], "texture": "#0"},
				"up": {"uv": [0, 0, 1.2, 0.3], "texture": "#0"},
				"down": {"uv": [0, 0, 1.2, 0.3], "texture": "#0"}
			}
		},
		{
			"from": [7.38067, 9.8558, 16.09734],
			"to": [8.58067, 9.9658, 16.39734],
			"faces": {
				"north": {"uv": [0, 0, 1.2, 0.11], "texture": "#0"},
				"east": {"uv": [0, 0, 0.3, 0.11], "texture": "#0"},
				"south": {"uv": [0, 0, 1.2, 0.11], "texture": "#0"},
				"west": {"uv": [0, 0, 0.3, 0.11], "texture": "#0"},
				"up": {"uv": [0, 0, 1.2, 0.3], "texture": "#0"},
				"down": {"uv": [0, 0, 1.2, 0.3], "texture": "#0"}
			}
		},
		{
			"from": [7.37998, 11.05859, 17.69524],
			"to": [8.57998, 11.16859, 17.99524],
			"faces": {
				"north": {"uv": [0, 0, 1.2, 0.11], "texture": "#0"},
				"east": {"uv": [0, 0, 0.3, 0.11], "texture": "#0"},
				"south": {"uv": [0, 0, 1.2, 0.11], "texture": "#0"},
				"west": {"uv": [0, 0, 0.3, 0.11], "texture": "#0"},
				"up": {"uv": [0, 0, 1.2, 0.3], "texture": "#0"},
				"down": {"uv": [0, 0, 1.2, 0.3], "texture": "#0"}
			}
		},
		{
			"from": [7.38277, 11.0558, 16.09525],
			"to": [8.58277, 11.1658, 16.39525],
			"faces": {
				"north": {"uv": [0, 0, 1.2, 0.11], "texture": "#0"},
				"east": {"uv": [0, 0, 0.3, 0.11], "texture": "#0"},
				"south": {"uv": [0, 0, 1.2, 0.11], "texture": "#0"},
				"west": {"uv": [0, 0, 0.3, 0.11], "texture": "#0"},
				"up": {"uv": [0, 0, 1.2, 0.3], "texture": "#0"},
				"down": {"uv": [0, 0, 1.2, 0.3], "texture": "#0"}
			}
		},
		{
			"from": [7.27806, 9.9586, 17.69716],
			"to": [8.67806, 10.0686, 17.99716],
			"faces": {
				"north": {"uv": [0, 0, 1.4, 0.11], "texture": "#0"},
				"east": {"uv": [0, 0, 0.3, 0.11], "texture": "#0"},
				"south": {"uv": [0, 0, 1.4, 0.11], "texture": "#0"},
				"west": {"uv": [0, 0, 0.3, 0.11], "texture": "#0"},
				"up": {"uv": [0, 0, 1.4, 0.3], "texture": "#0"},
				"down": {"uv": [0, 0, 1.4, 0.3], "texture": "#0"}
			}
		},
		{
			"from": [7.28084, 9.9558, 16.09717],
			"to": [8.68084, 10.0658, 16.39717],
			"faces": {
				"north": {"uv": [0, 0, 1.4, 0.11], "texture": "#0"},
				"east": {"uv": [0, 0, 0.3, 0.11], "texture": "#0"},
				"south": {"uv": [0, 0, 1.4, 0.11], "texture": "#0"},
				"west": {"uv": [0, 0, 0.3, 0.11], "texture": "#0"},
				"up": {"uv": [0, 0, 1.4, 0.3], "texture": "#0"},
				"down": {"uv": [0, 0, 1.4, 0.3], "texture": "#0"}
			}
		},
		{
			"from": [7.27981, 10.95859, 17.69542],
			"to": [8.67981, 11.06859, 17.99542],
			"faces": {
				"north": {"uv": [0, 0, 1.4, 0.11], "texture": "#0"},
				"east": {"uv": [0, 0, 0.3, 0.11], "texture": "#0"},
				"south": {"uv": [0, 0, 1.4, 0.11], "texture": "#0"},
				"west": {"uv": [0, 0, 0.3, 0.11], "texture": "#0"},
				"up": {"uv": [0, 0, 1.4, 0.3], "texture": "#0"},
				"down": {"uv": [0, 0, 1.4, 0.3], "texture": "#0"}
			}
		},
		{
			"from": [7.28259, 10.9558, 16.09542],
			"to": [8.68259, 11.0658, 16.39542],
			"faces": {
				"north": {"uv": [0, 0, 1.4, 0.11], "texture": "#0"},
				"east": {"uv": [0, 0, 0.3, 0.11], "texture": "#0"},
				"south": {"uv": [0, 0, 1.4, 0.11], "texture": "#0"},
				"west": {"uv": [0, 0, 0.3, 0.11], "texture": "#0"},
				"up": {"uv": [0, 0, 1.4, 0.3], "texture": "#0"},
				"down": {"uv": [0, 0, 1.4, 0.3], "texture": "#0"}
			}
		},
		{
			"from": [7.17823, 10.0586, 17.69699],
			"to": [8.77823, 10.9686, 17.99699],
			"faces": {
				"north": {"uv": [0, 0, 1.6, 0.91], "texture": "#0"},
				"east": {"uv": [0, 0, 0.3, 0.91], "texture": "#0"},
				"south": {"uv": [0, 0, 1.6, 0.91], "texture": "#0"},
				"west": {"uv": [0, 0, 0.3, 0.91], "texture": "#0"},
				"up": {"uv": [0, 0, 1.6, 0.3], "texture": "#0"},
				"down": {"uv": [0, 0, 1.6, 0.3], "texture": "#0"}
			}
		},
		{
			"from": [7.37875, 10.05807, 15.79699],
			"to": [8.57875, 10.96807, 18.59699],
			"faces": {
				"north": {"uv": [0, 0, 1.2, 0.91], "texture": "#0"},
				"east": {"uv": [0, 0, 2.8, 0.91], "texture": "#0"},
				"south": {"uv": [0, 0, 1.2, 0.91], "texture": "#0"},
				"west": {"uv": [0, 0, 2.8, 0.91], "texture": "#0"},
				"up": {"uv": [0, 0, 1.2, 2.8], "texture": "#0"},
				"down": {"uv": [0, 0, 1.2, 2.8], "texture": "#0"}
			}
		},
		{
			"from": [7.28363, 9.95318, 13.19],
			"to": [8.68363, 11.06318, 15.79],
			"faces": {
				"north": {"uv": [0, 0, 16, 16], "texture": "#1"},
				"east": {"uv": [0, 0, 2.6, 1.11], "texture": "#0"},
				"south": {"uv": [0, 0, 1.4, 1.11], "texture": "#0"},
				"west": {"uv": [0, 0, 2.6, 1.11], "texture": "#0"},
				"up": {"uv": [0, 0, 1.4, 2.6], "texture": "#0"},
				"down": {"uv": [0, 0, 1.4, 2.6], "texture": "#0"}
			}
		},
		{
			"from": [7.27231, 9.96454, 19.7],
			"to": [8.67231, 11.07454, 19.8],
			"faces": {
				"north": {"uv": [0, 0, 16, 16], "texture": "#1"},
				"east": {"uv": [0, 0, 2.6, 1.11], "texture": "#0"},
				"south": {"uv": [0, 0, 16, 16], "texture": "#1"},
				"west": {"uv": [0, 0, 2.6, 1.11], "texture": "#0"},
				"up": {"uv": [0, 0, 1.4, 2.6], "texture": "#0"},
				"down": {"uv": [0, 0, 1.4, 2.6], "texture": "#0"}
			}
		},
		{
			"from": [7.18363, 9.85318, 13.197],
			"to": [8.78363, 11.16318, 15.497],
			"faces": {
				"north": {"uv": [0, 0, 1.6, 1.31], "texture": "#0"},
				"east": {"uv": [0, 0, 2.3, 1.31], "texture": "#0"},
				"south": {"uv": [0, 0, 1.6, 1.31], "texture": "#0"},
				"west": {"uv": [0, 0, 2.3, 1.31], "texture": "#0"},
				"up": {"uv": [0, 0, 1.6, 2.3], "texture": "#0"},
				"down": {"uv": [0, 0, 1.6, 2.3], "texture": "#0"}
			}
		},
		{
			"from": [7.27422, 9.96262, 18.59698],
			"to": [8.67422, 11.07262, 19.79698],
			"faces": {
				"north": {"uv": [0, 0, 1.4, 1.11], "texture": "#0"},
				"east": {"uv": [0, 0, 1.2, 1.11], "texture": "#0"},
				"south": {"uv": [0, 0, 1.4, 1.11], "texture": "#0"},
				"west": {"uv": [0, 0, 1.2, 1.11], "texture": "#0"},
				"up": {"uv": [0, 0, 1.4, 1.2], "texture": "#0"},
				"down": {"uv": [0, 0, 1.4, 1.2], "texture": "#0"}
			}
		},
		{
			"from": [7.27875, 10.15825, 15.79682],
			"to": [7.37875, 10.86825, 18.59682],
			"faces": {
				"north": {"uv": [0, 0, 0.1, 0.71], "texture": "#0"},
				"east": {"uv": [0, 0, 2.8, 0.71], "texture": "#0"},
				"south": {"uv": [0, 0, 0.1, 0.71], "texture": "#0"},
				"west": {"uv": [0, 0, 2.8, 0.71], "texture": "#0"},
				"up": {"uv": [0, 0, 0.1, 2.8], "texture": "#0"},
				"down": {"uv": [0, 0, 0.1, 2.8], "texture": "#0"}
			}
		},
		{
			"from": [7.18363, 10.05335, 13.19682],
			"to": [7.48363, 10.96335, 15.79682],
			"faces": {
				"north": {"uv": [0, 0, 0.3, 0.91], "texture": "#0"},
				"east": {"uv": [0, 0, 2.6, 0.91], "texture": "#0"},
				"south": {"uv": [0, 0, 0.3, 0.91], "texture": "#0"},
				"west": {"uv": [0, 0, 2.6, 0.91], "texture": "#0"},
				"up": {"uv": [0, 0, 0.3, 2.6], "texture": "#0"},
				"down": {"uv": [0, 0, 0.3, 2.6], "texture": "#0"}
			}
		},
		{
			"from": [7.08363, 9.95335, 13.19682],
			"to": [7.58363, 11.06335, 15.49682],
			"faces": {
				"north": {"uv": [0, 0, 0.5, 1.11], "texture": "#0"},
				"east": {"uv": [0, 0, 2.3, 1.11], "texture": "#0"},
				"south": {"uv": [0, 0, 0.5, 1.11], "texture": "#0"},
				"west": {"uv": [0, 0, 2.3, 1.11], "texture": "#0"},
				"up": {"uv": [0, 0, 0.5, 2.3], "texture": "#0"},
				"down": {"uv": [0, 0, 0.5, 2.3], "texture": "#0"}
			}
		},
		{
			"from": [7.17422, 10.06279, 18.59681],
			"to": [7.47422, 10.97279, 19.79681],
			"faces": {
				"north": {"uv": [0, 0, 0.3, 0.91], "texture": "#0"},
				"east": {"uv": [0, 0, 1.2, 0.91], "texture": "#0"},
				"south": {"uv": [0, 0, 0.3, 0.91], "texture": "#0"},
				"west": {"uv": [0, 0, 1.2, 0.91], "texture": "#0"},
				"up": {"uv": [0, 0, 0.3, 1.2], "texture": "#0"},
				"down": {"uv": [0, 0, 0.3, 1.2], "texture": "#0"}
			}
		},
		{
			"from": [8.57875, 10.15598, 15.79908],
			"to": [8.67875, 10.86598, 18.59908],
			"faces": {
				"north": {"uv": [0, 0, 0.1, 0.71], "texture": "#0"},
				"east": {"uv": [0, 0, 2.8, 0.71], "texture": "#0"},
				"south": {"uv": [0, 0, 0.1, 0.71], "texture": "#0"},
				"west": {"uv": [0, 0, 2.8, 0.71], "texture": "#0"},
				"up": {"uv": [0, 0, 0.1, 2.8], "texture": "#0"},
				"down": {"uv": [0, 0, 0.1, 2.8], "texture": "#0"}
			}
		},
		{
			"from": [8.48363, 10.05108, 13.19909],
			"to": [8.78363, 10.96108, 15.79909],
			"faces": {
				"north": {"uv": [0, 0, 0.3, 0.91], "texture": "#0"},
				"east": {"uv": [0, 0, 2.6, 0.91], "texture": "#0"},
				"south": {"uv": [0, 0, 0.3, 0.91], "texture": "#0"},
				"west": {"uv": [0, 0, 2.6, 0.91], "texture": "#0"},
				"up": {"uv": [0, 0, 0.3, 2.6], "texture": "#0"},
				"down": {"uv": [0, 0, 0.3, 2.6], "texture": "#0"}
			}
		},
		{
			"from": [8.38363, 9.95108, 13.19909],
			"to": [8.88363, 11.06108, 15.49909],
			"faces": {
				"north": {"uv": [0, 0, 0.5, 1.11], "texture": "#0"},
				"east": {"uv": [0, 0, 2.3, 1.11], "texture": "#0"},
				"south": {"uv": [0, 0, 0.5, 1.11], "texture": "#0"},
				"west": {"uv": [0, 0, 2.3, 1.11], "texture": "#0"},
				"up": {"uv": [0, 0, 0.5, 2.3], "texture": "#0"},
				"down": {"uv": [0, 0, 0.5, 2.3], "texture": "#0"}
			}
		},
		{
			"from": [8.47422, 10.06052, 18.59908],
			"to": [8.77422, 10.97052, 19.79908],
			"faces": {
				"north": {"uv": [0, 0, 0.3, 0.91], "texture": "#0"},
				"east": {"uv": [0, 0, 1.2, 0.91], "texture": "#0"},
				"south": {"uv": [0, 0, 0.3, 0.91], "texture": "#0"},
				"west": {"uv": [0, 0, 1.2, 0.91], "texture": "#0"},
				"up": {"uv": [0, 0, 0.3, 1.2], "texture": "#0"},
				"down": {"uv": [0, 0, 0.3, 1.2], "texture": "#0"}
			}
		},
		{
			"from": [7.48015, 10.95789, 15.79577],
			"to": [8.48015, 11.06789, 18.59577],
			"faces": {
				"north": {"uv": [0, 0, 1, 0.11], "texture": "#0"},
				"east": {"uv": [0, 0, 2.8, 0.11], "texture": "#0"},
				"south": {"uv": [0, 0, 1, 0.11], "texture": "#0"},
				"west": {"uv": [0, 0, 2.8, 0.11], "texture": "#0"},
				"up": {"uv": [0, 0, 1, 2.8], "texture": "#0"},
				"down": {"uv": [0, 0, 1, 2.8], "texture": "#0"}
			}
		},
		{
			"from": [7.38503, 10.853, 13.19578],
			"to": [8.58503, 11.163, 15.79578],
			"faces": {
				"north": {"uv": [0, 0, 1.2, 0.31], "texture": "#0"},
				"east": {"uv": [0, 0, 2.6, 0.31], "texture": "#0"},
				"south": {"uv": [0, 0, 1.2, 0.31], "texture": "#0"},
				"west": {"uv": [0, 0, 2.6, 0.31], "texture": "#0"},
				"up": {"uv": [0, 0, 1.2, 2.6], "texture": "#0"},
				"down": {"uv": [0, 0, 1.2, 2.6], "texture": "#0"}
			}
		},
		{
			"from": [7.28503, 10.753, 13.19578],
			"to": [8.68503, 11.263, 15.49578],
			"faces": {
				"north": {"uv": [0, 0, 1.4, 0.51], "texture": "#0"},
				"east": {"uv": [0, 0, 2.3, 0.51], "texture": "#0"},
				"south": {"uv": [0, 0, 1.4, 0.51], "texture": "#0"},
				"west": {"uv": [0, 0, 2.3, 0.51], "texture": "#0"},
				"up": {"uv": [0, 0, 1.4, 2.3], "texture": "#0"},
				"down": {"uv": [0, 0, 1.4, 2.3], "texture": "#0"}
			}
		},
		{
			"from": [7.37562, 10.86244, 18.59576],
			"to": [8.57562, 11.17244, 19.79576],
			"faces": {
				"north": {"uv": [0, 0, 1.2, 0.31], "texture": "#0"},
				"east": {"uv": [0, 0, 1.2, 0.31], "texture": "#0"},
				"south": {"uv": [0, 0, 1.2, 0.31], "texture": "#0"},
				"west": {"uv": [0, 0, 1.2, 0.31], "texture": "#0"},
				"up": {"uv": [0, 0, 1.2, 1.2], "texture": "#0"},
				"down": {"uv": [0, 0, 1.2, 1.2], "texture": "#0"}
			}
		},
		{
			"from": [7.4784, 9.9579, 15.79751],
			"to": [8.4784, 10.0679, 18.59751],
			"faces": {
				"north": {"uv": [0, 0, 1, 0.11], "texture": "#0"},
				"east": {"uv": [0, 0, 2.8, 0.11], "texture": "#0"},
				"south": {"uv": [0, 0, 1, 0.11], "texture": "#0"},
				"west": {"uv": [0, 0, 2.8, 0.11], "texture": "#0"},
				"up": {"uv": [0, 0, 1, 2.8], "texture": "#0"},
				"down": {"uv": [0, 0, 1, 2.8], "texture": "#0"}
			}
		},
		{
			"from": [7.38328, 9.853, 13.19752],
			"to": [8.58328, 10.163, 15.79752],
			"faces": {
				"north": {"uv": [0, 0, 1.2, 0.31], "texture": "#0"},
				"east": {"uv": [0, 0, 2.6, 0.31], "texture": "#0"},
				"south": {"uv": [0, 0, 1.2, 0.31], "texture": "#0"},
				"west": {"uv": [0, 0, 2.6, 0.31], "texture": "#0"},
				"up": {"uv": [0, 0, 1.2, 2.6], "texture": "#0"},
				"down": {"uv": [0, 0, 1.2, 2.6], "texture": "#0"}
			}
		},
		{
			"from": [7.28328, 9.753, 13.19752],
			"to": [8.68328, 10.263, 15.49752],
			"faces": {
				"north": {"uv": [0, 0, 1.4, 0.51], "texture": "#0"},
				"east": {"uv": [0, 0, 2.3, 0.51], "texture": "#0"},
				"south": {"uv": [0, 0, 1.4, 0.51], "texture": "#0"},
				"west": {"uv": [0, 0, 2.3, 0.51], "texture": "#0"},
				"up": {"uv": [0, 0, 1.4, 2.3], "texture": "#0"},
				"down": {"uv": [0, 0, 1.4, 2.3], "texture": "#0"}
			}
		},
		{
			"from": [7.37387, 9.86244, 18.59751],
			"to": [8.57387, 10.17244, 19.79751],
			"faces": {
				"north": {"uv": [0, 0, 1.2, 0.31], "texture": "#0"},
				"east": {"uv": [0, 0, 1.2, 0.31], "texture": "#0"},
				"south": {"uv": [0, 0, 1.2, 0.31], "texture": "#0"},
				"west": {"uv": [0, 0, 1.2, 0.31], "texture": "#0"},
				"up": {"uv": [0, 0, 1.2, 1.2], "texture": "#0"},
				"down": {"uv": [0, 0, 1.2, 1.2], "texture": "#0"}
			}
		},
		{
			"from": [7.18102, 10.0558, 16.09699],
			"to": [8.78102, 10.9658, 16.39699],
			"faces": {
				"north": {"uv": [0, 0, 1.6, 0.91], "texture": "#0"},
				"east": {"uv": [0, 0, 0.3, 0.91], "texture": "#0"},
				"south": {"uv": [0, 0, 1.6, 0.91], "texture": "#0"},
				"west": {"uv": [0, 0, 0.3, 0.91], "texture": "#0"},
				"up": {"uv": [0, 0, 1.6, 0.3], "texture": "#0"},
				"down": {"uv": [0, 0, 1.6, 0.3], "texture": "#0"}
			}
		},
		{
			"from": [7.4791, 8.9558, 16.09891],
			"to": [8.4791, 9.8658, 16.39891],
			"faces": {
				"north": {"uv": [0, 0, 1, 0.91], "texture": "#0"},
				"east": {"uv": [0, 0, 0.3, 0.91], "texture": "#0"},
				"south": {"uv": [0, 0, 1, 0.91], "texture": "#0"},
				"west": {"uv": [0, 0, 0.3, 0.91], "texture": "#0"},
				"up": {"uv": [0, 0, 1, 0.3], "texture": "#0"},
				"down": {"uv": [0, 0, 1, 0.3], "texture": "#0"}
			}
		},
		{
			"from": [7.27804, 7.46475, 15.50101],
			"to": [8.67804, 8.17475, 18.60101],
			"faces": {
				"north": {"uv": [0, 0, 1.4, 0.71], "texture": "#0"},
				"east": {"uv": [0, 0, 3.1, 0.71], "texture": "#0"},
				"south": {"uv": [0, 0, 1.4, 0.71], "texture": "#0"},
				"west": {"uv": [0, 0, 3.1, 0.71], "texture": "#0"},
				"up": {"uv": [0, 0, 1.4, 3.1], "texture": "#0"},
				"down": {"uv": [0, 0, 1.4, 3.1], "texture": "#0"}
			}
		},
		{
			"from": [7.27264, 7.47017, 18.601],
			"to": [8.67264, 8.77017, 21.701],
			"faces": {
				"north": {"uv": [0, 0, 1.4, 1.3], "texture": "#0"},
				"east": {"uv": [0, 0, 3.1, 1.3], "texture": "#0"},
				"south": {"uv": [0, 0, 1.4, 1.3], "texture": "#0"},
				"west": {"uv": [0, 0, 3.1, 1.3], "texture": "#0"},
				"up": {"uv": [0, 0, 1.4, 3.1], "texture": "#0"},
				"down": {"uv": [0, 0, 1.4, 3.1], "texture": "#0"}
			}
		},
		{
			"from": [7.26724, 7.57559, 21.70099],
			"to": [8.66724, 8.77559, 27.70099],
			"faces": {
				"north": {"uv": [0, 0, 1.4, 1.2], "texture": "#0"},
				"east": {"uv": [0, 0, 6, 1.2], "texture": "#0"},
				"south": {"uv": [0, 0, 1.4, 1.2], "texture": "#0"},
				"west": {"uv": [0, 0, 6, 1.2], "texture": "#0"},
				"up": {"uv": [0, 0, 1.4, 6], "texture": "#0"},
				"down": {"uv": [0, 0, 1.4, 6], "texture": "#0"}
			}
		},
		{
			"from": [7.25679, 7.58609, 27.70097],
			"to": [8.65679, 8.78609, 27.90097],
			"faces": {
				"north": {"uv": [0, 0, 1.4, 1.2], "texture": "#0"},
				"east": {"uv": [0, 0, 0.2, 1.2], "texture": "#0"},
				"south": {"uv": [0, 0, 1.4, 1.2], "texture": "#0"},
				"west": {"uv": [0, 0, 0.2, 1.2], "texture": "#0"},
				"up": {"uv": [0, 0, 1.4, 0.2], "texture": "#0"},
				"down": {"uv": [0, 0, 1.4, 0.2], "texture": "#0"}
			}
		},
		{
			"from": [7.45469, 6.38609, 27.70307],
			"to": [8.45469, 7.58609, 27.90307],
			"faces": {
				"north": {"uv": [0, 0, 1, 1.2], "texture": "#0"},
				"east": {"uv": [0, 0, 0.2, 1.2], "texture": "#0"},
				"south": {"uv": [0, 0, 1, 1.2], "texture": "#0"},
				"west": {"uv": [0, 0, 0.2, 1.2], "texture": "#0"},
				"up": {"uv": [0, 0, 1, 0.2], "texture": "#0"},
				"down": {"uv": [0, 0, 1, 0.2], "texture": "#0"}
			}
		},
		{
			"from": [7.46358, 6.60307, 22.91917],
			"to": [8.46358, 6.80307, 26.01917],
			"rotation": {"angle": 22.5, "axis": "x", "origin": [7.99443, 6.14892, 25.55044]},
			"faces": {
				"north": {"uv": [0, 0, 1, 0.2], "texture": "#0"},
				"east": {"uv": [0, 0, 3.1, 0.2], "texture": "#0"},
				"south": {"uv": [0, 0, 1, 0.2], "texture": "#0"},
				"west": {"uv": [0, 0, 3.1, 0.2], "texture": "#0"},
				"up": {"uv": [0, 0, 1, 3.1], "texture": "#0"},
				"down": {"uv": [0, 0, 1, 3.1], "texture": "#0"}
			}
		},
		{
			"from": [7.45573, 6.38888, 26.14447],
			"to": [8.45573, 6.58888, 27.74447],
			"rotation": {"angle": 0, "axis": "x", "origin": [7.99443, 6.14892, 25.55044]},
			"faces": {
				"north": {"uv": [0, 0, 1, 0.2], "texture": "#0"},
				"east": {"uv": [0, 0, 1.6, 0.2], "texture": "#0"},
				"south": {"uv": [0, 0, 1, 0.2], "texture": "#0"},
				"west": {"uv": [0, 0, 1.6, 0.2], "texture": "#0"},
				"up": {"uv": [0, 0, 1, 1.6], "texture": "#0"},
				"down": {"uv": [0, 0, 1, 1.6], "texture": "#0"}
			}
		},
		{
			"from": [7.37054, 7.17018, 18.6031],
			"to": [8.57054, 7.48018, 21.7031],
			"faces": {
				"north": {"uv": [0, 0, 1.2, 0.31], "texture": "#0"},
				"east": {"uv": [0, 0, 3.1, 0.31], "texture": "#0"},
				"south": {"uv": [0, 0, 1.2, 0.31], "texture": "#0"},
				"west": {"uv": [0, 0, 3.1, 0.31], "texture": "#0"},
				"up": {"uv": [0, 0, 1.2, 3.1], "texture": "#0"},
				"down": {"uv": [0, 0, 1.2, 3.1], "texture": "#0"}
			}
		},
		{
			"from": [7.36549, 7.36, 21.7],
			"to": [8.56549, 7.77, 22.8],
			"rotation": {"angle": -22.5, "axis": "x", "origin": [7.99119, 7.20584, 22.15176]},
			"faces": {
				"north": {"uv": [0, 0, 1.2, 0.41], "texture": "#0"},
				"east": {"uv": [0, 0, 1.1, 0.41], "texture": "#0"},
				"south": {"uv": [0, 0, 1.2, 0.41], "texture": "#0"},
				"west": {"uv": [0, 0, 1.1, 0.41], "texture": "#0"},
				"up": {"uv": [0, 0, 1.2, 1.1], "texture": "#0"},
				"down": {"uv": [0, 0, 1.2, 1.1], "texture": "#0"}
			}
		},
		{
			"from": [7.77176, 5.70703, 19.91295],
			"to": [8.17176, 7.11703, 20.31295],
			"rotation": {"angle": -22.5, "axis": "x", "origin": [7.99599, 6.85165, 19.85114]},
			"faces": {
				"north": {"uv": [0, 0, 0.4, 1.41], "texture": "#0"},
				"east": {"uv": [0, 0, 0.4, 1.41], "texture": "#0"},
				"south": {"uv": [0, 0, 0.4, 1.41], "texture": "#0"},
				"west": {"uv": [0, 0, 0.4, 1.41], "texture": "#0"},
				"up": {"uv": [0, 0, 0.4, 0.4], "texture": "#0"},
				"down": {"uv": [0, 0, 0.4, 0.4], "texture": "#0"}
			}
		},
		{
			"from": [7.52682, 7.95963, 15.8776],
			"to": [8.42682, 9.36963, 18.5776],
			"rotation": {"angle": -22.5, "axis": "x", "origin": [7.99339, 7.5017, 20.00852]},
			"faces": {
				"north": {"uv": [0, 0, 0.9, 1.41], "texture": "#0"},
				"east": {"uv": [0, 0, 2.7, 1.41], "texture": "#0"},
				"south": {"uv": [0, 0, 0.9, 1.41], "texture": "#0"},
				"west": {"uv": [0, 0, 2.7, 1.41], "texture": "#0"},
				"up": {"uv": [0, 0, 0.9, 2.7], "texture": "#0"},
				"down": {"uv": [0, 0, 0.9, 2.7], "texture": "#0"}
			}
		},
		{
			"from": [7.62402, 5.60488, 16.05415],
			"to": [8.32402, 7.41488, 18.35415],
			"rotation": {"angle": 0, "axis": "x", "origin": [7.99337, 6.29616, 19.99341]},
			"faces": {
				"north": {"uv": [0, 0, 0.7, 1.81], "texture": "#0"},
				"east": {"uv": [0, 0, 2.3, 1.81], "texture": "#0"},
				"south": {"uv": [0, 0, 0.7, 1.81], "texture": "#0"},
				"west": {"uv": [0, 0, 2.3, 1.81], "texture": "#0"},
				"up": {"uv": [0, 0, 0.7, 2.3], "texture": "#0"},
				"down": {"uv": [0, 0, 0.7, 2.3], "texture": "#0"}
			}
		},
		{
			"from": [7.55523, 5.7061, 16.15293],
			"to": [8.35523, 7.3161, 16.25293],
			"rotation": {"angle": 0, "axis": "x", "origin": [7.59103, 6.44604, 19.20096]},
			"faces": {
				"north": {"uv": [0, 0, 0.8, 1.61], "texture": "#0"},
				"east": {"uv": [0, 0, 0.1, 1.61], "texture": "#0"},
				"south": {"uv": [0, 0, 0.8, 1.61], "texture": "#0"},
				"west": {"uv": [0, 0, 0.1, 1.61], "texture": "#0"},
				"up": {"uv": [0, 0, 0.8, 0.1], "texture": "#0"},
				"down": {"uv": [0, 0, 0.8, 0.1], "texture": "#0"}
			}
		},
		{
			"from": [7.55488, 5.70645, 16.35293],
			"to": [8.35488, 7.31645, 16.45293],
			"rotation": {"angle": 0, "axis": "x", "origin": [7.59103, 6.44604, 19.20096]},
			"faces": {
				"north": {"uv": [0, 0, 0.8, 1.61], "texture": "#0"},
				"east": {"uv": [0, 0, 0.1, 1.61], "texture": "#0"},
				"south": {"uv": [0, 0, 0.8, 1.61], "texture": "#0"},
				"west": {"uv": [0, 0, 0.1, 1.61], "texture": "#0"},
				"up": {"uv": [0, 0, 0.8, 0.1], "texture": "#0"},
				"down": {"uv": [0, 0, 0.8, 0.1], "texture": "#0"}
			}
		},
		{
			"from": [7.55453, 5.7068, 16.55293],
			"to": [8.35453, 7.3168, 16.65293],
			"rotation": {"angle": 0, "axis": "x", "origin": [7.59103, 6.44604, 19.20096]},
			"faces": {
				"north": {"uv": [0, 0, 0.8, 1.61], "texture": "#0"},
				"east": {"uv": [0, 0, 0.1, 1.61], "texture": "#0"},
				"south": {"uv": [0, 0, 0.8, 1.61], "texture": "#0"},
				"west": {"uv": [0, 0, 0.1, 1.61], "texture": "#0"},
				"up": {"uv": [0, 0, 0.8, 0.1], "texture": "#0"},
				"down": {"uv": [0, 0, 0.8, 0.1], "texture": "#0"}
			}
		},
		{
			"from": [7.55418, 5.70715, 16.75293],
			"to": [8.35418, 7.31715, 16.85293],
			"rotation": {"angle": 0, "axis": "x", "origin": [7.59103, 6.44604, 19.20096]},
			"faces": {
				"north": {"uv": [0, 0, 0.8, 1.61], "texture": "#0"},
				"east": {"uv": [0, 0, 0.1, 1.61], "texture": "#0"},
				"south": {"uv": [0, 0, 0.8, 1.61], "texture": "#0"},
				"west": {"uv": [0, 0, 0.1, 1.61], "texture": "#0"},
				"up": {"uv": [0, 0, 0.8, 0.1], "texture": "#0"},
				"down": {"uv": [0, 0, 0.8, 0.1], "texture": "#0"}
			}
		},
		{
			"from": [7.55383, 5.7075, 16.95293],
			"to": [8.35383, 7.3175, 17.05293],
			"rotation": {"angle": 0, "axis": "x", "origin": [7.59103, 6.44604, 19.20096]},
			"faces": {
				"north": {"uv": [0, 0, 0.8, 1.61], "texture": "#0"},
				"east": {"uv": [0, 0, 0.1, 1.61], "texture": "#0"},
				"south": {"uv": [0, 0, 0.8, 1.61], "texture": "#0"},
				"west": {"uv": [0, 0, 0.1, 1.61], "texture": "#0"},
				"up": {"uv": [0, 0, 0.8, 0.1], "texture": "#0"},
				"down": {"uv": [0, 0, 0.8, 0.1], "texture": "#0"}
			}
		},
		{
			"from": [7.55348, 5.70785, 17.15293],
			"to": [8.35348, 7.31785, 17.25293],
			"rotation": {"angle": 0, "axis": "x", "origin": [7.59103, 6.44604, 19.20096]},
			"faces": {
				"north": {"uv": [0, 0, 0.8, 1.61], "texture": "#0"},
				"east": {"uv": [0, 0, 0.1, 1.61], "texture": "#0"},
				"south": {"uv": [0, 0, 0.8, 1.61], "texture": "#0"},
				"west": {"uv": [0, 0, 0.1, 1.61], "texture": "#0"},
				"up": {"uv": [0, 0, 0.8, 0.1], "texture": "#0"},
				"down": {"uv": [0, 0, 0.8, 0.1], "texture": "#0"}
			}
		},
		{
			"from": [7.55314, 5.7082, 17.35293],
			"to": [8.35314, 7.3182, 17.45293],
			"rotation": {"angle": 0, "axis": "x", "origin": [7.59103, 6.44604, 19.20096]},
			"faces": {
				"north": {"uv": [0, 0, 0.8, 1.61], "texture": "#0"},
				"east": {"uv": [0, 0, 0.1, 1.61], "texture": "#0"},
				"south": {"uv": [0, 0, 0.8, 1.61], "texture": "#0"},
				"west": {"uv": [0, 0, 0.1, 1.61], "texture": "#0"},
				"up": {"uv": [0, 0, 0.8, 0.1], "texture": "#0"},
				"down": {"uv": [0, 0, 0.8, 0.1], "texture": "#0"}
			}
		},
		{
			"from": [7.55279, 5.70855, 17.55293],
			"to": [8.35279, 7.31855, 17.65293],
			"rotation": {"angle": 0, "axis": "x", "origin": [7.59103, 6.44604, 19.20096]},
			"faces": {
				"north": {"uv": [0, 0, 0.8, 1.61], "texture": "#0"},
				"east": {"uv": [0, 0, 0.1, 1.61], "texture": "#0"},
				"south": {"uv": [0, 0, 0.8, 1.61], "texture": "#0"},
				"west": {"uv": [0, 0, 0.1, 1.61], "texture": "#0"},
				"up": {"uv": [0, 0, 0.8, 0.1], "texture": "#0"},
				"down": {"uv": [0, 0, 0.8, 0.1], "texture": "#0"}
			}
		},
		{
			"from": [7.55244, 5.7089, 17.75293],
			"to": [8.35244, 7.3189, 17.85293],
			"rotation": {"angle": 0, "axis": "x", "origin": [7.59103, 6.44604, 19.20096]},
			"faces": {
				"north": {"uv": [0, 0, 0.8, 1.61], "texture": "#0"},
				"east": {"uv": [0, 0, 0.1, 1.61], "texture": "#0"},
				"south": {"uv": [0, 0, 0.8, 1.61], "texture": "#0"},
				"west": {"uv": [0, 0, 0.1, 1.61], "texture": "#0"},
				"up": {"uv": [0, 0, 0.8, 0.1], "texture": "#0"},
				"down": {"uv": [0, 0, 0.8, 0.1], "texture": "#0"}
			}
		},
		{
			"from": [7.55209, 5.70925, 17.95293],
			"to": [8.35209, 7.31925, 18.05293],
			"rotation": {"angle": 0, "axis": "x", "origin": [7.59103, 6.44604, 19.20096]},
			"faces": {
				"north": {"uv": [0, 0, 0.8, 1.61], "texture": "#0"},
				"east": {"uv": [0, 0, 0.1, 1.61], "texture": "#0"},
				"south": {"uv": [0, 0, 0.8, 1.61], "texture": "#0"},
				"west": {"uv": [0, 0, 0.1, 1.61], "texture": "#0"},
				"up": {"uv": [0, 0, 0.8, 0.1], "texture": "#0"},
				"down": {"uv": [0, 0, 0.8, 0.1], "texture": "#0"}
			}
		},
		{
			"from": [7.55174, 5.7096, 18.15293],
			"to": [8.35174, 7.3196, 18.25293],
			"rotation": {"angle": 0, "axis": "x", "origin": [7.59103, 6.44604, 19.20096]},
			"faces": {
				"north": {"uv": [0, 0, 0.8, 1.61], "texture": "#0"},
				"east": {"uv": [0, 0, 0.1, 1.61], "texture": "#0"},
				"south": {"uv": [0, 0, 0.8, 1.61], "texture": "#0"},
				"west": {"uv": [0, 0, 0.1, 1.61], "texture": "#0"},
				"up": {"uv": [0, 0, 0.8, 0.1], "texture": "#0"},
				"down": {"uv": [0, 0, 0.8, 0.1], "texture": "#0"}
			}
		},
		{
			"from": [7.90105, 6.51134, 19.15188],
			"to": [8.00105, 7.22134, 19.25188],
			"rotation": {"angle": 0, "axis": "x", "origin": [7.59103, 6.44604, 19.20096]},
			"faces": {
				"north": {"uv": [0, 0, 0.1, 0.71], "texture": "#0"},
				"east": {"uv": [0, 0, 0.1, 0.71], "texture": "#0"},
				"south": {"uv": [0, 0, 0.1, 0.71], "texture": "#0"},
				"west": {"uv": [0, 0, 0.1, 0.71], "texture": "#0"},
				"up": {"uv": [0, 0, 0.1, 0.1], "texture": "#0"},
				"down": {"uv": [0, 0, 0.1, 0.1], "texture": "#0"}
			}
		},
		{
			"from": [7.90035, 6.71204, 19.55187],
			"to": [8.00035, 7.22204, 19.65187],
			"rotation": {"angle": 22.5, "axis": "x", "origin": [7.9724, 6.94671, 19.60012]},
			"faces": {
				"north": {"uv": [0, 0, 0.1, 0.51], "texture": "#0"},
				"east": {"uv": [0, 0, 0.1, 0.51], "texture": "#0"},
				"south": {"uv": [0, 0, 0.1, 0.51], "texture": "#0"},
				"west": {"uv": [0, 0, 0.1, 0.51], "texture": "#0"},
				"up": {"uv": [0, 0, 0.1, 0.1], "texture": "#0"},
				"down": {"uv": [0, 0, 0.1, 0.1], "texture": "#0"}
			}
		},
		{
			"from": [7.90087, 6.51152, 19.25188],
			"to": [8.00087, 6.62152, 20.15188],
			"rotation": {"angle": 0, "axis": "x", "origin": [7.59103, 6.44604, 19.20096]},
			"faces": {
				"north": {"uv": [0, 0, 0.1, 0.11], "texture": "#0"},
				"east": {"uv": [0, 0, 0.9, 0.11], "texture": "#0"},
				"south": {"uv": [0, 0, 0.1, 0.11], "texture": "#0"},
				"west": {"uv": [0, 0, 0.9, 0.11], "texture": "#0"},
				"up": {"uv": [0, 0, 0.1, 0.9], "texture": "#0"},
				"down": {"uv": [0, 0, 0.1, 0.9], "texture": "#0"}
			}
		},
		{
			"from": [7.37839, 8.16475, 15.50066],
			"to": [8.57839, 8.37475, 18.60066],
			"faces": {
				"north": {"uv": [0, 0, 1.2, 0.21], "texture": "#0"},
				"east": {"uv": [0, 0, 3.1, 0.21], "texture": "#0"},
				"south": {"uv": [0, 0, 1.2, 0.21], "texture": "#0"},
				"west": {"uv": [0, 0, 3.1, 0.21], "texture": "#0"},
				"up": {"uv": [0, 0, 1.2, 3.1], "texture": "#0"},
				"down": {"uv": [0, 0, 1.2, 3.1], "texture": "#0"}
			}
		},
		{
			"from": [7.39617, 7.35402, 5.69982],
			"to": [7.49617, 8.65402, 7.89982],
			"faces": {
				"north": {"uv": [0, 0, 0.1, 1.3], "texture": "#0"},
				"east": {"uv": [0, 0, 2.2, 1.3], "texture": "#0"},
				"south": {"uv": [0, 0, 0.1, 1.3], "texture": "#0"},
				"west": {"uv": [0, 0, 2.2, 1.3], "texture": "#0"},
				"up": {"uv": [0, 0, 0.1, 2.2], "texture": "#0"},
				"down": {"uv": [0, 0, 0.1, 2.2], "texture": "#0"}
			}
		},
		{
			"from": [8.49616, 7.3521, 5.70174],
			"to": [8.59616, 8.6521, 7.90174],
			"faces": {
				"north": {"uv": [0, 0, 0.1, 1.3], "texture": "#0"},
				"east": {"uv": [0, 0, 2.2, 1.3], "texture": "#0"},
				"south": {"uv": [0, 0, 0.1, 1.3], "texture": "#0"},
				"west": {"uv": [0, 0, 2.2, 1.3], "texture": "#0"},
				"up": {"uv": [0, 0, 0.1, 2.2], "texture": "#0"},
				"down": {"uv": [0, 0, 0.1, 2.2], "texture": "#0"}
			}
		},
		{
			"from": [7.29373, 8.05786, 7.89842],
			"to": [7.49373, 8.25786, 10.09842],
			"faces": {
				"north": {"uv": [0, 0, 0.2, 0.2], "texture": "#0"},
				"east": {"uv": [0, 0, 2.2, 0.2], "texture": "#0"},
				"south": {"uv": [0, 0, 0.2, 0.2], "texture": "#0"},
				"west": {"uv": [0, 0, 2.2, 0.2], "texture": "#0"},
				"up": {"uv": [0, 0, 0.2, 2.2], "texture": "#0"},
				"down": {"uv": [0, 0, 0.2, 2.2], "texture": "#0"}
			}
		},
		{
			"from": [8.49373, 8.05577, 7.90051],
			"to": [8.69373, 8.25577, 10.10051],
			"faces": {
				"north": {"uv": [0, 0, 0.2, 0.2], "texture": "#0"},
				"east": {"uv": [0, 0, 2.2, 0.2], "texture": "#0"},
				"south": {"uv": [0, 0, 0.2, 0.2], "texture": "#0"},
				"west": {"uv": [0, 0, 2.2, 0.2], "texture": "#0"},
				"up": {"uv": [0, 0, 0.2, 2.2], "texture": "#0"},
				"down": {"uv": [0, 0, 0.2, 2.2], "texture": "#0"}
			}
		},
		{
			"from": [7.2899, 8.06171, 10.09841],
			"to": [7.4899, 8.26171, 12.29841],
			"faces": {
				"north": {"uv": [0, 0, 0.2, 0.2], "texture": "#0"},
				"east": {"uv": [0, 0, 2.2, 0.2], "texture": "#0"},
				"south": {"uv": [0, 0, 0.2, 0.2], "texture": "#0"},
				"west": {"uv": [0, 0, 2.2, 0.2], "texture": "#0"},
				"up": {"uv": [0, 0, 0.2, 2.2], "texture": "#0"},
				"down": {"uv": [0, 0, 0.2, 2.2], "texture": "#0"}
			}
		},
		{
			"from": [8.4899, 8.05962, 10.1005],
			"to": [8.6899, 8.25962, 12.3005],
			"faces": {
				"north": {"uv": [0, 0, 0.2, 0.2], "texture": "#0"},
				"east": {"uv": [0, 0, 2.2, 0.2], "texture": "#0"},
				"south": {"uv": [0, 0, 0.2, 0.2], "texture": "#0"},
				"west": {"uv": [0, 0, 2.2, 0.2], "texture": "#0"},
				"up": {"uv": [0, 0, 0.2, 2.2], "texture": "#0"},
				"down": {"uv": [0, 0, 0.2, 2.2], "texture": "#0"}
			}
		},
		{
			"from": [7.28607, 8.06556, 12.2984],
			"to": [7.48607, 8.26556, 14.4984],
			"faces": {
				"north": {"uv": [0, 0, 0.2, 0.2], "texture": "#0"},
				"east": {"uv": [0, 0, 2.2, 0.2], "texture": "#0"},
				"south": {"uv": [0, 0, 0.2, 0.2], "texture": "#0"},
				"west": {"uv": [0, 0, 2.2, 0.2], "texture": "#0"},
				"up": {"uv": [0, 0, 0.2, 2.2], "texture": "#0"},
				"down": {"uv": [0, 0, 0.2, 2.2], "texture": "#0"}
			}
		},
		{
			"from": [8.48606, 8.06346, 12.3005],
			"to": [8.68606, 8.26346, 14.5005],
			"faces": {
				"north": {"uv": [0, 0, 0.2, 0.2], "texture": "#0"},
				"east": {"uv": [0, 0, 2.2, 0.2], "texture": "#0"},
				"south": {"uv": [0, 0, 0.2, 0.2], "texture": "#0"},
				"west": {"uv": [0, 0, 2.2, 0.2], "texture": "#0"},
				"up": {"uv": [0, 0, 0.2, 2.2], "texture": "#0"},
				"down": {"uv": [0, 0, 0.2, 2.2], "texture": "#0"}
			}
		},
		{
			"from": [7.29233, 7.25787, 7.89981],
			"to": [7.49233, 7.45787, 10.09981],
			"faces": {
				"north": {"uv": [0, 0, 0.2, 0.2], "texture": "#0"},
				"east": {"uv": [0, 0, 2.2, 0.2], "texture": "#0"},
				"south": {"uv": [0, 0, 0.2, 0.2], "texture": "#0"},
				"west": {"uv": [0, 0, 2.2, 0.2], "texture": "#0"},
				"up": {"uv": [0, 0, 0.2, 2.2], "texture": "#0"},
				"down": {"uv": [0, 0, 0.2, 2.2], "texture": "#0"}
			}
		},
		{
			"from": [8.49233, 7.25577, 7.90191],
			"to": [8.69233, 7.45577, 10.10191],
			"faces": {
				"north": {"uv": [0, 0, 0.2, 0.2], "texture": "#0"},
				"east": {"uv": [0, 0, 2.2, 0.2], "texture": "#0"},
				"south": {"uv": [0, 0, 0.2, 0.2], "texture": "#0"},
				"west": {"uv": [0, 0, 2.2, 0.2], "texture": "#0"},
				"up": {"uv": [0, 0, 0.2, 2.2], "texture": "#0"},
				"down": {"uv": [0, 0, 0.2, 2.2], "texture": "#0"}
			}
		},
		{
			"from": [7.2885, 7.26171, 10.09981],
			"to": [7.4885, 7.46171, 12.29981],
			"faces": {
				"north": {"uv": [0, 0, 0.2, 0.2], "texture": "#0"},
				"east": {"uv": [0, 0, 2.2, 0.2], "texture": "#0"},
				"south": {"uv": [0, 0, 0.2, 0.2], "texture": "#0"},
				"west": {"uv": [0, 0, 2.2, 0.2], "texture": "#0"},
				"up": {"uv": [0, 0, 0.2, 2.2], "texture": "#0"},
				"down": {"uv": [0, 0, 0.2, 2.2], "texture": "#0"}
			}
		},
		{
			"from": [8.4885, 7.25962, 10.1019],
			"to": [8.6885, 7.45962, 12.3019],
			"faces": {
				"north": {"uv": [0, 0, 0.2, 0.2], "texture": "#0"},
				"east": {"uv": [0, 0, 2.2, 0.2], "texture": "#0"},
				"south": {"uv": [0, 0, 0.2, 0.2], "texture": "#0"},
				"west": {"uv": [0, 0, 2.2, 0.2], "texture": "#0"},
				"up": {"uv": [0, 0, 0.2, 2.2], "texture": "#0"},
				"down": {"uv": [0, 0, 0.2, 2.2], "texture": "#0"}
			}
		},
		{
			"from": [7.28467, 7.26556, 12.2998],
			"to": [7.48467, 7.46556, 14.4998],
			"faces": {
				"north": {"uv": [0, 0, 0.2, 0.2], "texture": "#0"},
				"east": {"uv": [0, 0, 2.2, 0.2], "texture": "#0"},
				"south": {"uv": [0, 0, 0.2, 0.2], "texture": "#0"},
				"west": {"uv": [0, 0, 2.2, 0.2], "texture": "#0"},
				"up": {"uv": [0, 0, 0.2, 2.2], "texture": "#0"},
				"down": {"uv": [0, 0, 0.2, 2.2], "texture": "#0"}
			}
		},
		{
			"from": [8.48466, 7.26347, 12.30189],
			"to": [8.68466, 7.46347, 14.50189],
			"faces": {
				"north": {"uv": [0, 0, 0.2, 0.2], "texture": "#0"},
				"east": {"uv": [0, 0, 2.2, 0.2], "texture": "#0"},
				"south": {"uv": [0, 0, 0.2, 0.2], "texture": "#0"},
				"west": {"uv": [0, 0, 2.2, 0.2], "texture": "#0"},
				"up": {"uv": [0, 0, 0.2, 2.2], "texture": "#0"},
				"down": {"uv": [0, 0, 0.2, 2.2], "texture": "#0"}
			}
		},
		{
			"from": [7.29513, 8.55786, 7.89702],
			"to": [7.49513, 8.75786, 10.09702],
			"faces": {
				"north": {"uv": [0, 0, 0.2, 0.2], "texture": "#0"},
				"east": {"uv": [0, 0, 2.2, 0.2], "texture": "#0"},
				"south": {"uv": [0, 0, 0.2, 0.2], "texture": "#0"},
				"west": {"uv": [0, 0, 2.2, 0.2], "texture": "#0"},
				"up": {"uv": [0, 0, 0.2, 2.2], "texture": "#0"},
				"down": {"uv": [0, 0, 0.2, 2.2], "texture": "#0"}
			}
		},
		{
			"from": [8.49513, 8.55577, 7.89911],
			"to": [8.69513, 8.75577, 10.09911],
			"faces": {
				"north": {"uv": [0, 0, 0.2, 0.2], "texture": "#0"},
				"east": {"uv": [0, 0, 2.2, 0.2], "texture": "#0"},
				"south": {"uv": [0, 0, 0.2, 0.2], "texture": "#0"},
				"west": {"uv": [0, 0, 2.2, 0.2], "texture": "#0"},
				"up": {"uv": [0, 0, 0.2, 2.2], "texture": "#0"},
				"down": {"uv": [0, 0, 0.2, 2.2], "texture": "#0"}
			}
		},
		{
			"from": [7.2913, 8.56171, 10.09701],
			"to": [7.4913, 8.76171, 12.29701],
			"faces": {
				"north": {"uv": [0, 0, 0.2, 0.2], "texture": "#0"},
				"east": {"uv": [0, 0, 2.2, 0.2], "texture": "#0"},
				"south": {"uv": [0, 0, 0.2, 0.2], "texture": "#0"},
				"west": {"uv": [0, 0, 2.2, 0.2], "texture": "#0"},
				"up": {"uv": [0, 0, 0.2, 2.2], "texture": "#0"},
				"down": {"uv": [0, 0, 0.2, 2.2], "texture": "#0"}
			}
		},
		{
			"from": [8.4913, 8.55961, 10.09911],
			"to": [8.6913, 8.75961, 12.29911],
			"faces": {
				"north": {"uv": [0, 0, 0.2, 0.2], "texture": "#0"},
				"east": {"uv": [0, 0, 2.2, 0.2], "texture": "#0"},
				"south": {"uv": [0, 0, 0.2, 0.2], "texture": "#0"},
				"west": {"uv": [0, 0, 2.2, 0.2], "texture": "#0"},
				"up": {"uv": [0, 0, 0.2, 2.2], "texture": "#0"},
				"down": {"uv": [0, 0, 0.2, 2.2], "texture": "#0"}
			}
		},
		{
			"from": [7.28747, 8.56556, 12.29701],
			"to": [7.48747, 8.76556, 14.49701],
			"faces": {
				"north": {"uv": [0, 0, 0.2, 0.2], "texture": "#0"},
				"east": {"uv": [0, 0, 2.2, 0.2], "texture": "#0"},
				"south": {"uv": [0, 0, 0.2, 0.2], "texture": "#0"},
				"west": {"uv": [0, 0, 2.2, 0.2], "texture": "#0"},
				"up": {"uv": [0, 0, 0.2, 2.2], "texture": "#0"},
				"down": {"uv": [0, 0, 0.2, 2.2], "texture": "#0"}
			}
		},
		{
			"from": [8.48746, 8.56346, 12.2991],
			"to": [8.68746, 8.76346, 14.4991],
			"faces": {
				"north": {"uv": [0, 0, 0.2, 0.2], "texture": "#0"},
				"east": {"uv": [0, 0, 2.2, 0.2], "texture": "#0"},
				"south": {"uv": [0, 0, 0.2, 0.2], "texture": "#0"},
				"west": {"uv": [0, 0, 2.2, 0.2], "texture": "#0"},
				"up": {"uv": [0, 0, 0.2, 2.2], "texture": "#0"},
				"down": {"uv": [0, 0, 0.2, 2.2], "texture": "#0"}
			}
		},
		{
			"from": [7.29373, 7.75786, 7.89842],
			"to": [7.49373, 7.95786, 10.09842],
			"faces": {
				"north": {"uv": [0, 0, 0.2, 0.2], "texture": "#0"},
				"east": {"uv": [0, 0, 2.2, 0.2], "texture": "#0"},
				"south": {"uv": [0, 0, 0.2, 0.2], "texture": "#0"},
				"west": {"uv": [0, 0, 2.2, 0.2], "texture": "#0"},
				"up": {"uv": [0, 0, 0.2, 2.2], "texture": "#0"},
				"down": {"uv": [0, 0, 0.2, 2.2], "texture": "#0"}
			}
		},
		{
			"from": [8.49373, 7.75577, 7.90051],
			"to": [8.69373, 7.95577, 10.10051],
			"faces": {
				"north": {"uv": [0, 0, 0.2, 0.2], "texture": "#0"},
				"east": {"uv": [0, 0, 2.2, 0.2], "texture": "#0"},
				"south": {"uv": [0, 0, 0.2, 0.2], "texture": "#0"},
				"west": {"uv": [0, 0, 2.2, 0.2], "texture": "#0"},
				"up": {"uv": [0, 0, 0.2, 2.2], "texture": "#0"},
				"down": {"uv": [0, 0, 0.2, 2.2], "texture": "#0"}
			}
		},
		{
			"from": [7.2899, 7.76171, 10.09841],
			"to": [7.4899, 7.96171, 12.29841],
			"faces": {
				"north": {"uv": [0, 0, 0.2, 0.2], "texture": "#0"},
				"east": {"uv": [0, 0, 2.2, 0.2], "texture": "#0"},
				"south": {"uv": [0, 0, 0.2, 0.2], "texture": "#0"},
				"west": {"uv": [0, 0, 2.2, 0.2], "texture": "#0"},
				"up": {"uv": [0, 0, 0.2, 2.2], "texture": "#0"},
				"down": {"uv": [0, 0, 0.2, 2.2], "texture": "#0"}
			}
		},
		{
			"from": [8.4899, 7.75962, 10.1005],
			"to": [8.6899, 7.95962, 12.3005],
			"faces": {
				"north": {"uv": [0, 0, 0.2, 0.2], "texture": "#0"},
				"east": {"uv": [0, 0, 2.2, 0.2], "texture": "#0"},
				"south": {"uv": [0, 0, 0.2, 0.2], "texture": "#0"},
				"west": {"uv": [0, 0, 2.2, 0.2], "texture": "#0"},
				"up": {"uv": [0, 0, 0.2, 2.2], "texture": "#0"},
				"down": {"uv": [0, 0, 0.2, 2.2], "texture": "#0"}
			}
		},
		{
			"from": [7.28607, 7.76556, 12.2984],
			"to": [7.48607, 7.96556, 14.4984],
			"faces": {
				"north": {"uv": [0, 0, 0.2, 0.2], "texture": "#0"},
				"east": {"uv": [0, 0, 2.2, 0.2], "texture": "#0"},
				"south": {"uv": [0, 0, 0.2, 0.2], "texture": "#0"},
				"west": {"uv": [0, 0, 2.2, 0.2], "texture": "#0"},
				"up": {"uv": [0, 0, 0.2, 2.2], "texture": "#0"},
				"down": {"uv": [0, 0, 0.2, 2.2], "texture": "#0"}
			}
		},
		{
			"from": [8.48606, 7.76346, 12.3005],
			"to": [8.68606, 7.96346, 14.5005],
			"faces": {
				"north": {"uv": [0, 0, 0.2, 0.2], "texture": "#0"},
				"east": {"uv": [0, 0, 2.2, 0.2], "texture": "#0"},
				"south": {"uv": [0, 0, 0.2, 0.2], "texture": "#0"},
				"west": {"uv": [0, 0, 2.2, 0.2], "texture": "#0"},
				"up": {"uv": [0, 0, 0.2, 2.2], "texture": "#0"},
				"down": {"uv": [0, 0, 0.2, 2.2], "texture": "#0"}
			}
		},
		{
			"from": [7.29513, 8.45786, 7.89702],
			"to": [7.49513, 8.55786, 8.59702],
			"faces": {
				"north": {"uv": [0, 0, 0.2, 0.1], "texture": "#0"},
				"east": {"uv": [0, 0, 0.7, 0.1], "texture": "#0"},
				"south": {"uv": [0, 0, 0.2, 0.1], "texture": "#0"},
				"west": {"uv": [0, 0, 0.7, 0.1], "texture": "#0"},
				"up": {"uv": [0, 0, 0.2, 0.7], "texture": "#0"},
				"down": {"uv": [0, 0, 0.2, 0.7], "texture": "#0"}
			}
		},
		{
			"from": [8.49513, 8.45577, 7.89911],
			"to": [8.69513, 8.55577, 8.59911],
			"faces": {
				"north": {"uv": [0, 0, 0.2, 0.1], "texture": "#0"},
				"east": {"uv": [0, 0, 0.7, 0.1], "texture": "#0"},
				"south": {"uv": [0, 0, 0.2, 0.1], "texture": "#0"},
				"west": {"uv": [0, 0, 0.7, 0.1], "texture": "#0"},
				"up": {"uv": [0, 0, 0.2, 0.7], "texture": "#0"},
				"down": {"uv": [0, 0, 0.2, 0.7], "texture": "#0"}
			}
		},
		{
			"from": [7.2913, 8.46171, 10.09701],
			"to": [7.4913, 8.56171, 10.79701],
			"faces": {
				"north": {"uv": [0, 0, 0.2, 0.1], "texture": "#0"},
				"east": {"uv": [0, 0, 0.7, 0.1], "texture": "#0"},
				"south": {"uv": [0, 0, 0.2, 0.1], "texture": "#0"},
				"west": {"uv": [0, 0, 0.7, 0.1], "texture": "#0"},
				"up": {"uv": [0, 0, 0.2, 0.7], "texture": "#0"},
				"down": {"uv": [0, 0, 0.2, 0.7], "texture": "#0"}
			}
		},
		{
			"from": [8.4913, 8.45961, 10.09911],
			"to": [8.6913, 8.55961, 10.79911],
			"faces": {
				"north": {"uv": [0, 0, 0.2, 0.1], "texture": "#0"},
				"east": {"uv": [0, 0, 0.7, 0.1], "texture": "#0"},
				"south": {"uv": [0, 0, 0.2, 0.1], "texture": "#0"},
				"west": {"uv": [0, 0, 0.7, 0.1], "texture": "#0"},
				"up": {"uv": [0, 0, 0.2, 0.7], "texture": "#0"},
				"down": {"uv": [0, 0, 0.2, 0.7], "texture": "#0"}
			}
		},
		{
			"from": [7.28747, 8.46556, 12.29701],
			"to": [7.48747, 8.56556, 12.99701],
			"faces": {
				"north": {"uv": [0, 0, 0.2, 0.1], "texture": "#0"},
				"east": {"uv": [0, 0, 0.7, 0.1], "texture": "#0"},
				"south": {"uv": [0, 0, 0.2, 0.1], "texture": "#0"},
				"west": {"uv": [0, 0, 0.7, 0.1], "texture": "#0"},
				"up": {"uv": [0, 0, 0.2, 0.7], "texture": "#0"},
				"down": {"uv": [0, 0, 0.2, 0.7], "texture": "#0"}
			}
		},
		{
			"from": [8.48746, 8.46346, 12.2991],
			"to": [8.68746, 8.56346, 12.9991],
			"faces": {
				"north": {"uv": [0, 0, 0.2, 0.1], "texture": "#0"},
				"east": {"uv": [0, 0, 0.7, 0.1], "texture": "#0"},
				"south": {"uv": [0, 0, 0.2, 0.1], "texture": "#0"},
				"west": {"uv": [0, 0, 0.7, 0.1], "texture": "#0"},
				"up": {"uv": [0, 0, 0.2, 0.7], "texture": "#0"},
				"down": {"uv": [0, 0, 0.2, 0.7], "texture": "#0"}
			}
		},
		{
			"from": [7.29373, 7.65786, 7.89842],
			"to": [7.49373, 7.75786, 8.59842],
			"faces": {
				"north": {"uv": [0, 0, 0.2, 0.1], "texture": "#0"},
				"east": {"uv": [0, 0, 0.7, 0.1], "texture": "#0"},
				"south": {"uv": [0, 0, 0.2, 0.1], "texture": "#0"},
				"west": {"uv": [0, 0, 0.7, 0.1], "texture": "#0"},
				"up": {"uv": [0, 0, 0.2, 0.7], "texture": "#0"},
				"down": {"uv": [0, 0, 0.2, 0.7], "texture": "#0"}
			}
		},
		{
			"from": [8.49373, 7.65577, 7.90051],
			"to": [8.69373, 7.75577, 8.60051],
			"faces": {
				"north": {"uv": [0, 0, 0.2, 0.1], "texture": "#0"},
				"east": {"uv": [0, 0, 0.7, 0.1], "texture": "#0"},
				"south": {"uv": [0, 0, 0.2, 0.1], "texture": "#0"},
				"west": {"uv": [0, 0, 0.7, 0.1], "texture": "#0"},
				"up": {"uv": [0, 0, 0.2, 0.7], "texture": "#0"},
				"down": {"uv": [0, 0, 0.2, 0.7], "texture": "#0"}
			}
		},
		{
			"from": [7.2899, 7.66171, 10.09841],
			"to": [7.4899, 7.76171, 10.79841],
			"faces": {
				"north": {"uv": [0, 0, 0.2, 0.1], "texture": "#0"},
				"east": {"uv": [0, 0, 0.7, 0.1], "texture": "#0"},
				"south": {"uv": [0, 0, 0.2, 0.1], "texture": "#0"},
				"west": {"uv": [0, 0, 0.7, 0.1], "texture": "#0"},
				"up": {"uv": [0, 0, 0.2, 0.7], "texture": "#0"},
				"down": {"uv": [0, 0, 0.2, 0.7], "texture": "#0"}
			}
		},
		{
			"from": [8.4899, 7.65962, 10.1005],
			"to": [8.6899, 7.75962, 10.8005],
			"faces": {
				"north": {"uv": [0, 0, 0.2, 0.1], "texture": "#0"},
				"east": {"uv": [0, 0, 0.7, 0.1], "texture": "#0"},
				"south": {"uv": [0, 0, 0.2, 0.1], "texture": "#0"},
				"west": {"uv": [0, 0, 0.7, 0.1], "texture": "#0"},
				"up": {"uv": [0, 0, 0.2, 0.7], "texture": "#0"},
				"down": {"uv": [0, 0, 0.2, 0.7], "texture": "#0"}
			}
		},
		{
			"from": [7.28607, 7.66556, 12.2984],
			"to": [7.48607, 7.76556, 12.9984],
			"faces": {
				"north": {"uv": [0, 0, 0.2, 0.1], "texture": "#0"},
				"east": {"uv": [0, 0, 0.7, 0.1], "texture": "#0"},
				"south": {"uv": [0, 0, 0.2, 0.1], "texture": "#0"},
				"west": {"uv": [0, 0, 0.7, 0.1], "texture": "#0"},
				"up": {"uv": [0, 0, 0.2, 0.7], "texture": "#0"},
				"down": {"uv": [0, 0, 0.2, 0.7], "texture": "#0"}
			}
		},
		{
			"from": [8.48606, 7.66346, 12.3005],
			"to": [8.68606, 7.76346, 13.0005],
			"faces": {
				"north": {"uv": [0, 0, 0.2, 0.1], "texture": "#0"},
				"east": {"uv": [0, 0, 0.7, 0.1], "texture": "#0"},
				"south": {"uv": [0, 0, 0.2, 0.1], "texture": "#0"},
				"west": {"uv": [0, 0, 0.7, 0.1], "texture": "#0"},
				"up": {"uv": [0, 0, 0.2, 0.7], "texture": "#0"},
				"down": {"uv": [0, 0, 0.2, 0.7], "texture": "#0"}
			}
		},
		{
			"from": [7.29373, 8.25786, 7.89842],
			"to": [7.49373, 8.35786, 8.59842],
			"faces": {
				"north": {"uv": [0, 0, 0.2, 0.1], "texture": "#0"},
				"east": {"uv": [0, 0, 0.7, 0.1], "texture": "#0"},
				"south": {"uv": [0, 0, 0.2, 0.1], "texture": "#0"},
				"west": {"uv": [0, 0, 0.7, 0.1], "texture": "#0"},
				"up": {"uv": [0, 0, 0.2, 0.7], "texture": "#0"},
				"down": {"uv": [0, 0, 0.2, 0.7], "texture": "#0"}
			}
		},
		{
			"from": [8.49373, 8.25577, 7.90051],
			"to": [8.69373, 8.35577, 8.60051],
			"faces": {
				"north": {"uv": [0, 0, 0.2, 0.1], "texture": "#0"},
				"east": {"uv": [0, 0, 0.7, 0.1], "texture": "#0"},
				"south": {"uv": [0, 0, 0.2, 0.1], "texture": "#0"},
				"west": {"uv": [0, 0, 0.7, 0.1], "texture": "#0"},
				"up": {"uv": [0, 0, 0.2, 0.7], "texture": "#0"},
				"down": {"uv": [0, 0, 0.2, 0.7], "texture": "#0"}
			}
		},
		{
			"from": [7.2899, 8.26171, 10.09841],
			"to": [7.4899, 8.36171, 10.79841],
			"faces": {
				"north": {"uv": [0, 0, 0.2, 0.1], "texture": "#0"},
				"east": {"uv": [0, 0, 0.7, 0.1], "texture": "#0"},
				"south": {"uv": [0, 0, 0.2, 0.1], "texture": "#0"},
				"west": {"uv": [0, 0, 0.7, 0.1], "texture": "#0"},
				"up": {"uv": [0, 0, 0.2, 0.7], "texture": "#0"},
				"down": {"uv": [0, 0, 0.2, 0.7], "texture": "#0"}
			}
		},
		{
			"from": [8.4899, 8.25962, 10.1005],
			"to": [8.6899, 8.35962, 10.8005],
			"faces": {
				"north": {"uv": [0, 0, 0.2, 0.1], "texture": "#0"},
				"east": {"uv": [0, 0, 0.7, 0.1], "texture": "#0"},
				"south": {"uv": [0, 0, 0.2, 0.1], "texture": "#0"},
				"west": {"uv": [0, 0, 0.7, 0.1], "texture": "#0"},
				"up": {"uv": [0, 0, 0.2, 0.7], "texture": "#0"},
				"down": {"uv": [0, 0, 0.2, 0.7], "texture": "#0"}
			}
		},
		{
			"from": [7.28607, 8.26556, 12.2984],
			"to": [7.48607, 8.36556, 12.9984],
			"faces": {
				"north": {"uv": [0, 0, 0.2, 0.1], "texture": "#0"},
				"east": {"uv": [0, 0, 0.7, 0.1], "texture": "#0"},
				"south": {"uv": [0, 0, 0.2, 0.1], "texture": "#0"},
				"west": {"uv": [0, 0, 0.7, 0.1], "texture": "#0"},
				"up": {"uv": [0, 0, 0.2, 0.7], "texture": "#0"},
				"down": {"uv": [0, 0, 0.2, 0.7], "texture": "#0"}
			}
		},
		{
			"from": [8.48606, 8.26346, 12.3005],
			"to": [8.68606, 8.36346, 13.0005],
			"faces": {
				"north": {"uv": [0, 0, 0.2, 0.1], "texture": "#0"},
				"east": {"uv": [0, 0, 0.7, 0.1], "texture": "#0"},
				"south": {"uv": [0, 0, 0.2, 0.1], "texture": "#0"},
				"west": {"uv": [0, 0, 0.7, 0.1], "texture": "#0"},
				"up": {"uv": [0, 0, 0.2, 0.7], "texture": "#0"},
				"down": {"uv": [0, 0, 0.2, 0.7], "texture": "#0"}
			}
		},
		{
			"from": [7.29233, 7.45787, 7.89981],
			"to": [7.49233, 7.55787, 8.59981],
			"faces": {
				"north": {"uv": [0, 0, 0.2, 0.1], "texture": "#0"},
				"east": {"uv": [0, 0, 0.7, 0.1], "texture": "#0"},
				"south": {"uv": [0, 0, 0.2, 0.1], "texture": "#0"},
				"west": {"uv": [0, 0, 0.7, 0.1], "texture": "#0"},
				"up": {"uv": [0, 0, 0.2, 0.7], "texture": "#0"},
				"down": {"uv": [0, 0, 0.2, 0.7], "texture": "#0"}
			}
		},
		{
			"from": [8.49233, 7.45577, 7.90191],
			"to": [8.69233, 7.55577, 8.60191],
			"faces": {
				"north": {"uv": [0, 0, 0.2, 0.1], "texture": "#0"},
				"east": {"uv": [0, 0, 0.7, 0.1], "texture": "#0"},
				"south": {"uv": [0, 0, 0.2, 0.1], "texture": "#0"},
				"west": {"uv": [0, 0, 0.7, 0.1], "texture": "#0"},
				"up": {"uv": [0, 0, 0.2, 0.7], "texture": "#0"},
				"down": {"uv": [0, 0, 0.2, 0.7], "texture": "#0"}
			}
		},
		{
			"from": [7.2885, 7.46171, 10.09981],
			"to": [7.4885, 7.56171, 10.79981],
			"faces": {
				"north": {"uv": [0, 0, 0.2, 0.1], "texture": "#0"},
				"east": {"uv": [0, 0, 0.7, 0.1], "texture": "#0"},
				"south": {"uv": [0, 0, 0.2, 0.1], "texture": "#0"},
				"west": {"uv": [0, 0, 0.7, 0.1], "texture": "#0"},
				"up": {"uv": [0, 0, 0.2, 0.7], "texture": "#0"},
				"down": {"uv": [0, 0, 0.2, 0.7], "texture": "#0"}
			}
		},
		{
			"from": [8.4885, 7.45962, 10.1019],
			"to": [8.6885, 7.55962, 10.8019],
			"faces": {
				"north": {"uv": [0, 0, 0.2, 0.1], "texture": "#0"},
				"east": {"uv": [0, 0, 0.7, 0.1], "texture": "#0"},
				"south": {"uv": [0, 0, 0.2, 0.1], "texture": "#0"},
				"west": {"uv": [0, 0, 0.7, 0.1], "texture": "#0"},
				"up": {"uv": [0, 0, 0.2, 0.7], "texture": "#0"},
				"down": {"uv": [0, 0, 0.2, 0.7], "texture": "#0"}
			}
		},
		{
			"from": [7.28467, 7.46556, 12.2998],
			"to": [7.48467, 7.56556, 12.9998],
			"faces": {
				"north": {"uv": [0, 0, 0.2, 0.1], "texture": "#0"},
				"east": {"uv": [0, 0, 0.7, 0.1], "texture": "#0"},
				"south": {"uv": [0, 0, 0.2, 0.1], "texture": "#0"},
				"west": {"uv": [0, 0, 0.7, 0.1], "texture": "#0"},
				"up": {"uv": [0, 0, 0.2, 0.7], "texture": "#0"},
				"down": {"uv": [0, 0, 0.2, 0.7], "texture": "#0"}
			}
		},
		{
			"from": [8.48466, 7.46347, 12.30189],
			"to": [8.68466, 7.56347, 13.00189],
			"faces": {
				"north": {"uv": [0, 0, 0.2, 0.1], "texture": "#0"},
				"east": {"uv": [0, 0, 0.7, 0.1], "texture": "#0"},
				"south": {"uv": [0, 0, 0.2, 0.1], "texture": "#0"},
				"west": {"uv": [0, 0, 0.7, 0.1], "texture": "#0"},
				"up": {"uv": [0, 0, 0.2, 0.7], "texture": "#0"},
				"down": {"uv": [0, 0, 0.2, 0.7], "texture": "#0"}
			}
		},
		{
			"from": [7.29112, 8.26049, 9.39841],
			"to": [7.49112, 8.36049, 10.09841],
			"faces": {
				"north": {"uv": [0, 0, 0.2, 0.1], "texture": "#0"},
				"east": {"uv": [0, 0, 0.7, 0.1], "texture": "#0"},
				"south": {"uv": [0, 0, 0.2, 0.1], "texture": "#0"},
				"west": {"uv": [0, 0, 0.7, 0.1], "texture": "#0"},
				"up": {"uv": [0, 0, 0.2, 0.7], "texture": "#0"},
				"down": {"uv": [0, 0, 0.2, 0.7], "texture": "#0"}
			}
		},
		{
			"from": [8.49112, 8.25839, 9.40051],
			"to": [8.69112, 8.35839, 10.10051],
			"faces": {
				"north": {"uv": [0, 0, 0.2, 0.1], "texture": "#0"},
				"east": {"uv": [0, 0, 0.7, 0.1], "texture": "#0"},
				"south": {"uv": [0, 0, 0.2, 0.1], "texture": "#0"},
				"west": {"uv": [0, 0, 0.7, 0.1], "texture": "#0"},
				"up": {"uv": [0, 0, 0.2, 0.7], "texture": "#0"},
				"down": {"uv": [0, 0, 0.2, 0.7], "texture": "#0"}
			}
		},
		{
			"from": [7.28729, 8.26433, 11.5984],
			"to": [7.48729, 8.36433, 12.2984],
			"faces": {
				"north": {"uv": [0, 0, 0.2, 0.1], "texture": "#0"},
				"east": {"uv": [0, 0, 0.7, 0.1], "texture": "#0"},
				"south": {"uv": [0, 0, 0.2, 0.1], "texture": "#0"},
				"west": {"uv": [0, 0, 0.7, 0.1], "texture": "#0"},
				"up": {"uv": [0, 0, 0.2, 0.7], "texture": "#0"},
				"down": {"uv": [0, 0, 0.2, 0.7], "texture": "#0"}
			}
		},
		{
			"from": [8.48728, 8.26224, 11.6005],
			"to": [8.68728, 8.36224, 12.3005],
			"faces": {
				"north": {"uv": [0, 0, 0.2, 0.1], "texture": "#0"},
				"east": {"uv": [0, 0, 0.7, 0.1], "texture": "#0"},
				"south": {"uv": [0, 0, 0.2, 0.1], "texture": "#0"},
				"west": {"uv": [0, 0, 0.7, 0.1], "texture": "#0"},
				"up": {"uv": [0, 0, 0.2, 0.7], "texture": "#0"},
				"down": {"uv": [0, 0, 0.2, 0.7], "texture": "#0"}
			}
		},
		{
			"from": [7.28345, 8.26818, 13.7984],
			"to": [7.48345, 8.36818, 14.4984],
			"faces": {
				"north": {"uv": [0, 0, 0.2, 0.1], "texture": "#0"},
				"east": {"uv": [0, 0, 0.7, 0.1], "texture": "#0"},
				"south": {"uv": [0, 0, 0.2, 0.1], "texture": "#0"},
				"west": {"uv": [0, 0, 0.7, 0.1], "texture": "#0"},
				"up": {"uv": [0, 0, 0.2, 0.7], "texture": "#0"},
				"down": {"uv": [0, 0, 0.2, 0.7], "texture": "#0"}
			}
		},
		{
			"from": [8.48345, 8.26609, 13.80049],
			"to": [8.68345, 8.36609, 14.50049],
			"faces": {
				"north": {"uv": [0, 0, 0.2, 0.1], "texture": "#0"},
				"east": {"uv": [0, 0, 0.7, 0.1], "texture": "#0"},
				"south": {"uv": [0, 0, 0.2, 0.1], "texture": "#0"},
				"west": {"uv": [0, 0, 0.7, 0.1], "texture": "#0"},
				"up": {"uv": [0, 0, 0.2, 0.7], "texture": "#0"},
				"down": {"uv": [0, 0, 0.2, 0.7], "texture": "#0"}
			}
		},
		{
			"from": [7.29321, 7.95787, 7.89894],
			"to": [7.49321, 8.05787, 10.09894],
			"faces": {
				"north": {"uv": [0, 0, 0.2, 0.1], "texture": "#0"},
				"east": {"uv": [0, 0, 2.2, 0.1], "texture": "#0"},
				"south": {"uv": [0, 0, 0.2, 0.1], "texture": "#0"},
				"west": {"uv": [0, 0, 2.2, 0.1], "texture": "#0"},
				"up": {"uv": [0, 0, 0.2, 2.2], "texture": "#0"},
				"down": {"uv": [0, 0, 0.2, 2.2], "texture": "#0"}
			}
		},
		{
			"from": [8.4932, 7.95577, 7.90103],
			"to": [8.6932, 8.05577, 10.10103],
			"faces": {
				"north": {"uv": [0, 0, 0.2, 0.1], "texture": "#0"},
				"east": {"uv": [0, 0, 2.2, 0.1], "texture": "#0"},
				"south": {"uv": [0, 0, 0.2, 0.1], "texture": "#0"},
				"west": {"uv": [0, 0, 2.2, 0.1], "texture": "#0"},
				"up": {"uv": [0, 0, 0.2, 2.2], "texture": "#0"},
				"down": {"uv": [0, 0, 0.2, 2.2], "texture": "#0"}
			}
		},
		{
			"from": [7.28938, 7.96171, 10.09893],
			"to": [7.48938, 8.06171, 12.29893],
			"faces": {
				"north": {"uv": [0, 0, 0.2, 0.1], "texture": "#0"},
				"east": {"uv": [0, 0, 2.2, 0.1], "texture": "#0"},
				"south": {"uv": [0, 0, 0.2, 0.1], "texture": "#0"},
				"west": {"uv": [0, 0, 2.2, 0.1], "texture": "#0"},
				"up": {"uv": [0, 0, 0.2, 2.2], "texture": "#0"},
				"down": {"uv": [0, 0, 0.2, 2.2], "texture": "#0"}
			}
		},
		{
			"from": [8.48937, 7.95962, 10.10103],
			"to": [8.68937, 8.05962, 12.30103],
			"faces": {
				"north": {"uv": [0, 0, 0.2, 0.1], "texture": "#0"},
				"east": {"uv": [0, 0, 2.2, 0.1], "texture": "#0"},
				"south": {"uv": [0, 0, 0.2, 0.1], "texture": "#0"},
				"west": {"uv": [0, 0, 2.2, 0.1], "texture": "#0"},
				"up": {"uv": [0, 0, 0.2, 2.2], "texture": "#0"},
				"down": {"uv": [0, 0, 0.2, 2.2], "texture": "#0"}
			}
		},
		{
			"from": [7.28554, 7.96556, 12.29893],
			"to": [7.48554, 8.06556, 14.49893],
			"faces": {
				"north": {"uv": [0, 0, 0.2, 0.1], "texture": "#0"},
				"east": {"uv": [0, 0, 2.2, 0.1], "texture": "#0"},
				"south": {"uv": [0, 0, 0.2, 0.1], "texture": "#0"},
				"west": {"uv": [0, 0, 2.2, 0.1], "texture": "#0"},
				"up": {"uv": [0, 0, 0.2, 2.2], "texture": "#0"},
				"down": {"uv": [0, 0, 0.2, 2.2], "texture": "#0"}
			}
		},
		{
			"from": [8.48554, 7.96346, 12.30102],
			"to": [8.68554, 8.06346, 14.50102],
			"faces": {
				"north": {"uv": [0, 0, 0.2, 0.1], "texture": "#0"},
				"east": {"uv": [0, 0, 2.2, 0.1], "texture": "#0"},
				"south": {"uv": [0, 0, 0.2, 0.1], "texture": "#0"},
				"west": {"uv": [0, 0, 2.2, 0.1], "texture": "#0"},
				"up": {"uv": [0, 0, 0.2, 2.2], "texture": "#0"},
				"down": {"uv": [0, 0, 0.2, 2.2], "texture": "#0"}
			}
		},
		{
			"from": [7.28972, 7.46049, 9.39981],
			"to": [7.48972, 7.56049, 10.09981],
			"faces": {
				"north": {"uv": [0, 0, 0.2, 0.1], "texture": "#0"},
				"east": {"uv": [0, 0, 0.7, 0.1], "texture": "#0"},
				"south": {"uv": [0, 0, 0.2, 0.1], "texture": "#0"},
				"west": {"uv": [0, 0, 0.7, 0.1], "texture": "#0"},
				"up": {"uv": [0, 0, 0.2, 0.7], "texture": "#0"},
				"down": {"uv": [0, 0, 0.2, 0.7], "texture": "#0"}
			}
		},
		{
			"from": [8.48972, 7.4584, 9.4019],
			"to": [8.68972, 7.5584, 10.1019],
			"faces": {
				"north": {"uv": [0, 0, 0.2, 0.1], "texture": "#0"},
				"east": {"uv": [0, 0, 0.7, 0.1], "texture": "#0"},
				"south": {"uv": [0, 0, 0.2, 0.1], "texture": "#0"},
				"west": {"uv": [0, 0, 0.7, 0.1], "texture": "#0"},
				"up": {"uv": [0, 0, 0.2, 0.7], "texture": "#0"},
				"down": {"uv": [0, 0, 0.2, 0.7], "texture": "#0"}
			}
		},
		{
			"from": [7.28589, 7.46434, 11.5998],
			"to": [7.48589, 7.56434, 12.2998],
			"faces": {
				"north": {"uv": [0, 0, 0.2, 0.1], "texture": "#0"},
				"east": {"uv": [0, 0, 0.7, 0.1], "texture": "#0"},
				"south": {"uv": [0, 0, 0.2, 0.1], "texture": "#0"},
				"west": {"uv": [0, 0, 0.7, 0.1], "texture": "#0"},
				"up": {"uv": [0, 0, 0.2, 0.7], "texture": "#0"},
				"down": {"uv": [0, 0, 0.2, 0.7], "texture": "#0"}
			}
		},
		{
			"from": [8.48588, 7.46224, 11.6019],
			"to": [8.68588, 7.56224, 12.3019],
			"faces": {
				"north": {"uv": [0, 0, 0.2, 0.1], "texture": "#0"},
				"east": {"uv": [0, 0, 0.7, 0.1], "texture": "#0"},
				"south": {"uv": [0, 0, 0.2, 0.1], "texture": "#0"},
				"west": {"uv": [0, 0, 0.7, 0.1], "texture": "#0"},
				"up": {"uv": [0, 0, 0.2, 0.7], "texture": "#0"},
				"down": {"uv": [0, 0, 0.2, 0.7], "texture": "#0"}
			}
		},
		{
			"from": [7.28205, 7.46818, 13.79979],
			"to": [7.48205, 7.56818, 14.49979],
			"faces": {
				"north": {"uv": [0, 0, 0.2, 0.1], "texture": "#0"},
				"east": {"uv": [0, 0, 0.7, 0.1], "texture": "#0"},
				"south": {"uv": [0, 0, 0.2, 0.1], "texture": "#0"},
				"west": {"uv": [0, 0, 0.7, 0.1], "texture": "#0"},
				"up": {"uv": [0, 0, 0.2, 0.7], "texture": "#0"},
				"down": {"uv": [0, 0, 0.2, 0.7], "texture": "#0"}
			}
		},
		{
			"from": [8.48205, 7.46609, 13.80189],
			"to": [8.68205, 7.56609, 14.50189],
			"faces": {
				"north": {"uv": [0, 0, 0.2, 0.1], "texture": "#0"},
				"east": {"uv": [0, 0, 0.7, 0.1], "texture": "#0"},
				"south": {"uv": [0, 0, 0.2, 0.1], "texture": "#0"},
				"west": {"uv": [0, 0, 0.7, 0.1], "texture": "#0"},
				"up": {"uv": [0, 0, 0.2, 0.7], "texture": "#0"},
				"down": {"uv": [0, 0, 0.2, 0.7], "texture": "#0"}
			}
		},
		{
			"from": [7.29252, 8.46049, 9.39701],
			"to": [7.49252, 8.56049, 10.09701],
			"faces": {
				"north": {"uv": [0, 0, 0.2, 0.1], "texture": "#0"},
				"east": {"uv": [0, 0, 0.7, 0.1], "texture": "#0"},
				"south": {"uv": [0, 0, 0.2, 0.1], "texture": "#0"},
				"west": {"uv": [0, 0, 0.7, 0.1], "texture": "#0"},
				"up": {"uv": [0, 0, 0.2, 0.7], "texture": "#0"},
				"down": {"uv": [0, 0, 0.2, 0.7], "texture": "#0"}
			}
		},
		{
			"from": [8.49251, 8.45839, 9.39911],
			"to": [8.69251, 8.55839, 10.09911],
			"faces": {
				"north": {"uv": [0, 0, 0.2, 0.1], "texture": "#0"},
				"east": {"uv": [0, 0, 0.7, 0.1], "texture": "#0"},
				"south": {"uv": [0, 0, 0.2, 0.1], "texture": "#0"},
				"west": {"uv": [0, 0, 0.7, 0.1], "texture": "#0"},
				"up": {"uv": [0, 0, 0.2, 0.7], "texture": "#0"},
				"down": {"uv": [0, 0, 0.2, 0.7], "texture": "#0"}
			}
		},
		{
			"from": [7.28869, 8.46433, 11.59701],
			"to": [7.48869, 8.56433, 12.29701],
			"faces": {
				"north": {"uv": [0, 0, 0.2, 0.1], "texture": "#0"},
				"east": {"uv": [0, 0, 0.7, 0.1], "texture": "#0"},
				"south": {"uv": [0, 0, 0.2, 0.1], "texture": "#0"},
				"west": {"uv": [0, 0, 0.7, 0.1], "texture": "#0"},
				"up": {"uv": [0, 0, 0.2, 0.7], "texture": "#0"},
				"down": {"uv": [0, 0, 0.2, 0.7], "texture": "#0"}
			}
		},
		{
			"from": [8.48868, 8.46224, 11.5991],
			"to": [8.68868, 8.56224, 12.2991],
			"faces": {
				"north": {"uv": [0, 0, 0.2, 0.1], "texture": "#0"},
				"east": {"uv": [0, 0, 0.7, 0.1], "texture": "#0"},
				"south": {"uv": [0, 0, 0.2, 0.1], "texture": "#0"},
				"west": {"uv": [0, 0, 0.7, 0.1], "texture": "#0"},
				"up": {"uv": [0, 0, 0.2, 0.7], "texture": "#0"},
				"down": {"uv": [0, 0, 0.2, 0.7], "texture": "#0"}
			}
		},
		{
			"from": [7.28485, 8.46818, 13.797],
			"to": [7.48485, 8.56818, 14.497],
			"faces": {
				"north": {"uv": [0, 0, 0.2, 0.1], "texture": "#0"},
				"east": {"uv": [0, 0, 0.7, 0.1], "texture": "#0"},
				"south": {"uv": [0, 0, 0.2, 0.1], "texture": "#0"},
				"west": {"uv": [0, 0, 0.7, 0.1], "texture": "#0"},
				"up": {"uv": [0, 0, 0.2, 0.7], "texture": "#0"},
				"down": {"uv": [0, 0, 0.2, 0.7], "texture": "#0"}
			}
		},
		{
			"from": [8.48485, 8.46608, 13.7991],
			"to": [8.68485, 8.56608, 14.4991],
			"faces": {
				"north": {"uv": [0, 0, 0.2, 0.1], "texture": "#0"},
				"east": {"uv": [0, 0, 0.7, 0.1], "texture": "#0"},
				"south": {"uv": [0, 0, 0.2, 0.1], "texture": "#0"},
				"west": {"uv": [0, 0, 0.7, 0.1], "texture": "#0"},
				"up": {"uv": [0, 0, 0.2, 0.7], "texture": "#0"},
				"down": {"uv": [0, 0, 0.2, 0.7], "texture": "#0"}
			}
		},
		{
			"from": [7.29112, 7.66049, 9.39841],
			"to": [7.49112, 7.76049, 10.09841],
			"faces": {
				"north": {"uv": [0, 0, 0.2, 0.1], "texture": "#0"},
				"east": {"uv": [0, 0, 0.7, 0.1], "texture": "#0"},
				"south": {"uv": [0, 0, 0.2, 0.1], "texture": "#0"},
				"west": {"uv": [0, 0, 0.7, 0.1], "texture": "#0"},
				"up": {"uv": [0, 0, 0.2, 0.7], "texture": "#0"},
				"down": {"uv": [0, 0, 0.2, 0.7], "texture": "#0"}
			}
		},
		{
			"from": [8.49112, 7.65839, 9.40051],
			"to": [8.69112, 7.75839, 10.10051],
			"faces": {
				"north": {"uv": [0, 0, 0.2, 0.1], "texture": "#0"},
				"east": {"uv": [0, 0, 0.7, 0.1], "texture": "#0"},
				"south": {"uv": [0, 0, 0.2, 0.1], "texture": "#0"},
				"west": {"uv": [0, 0, 0.7, 0.1], "texture": "#0"},
				"up": {"uv": [0, 0, 0.2, 0.7], "texture": "#0"},
				"down": {"uv": [0, 0, 0.2, 0.7], "texture": "#0"}
			}
		},
		{
			"from": [7.28729, 7.66433, 11.5984],
			"to": [7.48729, 7.76433, 12.2984],
			"faces": {
				"north": {"uv": [0, 0, 0.2, 0.1], "texture": "#0"},
				"east": {"uv": [0, 0, 0.7, 0.1], "texture": "#0"},
				"south": {"uv": [0, 0, 0.2, 0.1], "texture": "#0"},
				"west": {"uv": [0, 0, 0.7, 0.1], "texture": "#0"},
				"up": {"uv": [0, 0, 0.2, 0.7], "texture": "#0"},
				"down": {"uv": [0, 0, 0.2, 0.7], "texture": "#0"}
			}
		},
		{
			"from": [8.48728, 7.66224, 11.6005],
			"to": [8.68728, 7.76224, 12.3005],
			"faces": {
				"north": {"uv": [0, 0, 0.2, 0.1], "texture": "#0"},
				"east": {"uv": [0, 0, 0.7, 0.1], "texture": "#0"},
				"south": {"uv": [0, 0, 0.2, 0.1], "texture": "#0"},
				"west": {"uv": [0, 0, 0.7, 0.1], "texture": "#0"},
				"up": {"uv": [0, 0, 0.2, 0.7], "texture": "#0"},
				"down": {"uv": [0, 0, 0.2, 0.7], "texture": "#0"}
			}
		},
		{
			"from": [7.28345, 7.66818, 13.7984],
			"to": [7.48345, 7.76818, 14.4984],
			"faces": {
				"north": {"uv": [0, 0, 0.2, 0.1], "texture": "#0"},
				"east": {"uv": [0, 0, 0.7, 0.1], "texture": "#0"},
				"south": {"uv": [0, 0, 0.2, 0.1], "texture": "#0"},
				"west": {"uv": [0, 0, 0.7, 0.1], "texture": "#0"},
				"up": {"uv": [0, 0, 0.2, 0.7], "texture": "#0"},
				"down": {"uv": [0, 0, 0.2, 0.7], "texture": "#0"}
			}
		},
		{
			"from": [8.48345, 7.66609, 13.80049],
			"to": [8.68345, 7.76609, 14.50049],
			"faces": {
				"north": {"uv": [0, 0, 0.2, 0.1], "texture": "#0"},
				"east": {"uv": [0, 0, 0.7, 0.1], "texture": "#0"},
				"south": {"uv": [0, 0, 0.2, 0.1], "texture": "#0"},
				"west": {"uv": [0, 0, 0.7, 0.1], "texture": "#0"},
				"up": {"uv": [0, 0, 0.2, 0.7], "texture": "#0"},
				"down": {"uv": [0, 0, 0.2, 0.7], "texture": "#0"}
			}
		},
		{
			"from": [7.99514, 4.10193, 9.10294],
			"to": [8.09514, 7.30193, 9.30294],
			"rotation": {"angle": -22.5, "axis": "z", "origin": [8.04933, 6.79991, 9.20076]},
			"faces": {
				"north": {"uv": [0, 0, 0.1, 3.2], "texture": "#0"},
				"east": {"uv": [0, 0, 0.2, 3.2], "texture": "#0"},
				"south": {"uv": [0, 0, 0.1, 3.2], "texture": "#0"},
				"west": {"uv": [0, 0, 0.2, 3.2], "texture": "#0"},
				"up": {"uv": [0, 0, 0.1, 0.2], "texture": "#0"},
				"down": {"uv": [0, 0, 0.1, 0.2], "texture": "#0"}
			}
		},
		{
			"from": [8.09514, 4.10175, 9.10311],
			"to": [8.19514, 7.30175, 9.30311],
			"rotation": {"angle": 22.5, "axis": "z", "origin": [8.14933, 6.79991, 9.20076]},
			"faces": {
				"north": {"uv": [0, 0, 0.1, 3.2], "texture": "#0"},
				"east": {"uv": [0, 0, 0.2, 3.2], "texture": "#0"},
				"south": {"uv": [0, 0, 0.1, 3.2], "texture": "#0"},
				"west": {"uv": [0, 0, 0.2, 3.2], "texture": "#0"},
				"up": {"uv": [0, 0, 0.1, 0.2], "texture": "#0"},
				"down": {"uv": [0, 0, 0.1, 0.2], "texture": "#0"}
			}
		}
	],
	"display": {
		"thirdperson_righthand": {
			"rotation": [1.25, 0, 0],
			"translation": [0, 1.25, -7.25],
			"scale": [0.82227, 0.88672, 0.80273]
		},
		"firstperson_righthand": {
			"rotation": [0, -11.75, 0],
			"translation": [0.25, 4.75, -6.5]
		},
		"ground": {
			"translation": [0, 0, -5.5]
		},
		"gui": {
			"rotation": [49.5, -52.75, 52.5],
			"translation": [2.75, 3.5, 0],
			"scale": [1, 1, 0.61]
		}
	}
}