{
	"credit": "Made with Blockbench",
	"textures": {
		"0": "items/bbala",
		"1": "items/black",
		"particle": "items/bbala"
	},
	"elements": [
		{
			"from": [7.4, 7.7, 7.5],
			"to": [8.6, 8.6, 12.8],
			"faces": {
				"north": {"uv": [0, 0, 1.2, 0.9], "texture": "#0"},
				"east": {"uv": [0, 0, 5.3, 0.9], "texture": "#0"},
				"south": {"uv": [0, 0, 1.2, 0.9], "texture": "#0"},
				"west": {"uv": [0, 0, 5.3, 0.9], "texture": "#0"},
				"up": {"uv": [0, 0, 1.2, 5.3], "texture": "#0"},
				"down": {"uv": [0, 0, 1.2, 5.3], "texture": "#0"}
			}
		},
		{
			"from": [8.6, 7.7, 7.5],
			"to": [8.7, 8.5, 13],
			"faces": {
				"north": {"uv": [0, 0, 0.1, 0.8], "texture": "#0"},
				"east": {"uv": [0, 0, 5.5, 0.8], "texture": "#0"},
				"south": {"uv": [0, 0, 0.1, 0.8], "texture": "#0"},
				"west": {"uv": [0, 0, 5.5, 0.8], "texture": "#0"},
				"up": {"uv": [0, 0, 0.1, 5.5], "texture": "#0"},
				"down": {"uv": [0, 0, 0.1, 5.5], "texture": "#0"}
			}
		},
		{
			"from": [7.3, 7.7, 7.5],
			"to": [7.4, 8.5, 13],
			"faces": {
				"north": {"uv": [0, 0, 0.1, 0.8], "texture": "#0"},
				"east": {"uv": [0, 0, 5.5, 0.8], "texture": "#0"},
				"south": {"uv": [0, 0, 0.1, 0.8], "texture": "#0"},
				"west": {"uv": [0, 0, 5.5, 0.8], "texture": "#0"},
				"up": {"uv": [0, 0, 0.1, 5.5], "texture": "#0"},
				"down": {"uv": [0, 0, 0.1, 5.5], "texture": "#0"}
			}
		},
		{
			"from": [7.4, 7.7, 12.8],
			"to": [8.6, 8.6, 12.9],
			"faces": {
				"north": {"uv": [0, 0, 1.2, 0.9], "texture": "#0"},
				"east": {"uv": [0, 0, 0.1, 0.9], "texture": "#0"},
				"south": {"uv": [0, 0, 1.2, 0.9], "texture": "#0"},
				"west": {"uv": [0, 0, 0.1, 0.9], "texture": "#0"},
				"up": {"uv": [0, 0, 1.2, 0.1], "texture": "#0"},
				"down": {"uv": [0, 0, 1.2, 0.1], "texture": "#0"}
			}
		},
		{
			"from": [7.3, 7.7, 13],
			"to": [8.7, 8.5, 13.1],
			"rotation": {"angle": 0, "axis": "y", "origin": [8, 8, 8.2]},
			"faces": {
				"north": {"uv": [0, 0, 1.4, 0.8], "texture": "#0"},
				"east": {"uv": [0, 0, 0.1, 0.8], "texture": "#0"},
				"south": {"uv": [0, 0, 1.4, 0.8], "texture": "#0"},
				"west": {"uv": [0, 0, 0.1, 0.8], "texture": "#0"},
				"up": {"uv": [0, 0, 1.4, 0.1], "texture": "#0"},
				"down": {"uv": [0, 0, 1.4, 0.1], "texture": "#0"}
			}
		},
		{
			"from": [8.6, 7.7, 14.6],
			"to": [8.7, 8.4, 14.7],
			"rotation": {"angle": 0, "axis": "y", "origin": [8, 8, 8.2]},
			"faces": {
				"north": {"uv": [0, 0, 0.1, 0.7], "texture": "#0"},
				"east": {"uv": [0, 0, 0.1, 0.7], "texture": "#0"},
				"south": {"uv": [0, 0, 0.1, 0.7], "texture": "#0"},
				"west": {"uv": [0, 0, 0.1, 0.7], "texture": "#0"},
				"up": {"uv": [0, 0, 0.1, 0.1], "texture": "#0"},
				"down": {"uv": [0, 0, 0.1, 0.1], "texture": "#0"}
			}
		},
		{
			"from": [7.3, 7.7, 14.6],
			"to": [7.4, 8.5, 14.7],
			"rotation": {"angle": 0, "axis": "y", "origin": [8, 8, 8.2]},
			"faces": {
				"north": {"uv": [0, 0, 0.1, 0.8], "texture": "#0"},
				"east": {"uv": [0, 0, 0.1, 0.8], "texture": "#0"},
				"south": {"uv": [0, 0, 0.1, 0.8], "texture": "#0"},
				"west": {"uv": [0, 0, 0.1, 0.8], "texture": "#0"},
				"up": {"uv": [0, 0, 0.1, 0.1], "texture": "#0"},
				"down": {"uv": [0, 0, 0.1, 0.1], "texture": "#0"}
			}
		},
		{
			"from": [7.3, 7.7, 13.2],
			"to": [8.7, 8.5, 13.3],
			"rotation": {"angle": 0, "axis": "y", "origin": [8, 8, 8.4]},
			"faces": {
				"north": {"uv": [0, 0, 1.4, 0.8], "texture": "#0"},
				"east": {"uv": [0, 0, 0.1, 0.8], "texture": "#0"},
				"south": {"uv": [0, 0, 1.4, 0.8], "texture": "#0"},
				"west": {"uv": [0, 0, 0.1, 0.8], "texture": "#0"},
				"up": {"uv": [0, 0, 1.4, 0.1], "texture": "#0"},
				"down": {"uv": [0, 0, 1.4, 0.1], "texture": "#0"}
			}
		},
		{
			"from": [7.3, 7.7, 13.4],
			"to": [8.7, 8.5, 13.5],
			"rotation": {"angle": 0, "axis": "y", "origin": [8, 8, 8.6]},
			"faces": {
				"north": {"uv": [0, 0, 1.4, 0.8], "texture": "#0"},
				"east": {"uv": [0, 0, 0.1, 0.8], "texture": "#0"},
				"south": {"uv": [0, 0, 1.4, 0.8], "texture": "#0"},
				"west": {"uv": [0, 0, 0.1, 0.8], "texture": "#0"},
				"up": {"uv": [0, 0, 1.4, 0.1], "texture": "#0"},
				"down": {"uv": [0, 0, 1.4, 0.1], "texture": "#0"}
			}
		},
		{
			"from": [7.3, 7.7, 13.6],
			"to": [8.7, 8.5, 13.7],
			"rotation": {"angle": 0, "axis": "y", "origin": [8, 8, 8.8]},
			"faces": {
				"north": {"uv": [0, 0, 1.4, 0.8], "texture": "#0"},
				"east": {"uv": [0, 0, 0.1, 0.8], "texture": "#0"},
				"south": {"uv": [0, 0, 1.4, 0.8], "texture": "#0"},
				"west": {"uv": [0, 0, 0.1, 0.8], "texture": "#0"},
				"up": {"uv": [0, 0, 1.4, 0.1], "texture": "#0"},
				"down": {"uv": [0, 0, 1.4, 0.1], "texture": "#0"}
			}
		},
		{
			"from": [7.3, 7.7, 13.8],
			"to": [8.7, 8.5, 13.9],
			"rotation": {"angle": 0, "axis": "y", "origin": [8, 8, 9]},
			"faces": {
				"north": {"uv": [0, 0, 1.4, 0.8], "texture": "#0"},
				"east": {"uv": [0, 0, 0.1, 0.8], "texture": "#0"},
				"south": {"uv": [0, 0, 1.4, 0.8], "texture": "#0"},
				"west": {"uv": [0, 0, 0.1, 0.8], "texture": "#0"},
				"up": {"uv": [0, 0, 1.4, 0.1], "texture": "#0"},
				"down": {"uv": [0, 0, 1.4, 0.1], "texture": "#0"}
			}
		},
		{
			"from": [7.3, 7.7, 14],
			"to": [8.7, 8.5, 14.1],
			"rotation": {"angle": 0, "axis": "y", "origin": [8, 8, 9.2]},
			"faces": {
				"north": {"uv": [0, 0, 1.4, 0.8], "texture": "#0"},
				"east": {"uv": [0, 0, 0.1, 0.8], "texture": "#0"},
				"south": {"uv": [0, 0, 1.4, 0.8], "texture": "#0"},
				"west": {"uv": [0, 0, 0.1, 0.8], "texture": "#0"},
				"up": {"uv": [0, 0, 1.4, 0.1], "texture": "#0"},
				"down": {"uv": [0, 0, 1.4, 0.1], "texture": "#0"}
			}
		},
		{
			"from": [7.3, 7.7, 14.2],
			"to": [8.7, 8.5, 14.3],
			"rotation": {"angle": 0, "axis": "y", "origin": [8, 8, 9.4]},
			"faces": {
				"north": {"uv": [0, 0, 1.4, 0.8], "texture": "#0"},
				"east": {"uv": [0, 0, 0.1, 0.8], "texture": "#0"},
				"south": {"uv": [0, 0, 1.4, 0.8], "texture": "#0"},
				"west": {"uv": [0, 0, 0.1, 0.8], "texture": "#0"},
				"up": {"uv": [0, 0, 1.4, 0.1], "texture": "#0"},
				"down": {"uv": [0, 0, 1.4, 0.1], "texture": "#0"}
			}
		},
		{
			"from": [7.3, 7.7, 14.4],
			"to": [8.7, 8.5, 14.5],
			"rotation": {"angle": 0, "axis": "y", "origin": [8, 8, 9.6]},
			"faces": {
				"north": {"uv": [0, 0, 1.4, 0.8], "texture": "#0"},
				"east": {"uv": [0, 0, 0.1, 0.8], "texture": "#0"},
				"south": {"uv": [0, 0, 1.4, 0.8], "texture": "#0"},
				"west": {"uv": [0, 0, 0.1, 0.8], "texture": "#0"},
				"up": {"uv": [0, 0, 1.4, 0.1], "texture": "#0"},
				"down": {"uv": [0, 0, 1.4, 0.1], "texture": "#0"}
			}
		},
		{
			"from": [7.4, 7.7, 14.6],
			"to": [8.6, 8.6, 14.7],
			"rotation": {"angle": 0, "axis": "y", "origin": [8, 8, 9.6]},
			"faces": {
				"north": {"uv": [0, 0, 1.2, 0.9], "texture": "#0"},
				"east": {"uv": [0, 0, 0.1, 0.9], "texture": "#0"},
				"south": {"uv": [0, 0, 1.2, 0.9], "texture": "#0"},
				"west": {"uv": [0, 0, 0.1, 0.9], "texture": "#0"},
				"up": {"uv": [0, 0, 1.2, 0.1], "texture": "#0"},
				"down": {"uv": [0, 0, 1.2, 0.1], "texture": "#0"}
			}
		},
		{
			"from": [7.9, 8.5, 14.3],
			"to": [8.1, 8.8, 14.4],
			"rotation": {"angle": 0, "axis": "y", "origin": [8, 8, 9.6]},
			"faces": {
				"north": {"uv": [0, 0, 0.2, 0.3], "texture": "#0"},
				"east": {"uv": [0, 0, 0.1, 0.3], "texture": "#0"},
				"south": {"uv": [0, 0, 0.2, 0.3], "texture": "#0"},
				"west": {"uv": [0, 0, 0.1, 0.3], "texture": "#0"},
				"up": {"uv": [0, 0, 0.2, 0.1], "texture": "#0"},
				"down": {"uv": [0, 0, 0.2, 0.1], "texture": "#0"}
			}
		},
		{
			"from": [7.9, 8.5, 7.6],
			"to": [8.1, 8.8, 7.7],
			"rotation": {"angle": 0, "axis": "y", "origin": [8, 8, 2.9]},
			"faces": {
				"north": {"uv": [0, 0, 0.2, 0.3], "texture": "#0"},
				"east": {"uv": [0, 0, 0.1, 0.3], "texture": "#0"},
				"south": {"uv": [0, 0, 0.2, 0.3], "texture": "#0"},
				"west": {"uv": [0, 0, 0.1, 0.3], "texture": "#0"},
				"up": {"uv": [0, 0, 0.2, 0.1], "texture": "#0"},
				"down": {"uv": [0, 0, 0.2, 0.1], "texture": "#0"}
			}
		},
		{
			"from": [7.8, 8.5, 14.3],
			"to": [7.9, 8.7, 14.4],
			"rotation": {"angle": 0, "axis": "y", "origin": [8, 8, 9.6]},
			"faces": {
				"north": {"uv": [0, 0, 0.1, 0.2], "texture": "#0"},
				"east": {"uv": [0, 0, 0.1, 0.2], "texture": "#0"},
				"south": {"uv": [0, 0, 0.1, 0.2], "texture": "#0"},
				"west": {"uv": [0, 0, 0.1, 0.2], "texture": "#0"},
				"up": {"uv": [0, 0, 0.1, 0.1], "texture": "#0"},
				"down": {"uv": [0, 0, 0.1, 0.1], "texture": "#0"}
			}
		},
		{
			"from": [8.1, 8.5, 14.3],
			"to": [8.2, 8.7, 14.4],
			"rotation": {"angle": 0, "axis": "y", "origin": [8, 8, 9.6]},
			"faces": {
				"north": {"uv": [0, 0, 0.1, 0.2], "texture": "#0"},
				"east": {"uv": [0, 0, 0.1, 0.2], "texture": "#0"},
				"south": {"uv": [0, 0, 0.1, 0.2], "texture": "#0"},
				"west": {"uv": [0, 0, 0.1, 0.2], "texture": "#0"},
				"up": {"uv": [0, 0, 0.1, 0.1], "texture": "#0"},
				"down": {"uv": [0, 0, 0.1, 0.1], "texture": "#0"}
			}
		},
		{
			"from": [7.8, 8.5, 7.6],
			"to": [7.9, 8.7, 7.7],
			"rotation": {"angle": 0, "axis": "y", "origin": [8, 8, 2.9]},
			"faces": {
				"north": {"uv": [0, 0, 0.1, 0.2], "texture": "#0"},
				"east": {"uv": [0, 0, 0.1, 0.2], "texture": "#0"},
				"south": {"uv": [0, 0, 0.1, 0.2], "texture": "#0"},
				"west": {"uv": [0, 0, 0.1, 0.2], "texture": "#0"},
				"up": {"uv": [0, 0, 0.1, 0.1], "texture": "#0"},
				"down": {"uv": [0, 0, 0.1, 0.1], "texture": "#0"}
			}
		},
		{
			"from": [8.1, 8.5, 14.3],
			"to": [8.2, 8.6, 14.4],
			"rotation": {"angle": 0, "axis": "y", "origin": [8, 8, 9.6]},
			"faces": {
				"north": {"uv": [0, 0, 0.1, 0.1], "texture": "#0"},
				"east": {"uv": [0, 0, 0.1, 0.1], "texture": "#0"},
				"south": {"uv": [0, 0, 0.1, 0.1], "texture": "#0"},
				"west": {"uv": [0, 0, 0.1, 0.1], "texture": "#0"},
				"up": {"uv": [0, 0, 0.1, 0.1], "texture": "#0"},
				"down": {"uv": [0, 0, 0.1, 0.1], "texture": "#0"}
			}
		},
		{
			"from": [8.1, 8.5, 7.6],
			"to": [8.2, 8.7, 7.7],
			"rotation": {"angle": 0, "axis": "y", "origin": [8, 8, 2.9]},
			"faces": {
				"north": {"uv": [0, 0, 0.1, 0.2], "texture": "#0"},
				"east": {"uv": [0, 0, 0.1, 0.2], "texture": "#0"},
				"south": {"uv": [0, 0, 0.1, 0.2], "texture": "#0"},
				"west": {"uv": [0, 0, 0.1, 0.2], "texture": "#0"},
				"up": {"uv": [0, 0, 0.1, 0.1], "texture": "#0"},
				"down": {"uv": [0, 0, 0.1, 0.1], "texture": "#0"}
			}
		},
		{
			"from": [7.4, 7.7, 12.9],
			"to": [8.6, 8.6, 13.1],
			"faces": {
				"north": {"uv": [0, 0, 1.2, 0.9], "texture": "#0"},
				"east": {"uv": [0, 0, 0.2, 0.9], "texture": "#0"},
				"south": {"uv": [0, 0, 1.2, 0.9], "texture": "#0"},
				"west": {"uv": [0, 0, 0.2, 0.9], "texture": "#0"},
				"up": {"uv": [0, 0, 1.2, 0.2], "texture": "#0"},
				"down": {"uv": [0, 0, 1.2, 0.2], "texture": "#0"}
			}
		},
		{
			"from": [7.4, 8.4, 13.1],
			"to": [8.6, 8.6, 14.5],
			"rotation": {"angle": 0, "axis": "y", "origin": [8, 8, 8.2]},
			"faces": {
				"north": {"uv": [0, 0, 1.2, 0.2], "texture": "#0"},
				"east": {"uv": [0, 0, 1.4, 0.2], "texture": "#0"},
				"south": {"uv": [0, 0, 1.2, 0.2], "texture": "#0"},
				"west": {"uv": [0, 0, 1.4, 0.2], "texture": "#0"},
				"up": {"uv": [0, 0, 1.2, 1.4], "texture": "#0"},
				"down": {"uv": [0, 0, 1.2, 1.4], "texture": "#0"}
			}
		},
		{
			"from": [7.4, 7.7, 13.3],
			"to": [8.6, 8.6, 13.4],
			"rotation": {"angle": 0, "axis": "y", "origin": [8, 8, 8.4]},
			"faces": {
				"north": {"uv": [0, 0, 1.2, 0.9], "texture": "#0"},
				"east": {"uv": [0, 0, 0.1, 0.9], "texture": "#0"},
				"south": {"uv": [0, 0, 1.2, 0.9], "texture": "#0"},
				"west": {"uv": [0, 0, 0.1, 0.9], "texture": "#0"},
				"up": {"uv": [0, 0, 1.2, 0.1], "texture": "#0"},
				"down": {"uv": [0, 0, 1.2, 0.1], "texture": "#0"}
			}
		},
		{
			"from": [7.4, 7.7, 13.1],
			"to": [8.6, 8.6, 13.2],
			"rotation": {"angle": 0, "axis": "y", "origin": [8, 8, 8.4]},
			"faces": {
				"north": {"uv": [0, 0, 1.2, 0.9], "texture": "#0"},
				"east": {"uv": [0, 0, 0.1, 0.9], "texture": "#0"},
				"south": {"uv": [0, 0, 1.2, 0.9], "texture": "#0"},
				"west": {"uv": [0, 0, 0.1, 0.9], "texture": "#0"},
				"up": {"uv": [0, 0, 1.2, 0.1], "texture": "#0"},
				"down": {"uv": [0, 0, 1.2, 0.1], "texture": "#0"}
			}
		},
		{
			"from": [7.4, 7.7, 13.5],
			"to": [8.6, 8.6, 13.6],
			"rotation": {"angle": 0, "axis": "y", "origin": [8, 8, 8.6]},
			"faces": {
				"north": {"uv": [0, 0, 1.2, 0.9], "texture": "#0"},
				"east": {"uv": [0, 0, 0.1, 0.9], "texture": "#0"},
				"south": {"uv": [0, 0, 1.2, 0.9], "texture": "#0"},
				"west": {"uv": [0, 0, 0.1, 0.9], "texture": "#0"},
				"up": {"uv": [0, 0, 1.2, 0.1], "texture": "#0"},
				"down": {"uv": [0, 0, 1.2, 0.1], "texture": "#0"}
			}
		},
		{
			"from": [7.4, 7.7, 13.7],
			"to": [8.6, 8.6, 13.8],
			"rotation": {"angle": 0, "axis": "y", "origin": [8, 8, 8.8]},
			"faces": {
				"north": {"uv": [0, 0, 1.2, 0.9], "texture": "#0"},
				"east": {"uv": [0, 0, 0.1, 0.9], "texture": "#0"},
				"south": {"uv": [0, 0, 1.2, 0.9], "texture": "#0"},
				"west": {"uv": [0, 0, 0.1, 0.9], "texture": "#0"},
				"up": {"uv": [0, 0, 1.2, 0.1], "texture": "#0"},
				"down": {"uv": [0, 0, 1.2, 0.1], "texture": "#0"}
			}
		},
		{
			"from": [7.4, 7.7, 13.9],
			"to": [8.6, 8.6, 14],
			"rotation": {"angle": 0, "axis": "y", "origin": [8, 8, 9]},
			"faces": {
				"north": {"uv": [0, 0, 1.2, 0.9], "texture": "#0"},
				"east": {"uv": [0, 0, 0.1, 0.9], "texture": "#0"},
				"south": {"uv": [0, 0, 1.2, 0.9], "texture": "#0"},
				"west": {"uv": [0, 0, 0.1, 0.9], "texture": "#0"},
				"up": {"uv": [0, 0, 1.2, 0.1], "texture": "#0"},
				"down": {"uv": [0, 0, 1.2, 0.1], "texture": "#0"}
			}
		},
		{
			"from": [7.4, 7.7, 14.1],
			"to": [8.6, 8.6, 14.2],
			"rotation": {"angle": 0, "axis": "y", "origin": [8, 8, 9.2]},
			"faces": {
				"north": {"uv": [0, 0, 1.2, 0.9], "texture": "#0"},
				"east": {"uv": [0, 0, 0.1, 0.9], "texture": "#0"},
				"south": {"uv": [0, 0, 1.2, 0.9], "texture": "#0"},
				"west": {"uv": [0, 0, 0.1, 0.9], "texture": "#0"},
				"up": {"uv": [0, 0, 1.2, 0.1], "texture": "#0"},
				"down": {"uv": [0, 0, 1.2, 0.1], "texture": "#0"}
			}
		},
		{
			"from": [7.4, 7.7, 14.3],
			"to": [8.6, 8.6, 14.4],
			"rotation": {"angle": 0, "axis": "y", "origin": [8, 8, 9.4]},
			"faces": {
				"north": {"uv": [0, 0, 1.2, 0.9], "texture": "#0"},
				"east": {"uv": [0, 0, 0.1, 0.9], "texture": "#0"},
				"south": {"uv": [0, 0, 1.2, 0.9], "texture": "#0"},
				"west": {"uv": [0, 0, 0.1, 0.9], "texture": "#0"},
				"up": {"uv": [0, 0, 1.2, 0.1], "texture": "#0"},
				"down": {"uv": [0, 0, 1.2, 0.1], "texture": "#0"}
			}
		},
		{
			"from": [7.4, 7.7, 14.5],
			"to": [8.6, 8.6, 14.6],
			"rotation": {"angle": 0, "axis": "y", "origin": [8, 8, 9.6]},
			"faces": {
				"north": {"uv": [0, 0, 1.2, 0.9], "texture": "#0"},
				"east": {"uv": [0, 0, 0.1, 0.9], "texture": "#0"},
				"south": {"uv": [0, 0, 1.2, 0.9], "texture": "#0"},
				"west": {"uv": [0, 0, 0.1, 0.9], "texture": "#0"},
				"up": {"uv": [0, 0, 1.2, 0.1], "texture": "#0"},
				"down": {"uv": [0, 0, 1.2, 0.1], "texture": "#0"}
			}
		},
		{
			"from": [7.5, 7.3, 7.5],
			"to": [8.5, 7.7, 14.7],
			"faces": {
				"north": {"uv": [0, 0, 1, 0.4], "texture": "#1"},
				"east": {"uv": [0, 0, 7.2, 0.4], "texture": "#1"},
				"south": {"uv": [0, 0, 1, 0.4], "texture": "#1"},
				"west": {"uv": [0, 0, 7.2, 0.4], "texture": "#1"},
				"up": {"uv": [0, 0, 1, 7.2], "texture": "#1"},
				"down": {"uv": [0, 0, 1, 7.2], "texture": "#1"}
			}
		},
		{
			"from": [7.4, 7.5, 7.5],
			"to": [7.5, 7.7, 14.7],
			"faces": {
				"north": {"uv": [0, 0, 0.1, 0.2], "texture": "#1"},
				"east": {"uv": [0, 0, 7.2, 0.2], "texture": "#1"},
				"south": {"uv": [0, 0, 0.1, 0.2], "texture": "#1"},
				"west": {"uv": [0, 0, 7.2, 0.2], "texture": "#1"},
				"up": {"uv": [0, 0, 0.1, 7.2], "texture": "#1"},
				"down": {"uv": [0, 0, 0.1, 7.2], "texture": "#1"}
			}
		},
		{
			"from": [8.5, 7.5, 7.5],
			"to": [8.6, 7.7, 14.7],
			"faces": {
				"north": {"uv": [0, 0, 0.1, 0.2], "texture": "#1"},
				"east": {"uv": [0, 0, 7.2, 0.2], "texture": "#1"},
				"south": {"uv": [0, 0, 0.1, 0.2], "texture": "#1"},
				"west": {"uv": [0, 0, 7.2, 0.2], "texture": "#1"},
				"up": {"uv": [0, 0, 0.1, 7.2], "texture": "#1"},
				"down": {"uv": [0, 0, 0.1, 7.2], "texture": "#1"}
			}
		},
		{
			"from": [7.6, 7.2, 7.5],
			"to": [8.4, 7.3, 11.4],
			"faces": {
				"north": {"uv": [0, 0, 0.8, 0.1], "texture": "#1"},
				"east": {"uv": [0, 0, 3.9, 0.1], "texture": "#1"},
				"south": {"uv": [0, 0, 0.8, 0.1], "texture": "#1"},
				"west": {"uv": [0, 0, 3.9, 0.1], "texture": "#1"},
				"up": {"uv": [0, 0, 0.8, 3.9], "texture": "#1"},
				"down": {"uv": [0, 0, 0.8, 3.9], "texture": "#1"}
			}
		},
		{
			"from": [7.6, 7.2, 14.2],
			"to": [8.4, 7.3, 14.6],
			"faces": {
				"north": {"uv": [0, 0, 0.8, 0.1], "texture": "#1"},
				"east": {"uv": [0, 0, 0.4, 0.1], "texture": "#1"},
				"south": {"uv": [0, 0, 0.8, 0.1], "texture": "#1"},
				"west": {"uv": [0, 0, 0.4, 0.1], "texture": "#1"},
				"up": {"uv": [0, 0, 0.8, 0.4], "texture": "#1"},
				"down": {"uv": [0, 0, 0.8, 0.4], "texture": "#1"}
			}
		},
		{
			"from": [7.5, 7.4, 14.7],
			"to": [8.5, 7.6, 14.8],
			"faces": {
				"north": {"uv": [0, 0, 1, 0.2], "texture": "#1"},
				"east": {"uv": [0, 0, 0.1, 0.2], "texture": "#1"},
				"south": {"uv": [0, 0, 1, 0.2], "texture": "#1"},
				"west": {"uv": [0, 0, 0.1, 0.2], "texture": "#1"},
				"up": {"uv": [0, 0, 1, 0.1], "texture": "#1"},
				"down": {"uv": [0, 0, 1, 0.1], "texture": "#1"}
			}
		},
		{
			"from": [7.6, 7.1, 14.2],
			"to": [8.4, 7.2, 14.5],
			"faces": {
				"north": {"uv": [0, 0, 0.8, 0.1], "texture": "#1"},
				"east": {"uv": [0, 0, 0.3, 0.1], "texture": "#1"},
				"south": {"uv": [0, 0, 0.8, 0.1], "texture": "#1"},
				"west": {"uv": [0, 0, 0.3, 0.1], "texture": "#1"},
				"up": {"uv": [0, 0, 0.8, 0.3], "texture": "#1"},
				"down": {"uv": [0, 0, 0.8, 0.3], "texture": "#1"}
			}
		},
		{
			"from": [7.6, 7, 14.2],
			"to": [8.4, 7.1, 14.4],
			"faces": {
				"north": {"uv": [0, 0, 0.8, 0.1], "texture": "#1"},
				"east": {"uv": [0, 0, 0.2, 0.1], "texture": "#1"},
				"south": {"uv": [0, 0, 0.8, 0.1], "texture": "#1"},
				"west": {"uv": [0, 0, 0.2, 0.1], "texture": "#1"},
				"up": {"uv": [0, 0, 0.8, 0.2], "texture": "#1"},
				"down": {"uv": [0, 0, 0.8, 0.2], "texture": "#1"}
			}
		},
		{
			"from": [7.6, 6.9, 14.2],
			"to": [8.4, 7, 14.3],
			"faces": {
				"north": {"uv": [0, 0, 0.8, 0.1], "texture": "#1"},
				"east": {"uv": [0, 0, 0.1, 0.1], "texture": "#1"},
				"south": {"uv": [0, 0, 0.8, 0.1], "texture": "#1"},
				"west": {"uv": [0, 0, 0.1, 0.1], "texture": "#1"},
				"up": {"uv": [0, 0, 0.8, 0.1], "texture": "#1"},
				"down": {"uv": [0, 0, 0.8, 0.1], "texture": "#1"}
			}
		},
		{
			"from": [7.6, 3.9, 12.9],
			"to": [8.4, 7.3, 14.2],
			"faces": {
				"north": {"uv": [0, 0, 0.8, 3.4], "texture": "#1"},
				"east": {"uv": [0, 0, 1.3, 3.4], "texture": "#1"},
				"south": {"uv": [0, 0, 0.8, 3.4], "texture": "#1"},
				"west": {"uv": [0, 0, 1.3, 3.4], "texture": "#1"},
				"up": {"uv": [0, 0, 0.8, 1.3], "texture": "#1"},
				"down": {"uv": [0, 0, 0.8, 1.3], "texture": "#1"}
			}
		},
		{
			"from": [7.7, 3.8, 13],
			"to": [8.3, 3.9, 14.1],
			"faces": {
				"north": {"uv": [0, 0, 0.6, 0.1], "texture": "#1"},
				"east": {"uv": [0, 0, 1.1, 0.1], "texture": "#1"},
				"south": {"uv": [0, 0, 0.6, 0.1], "texture": "#1"},
				"west": {"uv": [0, 0, 1.1, 0.1], "texture": "#1"},
				"up": {"uv": [0, 0, 0.6, 1.1], "texture": "#1"},
				"down": {"uv": [0, 0, 0.6, 1.1], "texture": "#1"}
			}
		},
		{
			"from": [7.6, 4, 12.8],
			"to": [8.4, 7.3, 12.9],
			"faces": {
				"north": {"uv": [0, 0, 0.8, 3.3], "texture": "#1"},
				"east": {"uv": [0, 0, 0.1, 3.3], "texture": "#1"},
				"south": {"uv": [0, 0, 0.8, 3.3], "texture": "#1"},
				"west": {"uv": [0, 0, 0.1, 3.3], "texture": "#1"},
				"up": {"uv": [0, 0, 0.8, 0.1], "texture": "#1"},
				"down": {"uv": [0, 0, 0.8, 0.1], "texture": "#1"}
			}
		},
		{
			"from": [7.6, 4.1, 12.7],
			"to": [8.4, 7.3, 12.8],
			"faces": {
				"north": {"uv": [0, 0, 0.8, 3.2], "texture": "#1"},
				"east": {"uv": [0, 0, 0.1, 3.2], "texture": "#1"},
				"south": {"uv": [0, 0, 0.8, 3.2], "texture": "#1"},
				"west": {"uv": [0, 0, 0.1, 3.2], "texture": "#1"},
				"up": {"uv": [0, 0, 0.8, 0.1], "texture": "#1"},
				"down": {"uv": [0, 0, 0.8, 0.1], "texture": "#1"}
			}
		},
		{
			"from": [7.6, 3.9, 14.2],
			"to": [8.4, 6.5, 14.3],
			"faces": {
				"north": {"uv": [0, 0, 0.8, 2.6], "texture": "#1"},
				"east": {"uv": [0, 0, 0.1, 2.6], "texture": "#1"},
				"south": {"uv": [0, 0, 0.8, 2.6], "texture": "#1"},
				"west": {"uv": [0, 0, 0.1, 2.6], "texture": "#1"},
				"up": {"uv": [0, 0, 0.8, 0.1], "texture": "#1"},
				"down": {"uv": [0, 0, 0.8, 0.1], "texture": "#1"}
			}
		},
		{
			"from": [7.6, 4, 14.3],
			"to": [8.4, 6.4, 14.4],
			"faces": {
				"north": {"uv": [0, 0, 0.8, 2.4], "texture": "#1"},
				"east": {"uv": [0, 0, 0.1, 2.4], "texture": "#1"},
				"south": {"uv": [0, 0, 0.8, 2.4], "texture": "#1"},
				"west": {"uv": [0, 0, 0.1, 2.4], "texture": "#1"},
				"up": {"uv": [0, 0, 0.8, 0.1], "texture": "#1"},
				"down": {"uv": [0, 0, 0.8, 0.1], "texture": "#1"}
			}
		},
		{
			"from": [7.7, 6.4, 11.2],
			"to": [8.3, 7.3, 11.4],
			"faces": {
				"north": {"uv": [0, 0, 0.6, 0.9], "texture": "#1"},
				"east": {"uv": [0, 0, 0.2, 0.9], "texture": "#1"},
				"south": {"uv": [0, 0, 0.6, 0.9], "texture": "#1"},
				"west": {"uv": [0, 0, 0.2, 0.9], "texture": "#1"},
				"up": {"uv": [0, 0, 0.6, 0.2], "texture": "#1"},
				"down": {"uv": [0, 0, 0.6, 0.2], "texture": "#1"}
			}
		},
		{
			"from": [7.95, 7.2, 12.2],
			"to": [8.05, 7.3, 12.4],
			"rotation": {"angle": 0, "axis": "x", "origin": [8, 6.95, 12]},
			"faces": {
				"north": {"uv": [0, 0, 0.1, 0.1], "texture": "#1"},
				"east": {"uv": [0, 0, 0.2, 0.1], "texture": "#1"},
				"south": {"uv": [0, 0, 0.1, 0.1], "texture": "#1"},
				"west": {"uv": [0, 0, 0.2, 0.1], "texture": "#1"},
				"up": {"uv": [0, 0, 0.1, 0.2], "texture": "#1"},
				"down": {"uv": [0, 0, 0.1, 0.2], "texture": "#1"}
			}
		},
		{
			"from": [7.95, 6.5, 12.2],
			"to": [8.05, 6.6, 12.4],
			"rotation": {"angle": 0, "axis": "x", "origin": [8, 6.95, 12]},
			"faces": {
				"north": {"uv": [0, 0, 0.1, 0.1], "texture": "#1"},
				"east": {"uv": [0, 0, 0.2, 0.1], "texture": "#1"},
				"south": {"uv": [0, 0, 0.1, 0.1], "texture": "#1"},
				"west": {"uv": [0, 0, 0.2, 0.1], "texture": "#1"},
				"up": {"uv": [0, 0, 0.1, 0.2], "texture": "#1"},
				"down": {"uv": [0, 0, 0.1, 0.2], "texture": "#1"}
			}
		},
		{
			"from": [7.95, 7.1, 12.3],
			"to": [8.05, 7.2, 12.5],
			"rotation": {"angle": 0, "axis": "x", "origin": [8, 6.95, 12]},
			"faces": {
				"north": {"uv": [0, 0, 0.1, 0.1], "texture": "#1"},
				"east": {"uv": [0, 0, 0.2, 0.1], "texture": "#1"},
				"south": {"uv": [0, 0, 0.1, 0.1], "texture": "#1"},
				"west": {"uv": [0, 0, 0.2, 0.1], "texture": "#1"},
				"up": {"uv": [0, 0, 0.1, 0.2], "texture": "#1"},
				"down": {"uv": [0, 0, 0.1, 0.2], "texture": "#1"}
			}
		},
		{
			"from": [7.95, 6.6, 12.3],
			"to": [8.05, 6.7, 12.5],
			"rotation": {"angle": 0, "axis": "x", "origin": [8, 6.95, 12]},
			"faces": {
				"north": {"uv": [0, 0, 0.1, 0.1], "texture": "#1"},
				"east": {"uv": [0, 0, 0.2, 0.1], "texture": "#1"},
				"south": {"uv": [0, 0, 0.1, 0.1], "texture": "#1"},
				"west": {"uv": [0, 0, 0.2, 0.1], "texture": "#1"},
				"up": {"uv": [0, 0, 0.1, 0.2], "texture": "#1"},
				"down": {"uv": [0, 0, 0.1, 0.2], "texture": "#1"}
			}
		},
		{
			"from": [7.95, 6.7, 12.4],
			"to": [8.05, 7.1, 12.5],
			"rotation": {"angle": 0, "axis": "x", "origin": [8, 6.95, 12]},
			"faces": {
				"north": {"uv": [0, 0, 0.1, 0.4], "texture": "#1"},
				"east": {"uv": [0, 0, 0.1, 0.4], "texture": "#1"},
				"south": {"uv": [0, 0, 0.1, 0.4], "texture": "#1"},
				"west": {"uv": [0, 0, 0.1, 0.4], "texture": "#1"},
				"up": {"uv": [0, 0, 0.1, 0.1], "texture": "#1"},
				"down": {"uv": [0, 0, 0.1, 0.1], "texture": "#1"}
			}
		},
		{
			"from": [7.7, 6.3, 11.1],
			"to": [8.3, 6.4, 12.7],
			"faces": {
				"north": {"uv": [0, 0, 0.6, 0.1], "texture": "#1"},
				"east": {"uv": [0, 0, 1.6, 0.1], "texture": "#1"},
				"south": {"uv": [0, 0, 0.6, 0.1], "texture": "#1"},
				"west": {"uv": [0, 0, 1.6, 0.1], "texture": "#1"},
				"up": {"uv": [0, 0, 0.6, 1.6], "texture": "#1"},
				"down": {"uv": [0, 0, 0.6, 1.6], "texture": "#1"}
			}
		}
	],
	"display": {
		"thirdperson_righthand": {
			"translation": [0, 1.25, -4.25]
		},
		"firstperson_righthand": {
			"rotation": [4, 8, 3],
			"translation": [-8.25, 6.75, 0],
			"scale": [0.70117, 1, 1]
		},
		"gui": {
			"rotation": [-103, -103, -101],
			"translation": [4, 2, 0],
			"scale": [2.5, 1.25, 1.19]
		}
	}
}