{
	"credit": "Made with Blockbench",
	"textures": {
		"0": "items/brown",
		"1": "items/ak47a03",
		"particle": "items/brown"
	},
	"elements": [
		{
			"from": [7.75, 7, 17.75],
			"to": [8.25, 10, 18.75],
			"faces": {
				"north": {"uv": [0, 0, 0.5, 3], "texture": "#0"},
				"east": {"uv": [0, 0, 1, 3], "texture": "#0"},
				"south": {"uv": [0, 0, 0.5, 3], "texture": "#0"},
				"west": {"uv": [0, 0, 1, 3], "texture": "#0"},
				"up": {"uv": [0, 0, 0.5, 1], "texture": "#0"},
				"down": {"uv": [0, 0, 0.5, 1], "texture": "#0"}
			}
		},
		{
			"from": [7.75, 8, 15.4],
			"to": [8.25, 10, 18.75],
			"faces": {
				"north": {"uv": [0, 0, 0.5, 2], "texture": "#0"},
				"east": {"uv": [0, 0, 3.35, 2], "texture": "#0"},
				"south": {"uv": [0, 0, 0.5, 2], "texture": "#0"},
				"west": {"uv": [0, 0, 3.35, 2], "texture": "#0"},
				"up": {"uv": [0, 0, 0.5, 3.35], "texture": "#0"},
				"down": {"uv": [0, 0, 0.5, 3.35], "texture": "#0"}
			}
		},
		{
			"from": [7.75, 7, 12.8],
			"to": [8.25, 9.02, 15.65],
			"rotation": {"angle": -22.5, "axis": "x", "origin": [8, 9, 13.075]},
			"faces": {
				"north": {"uv": [0, 0, 0.5, 2.02], "texture": "#0"},
				"east": {"uv": [0, 0, 2.85, 2.02], "texture": "#0"},
				"south": {"uv": [0, 0, 0.5, 2.02], "texture": "#0"},
				"west": {"uv": [0, 0, 2.85, 2.02], "texture": "#0"},
				"up": {"uv": [0, 0, 0.5, 2.85], "texture": "#0"},
				"down": {"uv": [0, 0, 0.5, 2.85], "texture": "#0"}
			}
		},
		{
			"from": [7.75, 8, 12],
			"to": [8.25, 10.02, 14.85],
			"rotation": {"angle": 45, "axis": "x", "origin": [8, 9, 13.075]},
			"faces": {
				"north": {"uv": [0, 0, 0.5, 2.02], "texture": "#0"},
				"east": {"uv": [0, 0, 2.85, 2.02], "texture": "#0"},
				"south": {"uv": [0, 0, 0.5, 2.02], "texture": "#0"},
				"west": {"uv": [0, 0, 2.85, 2.02], "texture": "#0"},
				"up": {"uv": [0, 0, 0.5, 2.85], "texture": "#0"},
				"down": {"uv": [0, 0, 0.5, 2.85], "texture": "#0"}
			}
		},
		{
			"from": [7.85, 8.5, 2.95],
			"to": [8.15, 10.5, 13.1],
			"rotation": {"angle": 0, "axis": "x", "origin": [8, 9, 13.075]},
			"faces": {
				"north": {"uv": [0, 0, 0.3, 2], "texture": "#0"},
				"east": {"uv": [0, 0, 10.15, 2], "texture": "#0"},
				"south": {"uv": [0, 0, 0.3, 2], "texture": "#0"},
				"west": {"uv": [0, 0, 10.15, 2], "texture": "#0"},
				"up": {"uv": [0, 0, 0.3, 10.15], "texture": "#0"},
				"down": {"uv": [0, 0, 0.3, 10.15], "texture": "#0"}
			}
		},
		{
			"from": [7.75, 8.7, 2.95],
			"to": [8.25, 10.3, 13.1],
			"rotation": {"angle": 0, "axis": "x", "origin": [8, 9, 13.075]},
			"faces": {
				"north": {"uv": [0, 0, 0.5, 1.6], "texture": "#0"},
				"east": {"uv": [0, 0, 10.15, 1.6], "texture": "#0"},
				"south": {"uv": [0, 0, 0.5, 1.6], "texture": "#0"},
				"west": {"uv": [0, 0, 10.15, 1.6], "texture": "#0"},
				"up": {"uv": [0, 0, 0.5, 10.15], "texture": "#0"},
				"down": {"uv": [0, 0, 0.5, 10.15], "texture": "#0"}
			}
		},
		{
			"from": [7.85, 8.7, 0.35],
			"to": [8.15, 10.3, 3.1],
			"rotation": {"angle": 0, "axis": "x", "origin": [8, 9, 13.075]},
			"faces": {
				"north": {"uv": [0, 0, 0.3, 1.6], "texture": "#0"},
				"east": {"uv": [0, 0, 2.75, 1.6], "texture": "#0"},
				"south": {"uv": [0, 0, 0.3, 1.6], "texture": "#0"},
				"west": {"uv": [0, 0, 2.75, 1.6], "texture": "#0"},
				"up": {"uv": [0, 0, 0.3, 2.75], "texture": "#0"},
				"down": {"uv": [0, 0, 0.3, 2.75], "texture": "#0"}
			}
		},
		{
			"from": [7.85, 10.05, 2.95],
			"to": [8.15, 10.55, 8.4],
			"rotation": {"angle": 0, "axis": "x", "origin": [8, 9, 13.075]},
			"faces": {
				"north": {"uv": [0, 0, 0.3, 0.5], "texture": "#0"},
				"east": {"uv": [0, 0, 5.45, 0.5], "texture": "#0"},
				"south": {"uv": [0, 0, 0.3, 0.5], "texture": "#0"},
				"west": {"uv": [0, 0, 5.45, 0.5], "texture": "#0"},
				"up": {"uv": [0, 0, 0.3, 5.45], "texture": "#0"},
				"down": {"uv": [0, 0, 0.3, 5.45], "texture": "#0"}
			}
		},
		{
			"from": [7.95, 8.75, 0.05],
			"to": [8.05, 10.35, 3.2],
			"rotation": {"angle": 0, "axis": "x", "origin": [8, 9, 13.075]},
			"faces": {
				"north": {"uv": [0, 0, 0.1, 1.6], "texture": "#0"},
				"east": {"uv": [0, 0, 3.15, 1.6], "texture": "#0"},
				"south": {"uv": [0, 0, 0.1, 1.6], "texture": "#0"},
				"west": {"uv": [0, 0, 3.15, 1.6], "texture": "#0"},
				"up": {"uv": [0, 0, 0.1, 3.15], "texture": "#0"},
				"down": {"uv": [0, 0, 0.1, 3.15], "texture": "#0"}
			}
		},
		{
			"from": [7.95, 8.75, -0.45],
			"to": [8.05, 10.35, 0.1],
			"rotation": {"angle": 0, "axis": "x", "origin": [8, 9, 13.075]},
			"faces": {
				"north": {"uv": [0, 0, 0.1, 1.6], "texture": "#1"},
				"east": {"uv": [0, 0, 0.55, 1.6], "texture": "#1"},
				"south": {"uv": [0, 0, 0.1, 1.6], "texture": "#1"},
				"west": {"uv": [0, 0, 0.55, 1.6], "texture": "#1"},
				"up": {"uv": [0, 0, 0.1, 0.55], "texture": "#1"},
				"down": {"uv": [0, 0, 0.1, 0.55], "texture": "#1"}
			}
		},
		{
			"from": [7.95, 9.8, -2.85],
			"to": [8.05, 10.25, -0.4],
			"rotation": {"angle": 0, "axis": "x", "origin": [8, 9, 13.075]},
			"faces": {
				"north": {"uv": [0, 0, 0.1, 0.45], "texture": "#1"},
				"east": {"uv": [0, 0, 2.45, 0.45], "texture": "#1"},
				"south": {"uv": [0, 0, 0.1, 0.45], "texture": "#1"},
				"west": {"uv": [0, 0, 2.45, 0.45], "texture": "#1"},
				"up": {"uv": [0, 0, 0.1, 2.45], "texture": "#1"},
				"down": {"uv": [0, 0, 0.1, 2.45], "texture": "#1"}
			}
		},
		{
			"from": [7.95, 8.9, -2.35],
			"to": [8.05, 9.35, -0.4],
			"rotation": {"angle": 0, "axis": "x", "origin": [8, 9, 13.075]},
			"faces": {
				"north": {"uv": [0, 0, 0.1, 0.45], "texture": "#1"},
				"east": {"uv": [0, 0, 1.95, 0.45], "texture": "#1"},
				"south": {"uv": [0, 0, 0.1, 0.45], "texture": "#1"},
				"west": {"uv": [0, 0, 1.95, 0.45], "texture": "#1"},
				"up": {"uv": [0, 0, 0.1, 1.95], "texture": "#1"},
				"down": {"uv": [0, 0, 0.1, 1.95], "texture": "#1"}
			}
		},
		{
			"from": [8.05, 9.3, -2.85],
			"to": [8.05, 9.85, -0.4],
			"rotation": {"angle": 0, "axis": "x", "origin": [8, 9, 13.075]},
			"faces": {
				"north": {"uv": [0, 0, 0, 0.55], "texture": "#1"},
				"east": {"uv": [0, 0, 2.45, 0.55], "texture": "#1"},
				"south": {"uv": [0, 0, 0, 0.55], "texture": "#1"},
				"west": {"uv": [0, 0, 2.45, 0.55], "texture": "#1"},
				"up": {"uv": [0, 0, 0, 2.45], "texture": "#1"},
				"down": {"uv": [0, 0, 0, 2.45], "texture": "#1"}
			}
		},
		{
			"from": [8.05, 9.55, -5.25],
			"to": [8.05, 9.95, -2.8],
			"rotation": {"angle": 0, "axis": "x", "origin": [8, 9, 13.075]},
			"faces": {
				"north": {"uv": [0, 0, 0, 0.4], "texture": "#1"},
				"east": {"uv": [0, 0, 2.45, 0.4], "texture": "#1"},
				"south": {"uv": [0, 0, 0, 0.4], "texture": "#1"},
				"west": {"uv": [0, 0, 2.45, 0.4], "texture": "#1"},
				"up": {"uv": [0, 0, 0, 2.45], "texture": "#1"},
				"down": {"uv": [0, 0, 0, 2.45], "texture": "#1"}
			}
		},
		{
			"from": [8.05, 9.75, -4.95],
			"to": [8.05, 10.15, -4.5],
			"rotation": {"angle": 0, "axis": "x", "origin": [8, 9, 13.075]},
			"faces": {
				"north": {"uv": [0, 0, 0, 0.4], "texture": "#1"},
				"east": {"uv": [0, 0, 0.45, 0.4], "texture": "#1"},
				"south": {"uv": [0, 0, 0, 0.4], "texture": "#1"},
				"west": {"uv": [0, 0, 0.45, 0.4], "texture": "#1"},
				"up": {"uv": [0, 0, 0, 0.45], "texture": "#1"},
				"down": {"uv": [0, 0, 0, 0.45], "texture": "#1"}
			}
		},
		{
			"from": [7.85, 10.15, -4.95],
			"to": [8.15, 10.45, -4.5],
			"rotation": {"angle": 0, "axis": "x", "origin": [8, 9, 13.075]},
			"faces": {
				"north": {"uv": [0, 0, 0.3, 0.3], "texture": "#1"},
				"east": {"uv": [0, 0, 0.45, 0.3], "texture": "#1"},
				"south": {"uv": [0, 0, 0.3, 0.3], "texture": "#1"},
				"west": {"uv": [0, 0, 0.45, 0.3], "texture": "#1"},
				"up": {"uv": [0, 0, 0.3, 0.45], "texture": "#1"},
				"down": {"uv": [0, 0, 0.3, 0.45], "texture": "#1"}
			}
		},
		{
			"from": [7.85, 7.7, 10.9],
			"to": [8.15, 8.5, 11.05],
			"rotation": {"angle": 0, "axis": "x", "origin": [8.00467, 7.99533, 11.07499]},
			"faces": {
				"north": {"uv": [0, 0, 0.3, 0.8], "texture": "#1"},
				"east": {"uv": [0, 0, 0.15, 0.8], "texture": "#1"},
				"south": {"uv": [0, 0, 0.3, 0.8], "texture": "#1"},
				"west": {"uv": [0, 0, 0.15, 0.8], "texture": "#1"},
				"up": {"uv": [0, 0, 0.3, 0.15], "texture": "#1"},
				"down": {"uv": [0, 0, 0.3, 0.15], "texture": "#1"}
			}
		},
		{
			"from": [7.85, 7.7, 10.1],
			"to": [8.15, 8.5, 10.25],
			"rotation": {"angle": 0, "axis": "x", "origin": [8.00467, 7.99533, 11.07499]},
			"faces": {
				"north": {"uv": [0, 0, 0.3, 0.8], "texture": "#1"},
				"east": {"uv": [0, 0, 0.15, 0.8], "texture": "#1"},
				"south": {"uv": [0, 0, 0.3, 0.8], "texture": "#1"},
				"west": {"uv": [0, 0, 0.15, 0.8], "texture": "#1"},
				"up": {"uv": [0, 0, 0.3, 0.15], "texture": "#1"},
				"down": {"uv": [0, 0, 0.3, 0.15], "texture": "#1"}
			}
		},
		{
			"from": [7.85, 7.71964, 10.11997],
			"to": [8.15, 7.86964, 10.91997],
			"rotation": {"angle": 0, "axis": "x", "origin": [8.00502, 8.09481, 10.97517]},
			"faces": {
				"north": {"uv": [0, 0, 0.3, 0.15], "rotation": 180, "texture": "#1"},
				"east": {"uv": [0, 0, 0.15, 0.8], "rotation": 90, "texture": "#1"},
				"south": {"uv": [0, 0, 0.3, 0.15], "texture": "#1"},
				"west": {"uv": [0, 0, 0.15, 0.8], "rotation": 270, "texture": "#1"},
				"up": {"uv": [0, 0, 0.3, 0.8], "texture": "#1"},
				"down": {"uv": [0, 0, 0.3, 0.8], "rotation": 180, "texture": "#1"}
			}
		},
		{
			"from": [7.85, 10.41964, 8.41997],
			"to": [8.15, 10.56964, 12.91997],
			"rotation": {"angle": 0, "axis": "x", "origin": [8.00502, 8.09481, 10.97517]},
			"faces": {
				"north": {"uv": [0, 0, 0.3, 0.15], "rotation": 180, "texture": "#1"},
				"east": {"uv": [0, 0, 0.15, 4.5], "rotation": 90, "texture": "#1"},
				"south": {"uv": [0, 0, 0.3, 0.15], "texture": "#1"},
				"west": {"uv": [0, 0, 0.15, 4.5], "rotation": 270, "texture": "#1"},
				"up": {"uv": [0, 0, 0.3, 4.5], "texture": "#1"},
				"down": {"uv": [0, 0, 0.3, 4.5], "rotation": 180, "texture": "#1"}
			}
		},
		{
			"from": [7.85, 10.51964, 11.71997],
			"to": [8.15, 10.86964, 12.11997],
			"rotation": {"angle": 0, "axis": "x", "origin": [8.00502, 8.09481, 10.97517]},
			"faces": {
				"north": {"uv": [0, 0, 0.3, 0.35], "rotation": 180, "texture": "#1"},
				"east": {"uv": [0, 0, 0.35, 0.4], "rotation": 90, "texture": "#1"},
				"south": {"uv": [0, 0, 0.3, 0.35], "texture": "#1"},
				"west": {"uv": [0, 0, 0.35, 0.4], "rotation": 270, "texture": "#1"},
				"up": {"uv": [0, 0, 0.3, 0.4], "texture": "#1"},
				"down": {"uv": [0, 0, 0.3, 0.4], "rotation": 180, "texture": "#1"}
			}
		},
		{
			"from": [7.85, 10.51964, 9.71997],
			"to": [8.15, 10.86964, 10.11997],
			"rotation": {"angle": 0, "axis": "x", "origin": [8.00502, 8.09481, 10.97517]},
			"faces": {
				"north": {"uv": [0, 0, 0.3, 0.35], "rotation": 180, "texture": "#1"},
				"east": {"uv": [0, 0, 0.35, 0.4], "rotation": 90, "texture": "#1"},
				"south": {"uv": [0, 0, 0.3, 0.35], "texture": "#1"},
				"west": {"uv": [0, 0, 0.35, 0.4], "rotation": 270, "texture": "#1"},
				"up": {"uv": [0, 0, 0.3, 0.4], "texture": "#1"},
				"down": {"uv": [0, 0, 0.3, 0.4], "rotation": 180, "texture": "#1"}
			}
		},
		{
			"from": [7.85, 10.81964, 9.71997],
			"to": [8.15, 10.96964, 12.11997],
			"rotation": {"angle": 0, "axis": "x", "origin": [8.00502, 8.09481, 10.97517]},
			"faces": {
				"north": {"uv": [0, 0, 0.3, 0.15], "rotation": 180, "texture": "#1"},
				"east": {"uv": [0, 0, 0.15, 2.4], "rotation": 90, "texture": "#1"},
				"south": {"uv": [0, 0, 0.3, 0.15], "texture": "#1"},
				"west": {"uv": [0, 0, 0.15, 2.4], "rotation": 270, "texture": "#1"},
				"up": {"uv": [0, 0, 0.3, 2.4], "texture": "#1"},
				"down": {"uv": [0, 0, 0.3, 2.4], "rotation": 180, "texture": "#1"}
			}
		},
		{
			"from": [7.75, 10.91964, 9.71997],
			"to": [8.25, 11.06964, 12.11997],
			"rotation": {"angle": 0, "axis": "x", "origin": [8.00502, 8.09481, 10.97517]},
			"faces": {
				"north": {"uv": [0, 0, 0.5, 0.15], "rotation": 180, "texture": "#1"},
				"east": {"uv": [0, 0, 0.15, 2.4], "rotation": 90, "texture": "#1"},
				"south": {"uv": [0, 0, 0.5, 0.15], "texture": "#1"},
				"west": {"uv": [0, 0, 0.15, 2.4], "rotation": 270, "texture": "#1"},
				"up": {"uv": [0, 0, 0.5, 2.4], "texture": "#1"},
				"down": {"uv": [0, 0, 0.5, 2.4], "rotation": 180, "texture": "#1"}
			}
		},
		{
			"from": [7.65, 10.81964, 8.21997],
			"to": [8.35, 11.16964, 9.81997],
			"rotation": {"angle": 0, "axis": "x", "origin": [8.00502, 8.09481, 9.47517]},
			"faces": {
				"north": {"uv": [0, 0, 0.7, 0.35], "rotation": 180, "texture": "#1"},
				"east": {"uv": [0, 0, 0.35, 1.6], "rotation": 90, "texture": "#1"},
				"south": {"uv": [0, 0, 0.7, 0.35], "texture": "#1"},
				"west": {"uv": [0, 0, 0.35, 1.6], "rotation": 270, "texture": "#1"},
				"up": {"uv": [0, 0, 0.7, 1.6], "texture": "#1"},
				"down": {"uv": [0, 0, 0.7, 1.6], "rotation": 180, "texture": "#1"}
			}
		},
		{
			"from": [7.65, 10.81964, 12.11997],
			"to": [8.35, 11.16964, 13.71997],
			"rotation": {"angle": 0, "axis": "x", "origin": [8.00502, 8.09481, 13.37517]},
			"faces": {
				"north": {"uv": [0, 0, 0.7, 0.35], "rotation": 180, "texture": "#1"},
				"east": {"uv": [0, 0, 0.35, 1.6], "rotation": 90, "texture": "#1"},
				"south": {"uv": [0, 0, 0.7, 0.35], "texture": "#1"},
				"west": {"uv": [0, 0, 0.35, 1.6], "rotation": 270, "texture": "#1"},
				"up": {"uv": [0, 0, 0.7, 1.6], "texture": "#1"},
				"down": {"uv": [0, 0, 0.7, 1.6], "rotation": 180, "texture": "#1"}
			}
		},
		{
			"from": [7.55, 10.71964, 12.31997],
			"to": [8.45, 11.26964, 13.91997],
			"rotation": {"angle": 0, "axis": "x", "origin": [8.00502, 8.09481, 13.57517]},
			"faces": {
				"north": {"uv": [0, 0, 0.9, 0.55], "rotation": 180, "texture": "#1"},
				"east": {"uv": [0, 0, 0.55, 1.6], "rotation": 90, "texture": "#1"},
				"south": {"uv": [0, 0, 0.9, 0.55], "texture": "#1"},
				"west": {"uv": [0, 0, 0.55, 1.6], "rotation": 270, "texture": "#1"},
				"up": {"uv": [0, 0, 0.9, 1.6], "texture": "#1"},
				"down": {"uv": [0, 0, 0.9, 1.6], "rotation": 180, "texture": "#1"}
			}
		},
		{
			"from": [7.75, 11.51964, 9.71997],
			"to": [8.25, 11.66964, 12.11997],
			"rotation": {"angle": 0, "axis": "x", "origin": [8.00502, 8.09481, 10.97517]},
			"faces": {
				"north": {"uv": [0, 0, 0.5, 0.15], "rotation": 180, "texture": "#1"},
				"east": {"uv": [0, 0, 0.15, 2.4], "rotation": 90, "texture": "#1"},
				"south": {"uv": [0, 0, 0.5, 0.15], "texture": "#1"},
				"west": {"uv": [0, 0, 0.15, 2.4], "rotation": 270, "texture": "#1"},
				"up": {"uv": [0, 0, 0.5, 2.4], "texture": "#1"},
				"down": {"uv": [0, 0, 0.5, 2.4], "rotation": 180, "texture": "#1"}
			}
		},
		{
			"from": [7.65, 11.41964, 8.21997],
			"to": [8.35, 11.76964, 9.81997],
			"rotation": {"angle": 0, "axis": "x", "origin": [8.00502, 8.09481, 9.47517]},
			"faces": {
				"north": {"uv": [0, 0, 0.7, 0.35], "rotation": 180, "texture": "#1"},
				"east": {"uv": [0, 0, 0.35, 1.6], "rotation": 90, "texture": "#1"},
				"south": {"uv": [0, 0, 0.7, 0.35], "texture": "#1"},
				"west": {"uv": [0, 0, 0.35, 1.6], "rotation": 270, "texture": "#1"},
				"up": {"uv": [0, 0, 0.7, 1.6], "texture": "#1"},
				"down": {"uv": [0, 0, 0.7, 1.6], "rotation": 180, "texture": "#1"}
			}
		},
		{
			"from": [7.65, 11.41964, 12.11997],
			"to": [8.35, 11.76964, 13.71997],
			"rotation": {"angle": 0, "axis": "x", "origin": [8.00502, 8.09481, 13.37517]},
			"faces": {
				"north": {"uv": [0, 0, 0.7, 0.35], "rotation": 180, "texture": "#1"},
				"east": {"uv": [0, 0, 0.35, 1.6], "rotation": 90, "texture": "#1"},
				"south": {"uv": [0, 0, 0.7, 0.35], "texture": "#1"},
				"west": {"uv": [0, 0, 0.35, 1.6], "rotation": 270, "texture": "#1"},
				"up": {"uv": [0, 0, 0.7, 1.6], "texture": "#1"},
				"down": {"uv": [0, 0, 0.7, 1.6], "rotation": 180, "texture": "#1"}
			}
		},
		{
			"from": [7.55, 11.31964, 12.31997],
			"to": [8.45, 11.86964, 13.91997],
			"rotation": {"angle": 0, "axis": "x", "origin": [8.00502, 8.09481, 13.57517]},
			"faces": {
				"north": {"uv": [0, 0, 0.9, 0.55], "rotation": 180, "texture": "#1"},
				"east": {"uv": [0, 0, 0.55, 1.6], "rotation": 90, "texture": "#1"},
				"south": {"uv": [0, 0, 0.9, 0.55], "texture": "#1"},
				"west": {"uv": [0, 0, 0.55, 1.6], "rotation": 270, "texture": "#1"},
				"up": {"uv": [0, 0, 0.9, 1.6], "texture": "#1"},
				"down": {"uv": [0, 0, 0.9, 1.6], "rotation": 180, "texture": "#1"}
			}
		},
		{
			"from": [8.22998, 11.03941, 9.71997],
			"to": [8.37998, 11.53941, 12.11997],
			"rotation": {"angle": 0, "axis": "z", "origin": [7.99987, 10.98954, 10.9252]},
			"faces": {
				"north": {"uv": [0, 0, 0.5, 0.15], "rotation": 90, "texture": "#1"},
				"east": {"uv": [0, 0, 0.5, 2.4], "rotation": 90, "texture": "#1"},
				"south": {"uv": [0, 0, 0.5, 0.15], "rotation": 90, "texture": "#1"},
				"west": {"uv": [0, 0, 0.5, 2.4], "rotation": 270, "texture": "#1"},
				"up": {"uv": [0, 0, 0.15, 2.4], "texture": "#1"},
				"down": {"uv": [0, 0, 0.15, 2.4], "rotation": 180, "texture": "#1"}
			}
		},
		{
			"from": [8.12998, 10.93941, 8.21997],
			"to": [8.47998, 11.63941, 9.81997],
			"rotation": {"angle": 0, "axis": "z", "origin": [7.99987, 10.98954, 9.4252]},
			"faces": {
				"north": {"uv": [0, 0, 0.7, 0.35], "rotation": 90, "texture": "#1"},
				"east": {"uv": [0, 0, 0.7, 1.6], "rotation": 90, "texture": "#1"},
				"south": {"uv": [0, 0, 0.7, 0.35], "rotation": 90, "texture": "#1"},
				"west": {"uv": [0, 0, 0.7, 1.6], "rotation": 270, "texture": "#1"},
				"up": {"uv": [0, 0, 0.35, 1.6], "texture": "#1"},
				"down": {"uv": [0, 0, 0.35, 1.6], "rotation": 180, "texture": "#1"}
			}
		},
		{
			"from": [8.12998, 10.93941, 12.11997],
			"to": [8.47998, 11.63941, 13.71997],
			"rotation": {"angle": 0, "axis": "z", "origin": [7.99987, 10.98954, 13.3252]},
			"faces": {
				"north": {"uv": [0, 0, 0.7, 0.35], "rotation": 90, "texture": "#1"},
				"east": {"uv": [0, 0, 0.7, 1.6], "rotation": 90, "texture": "#1"},
				"south": {"uv": [0, 0, 0.7, 0.35], "rotation": 90, "texture": "#1"},
				"west": {"uv": [0, 0, 0.7, 1.6], "rotation": 270, "texture": "#1"},
				"up": {"uv": [0, 0, 0.35, 1.6], "texture": "#1"},
				"down": {"uv": [0, 0, 0.35, 1.6], "rotation": 180, "texture": "#1"}
			}
		},
		{
			"from": [8.02998, 10.83941, 12.31997],
			"to": [8.57998, 11.73941, 13.91997],
			"rotation": {"angle": 0, "axis": "z", "origin": [7.99987, 10.98954, 13.5252]},
			"faces": {
				"north": {"uv": [0, 0, 0.9, 0.55], "rotation": 90, "texture": "#1"},
				"east": {"uv": [0, 0, 0.9, 1.6], "rotation": 90, "texture": "#1"},
				"south": {"uv": [0, 0, 0.9, 0.55], "rotation": 90, "texture": "#1"},
				"west": {"uv": [0, 0, 0.9, 1.6], "rotation": 270, "texture": "#1"},
				"up": {"uv": [0, 0, 0.55, 1.6], "texture": "#1"},
				"down": {"uv": [0, 0, 0.55, 1.6], "rotation": 180, "texture": "#1"}
			}
		},
		{
			"from": [7.62998, 11.03941, 9.71997],
			"to": [7.77998, 11.53941, 12.11997],
			"rotation": {"angle": 0, "axis": "z", "origin": [7.99987, 10.98954, 10.9252]},
			"faces": {
				"north": {"uv": [0, 0, 0.5, 0.15], "rotation": 90, "texture": "#1"},
				"east": {"uv": [0, 0, 0.5, 2.4], "rotation": 90, "texture": "#1"},
				"south": {"uv": [0, 0, 0.5, 0.15], "rotation": 90, "texture": "#1"},
				"west": {"uv": [0, 0, 0.5, 2.4], "rotation": 270, "texture": "#1"},
				"up": {"uv": [0, 0, 0.15, 2.4], "texture": "#1"},
				"down": {"uv": [0, 0, 0.15, 2.4], "rotation": 180, "texture": "#1"}
			}
		},
		{
			"from": [7.52998, 10.93941, 8.21997],
			"to": [7.87998, 11.63941, 9.81997],
			"rotation": {"angle": 0, "axis": "z", "origin": [7.99987, 10.98954, 9.4252]},
			"faces": {
				"north": {"uv": [0, 0, 0.7, 0.35], "rotation": 90, "texture": "#1"},
				"east": {"uv": [0, 0, 0.7, 1.6], "rotation": 90, "texture": "#1"},
				"south": {"uv": [0, 0, 0.7, 0.35], "rotation": 90, "texture": "#1"},
				"west": {"uv": [0, 0, 0.7, 1.6], "rotation": 270, "texture": "#1"},
				"up": {"uv": [0, 0, 0.35, 1.6], "texture": "#1"},
				"down": {"uv": [0, 0, 0.35, 1.6], "rotation": 180, "texture": "#1"}
			}
		},
		{
			"from": [7.52998, 10.93941, 12.11997],
			"to": [7.87998, 11.63941, 13.71997],
			"rotation": {"angle": 0, "axis": "z", "origin": [7.99987, 10.98954, 13.3252]},
			"faces": {
				"north": {"uv": [0, 0, 0.7, 0.35], "rotation": 90, "texture": "#1"},
				"east": {"uv": [0, 0, 0.7, 1.6], "rotation": 90, "texture": "#1"},
				"south": {"uv": [0, 0, 0.7, 0.35], "rotation": 90, "texture": "#1"},
				"west": {"uv": [0, 0, 0.7, 1.6], "rotation": 270, "texture": "#1"},
				"up": {"uv": [0, 0, 0.35, 1.6], "texture": "#1"},
				"down": {"uv": [0, 0, 0.35, 1.6], "rotation": 180, "texture": "#1"}
			}
		},
		{
			"from": [7.42998, 10.83941, 12.31997],
			"to": [7.97998, 11.73941, 13.91997],
			"rotation": {"angle": 0, "axis": "z", "origin": [7.99987, 10.98954, 13.5252]},
			"faces": {
				"north": {"uv": [0, 0, 0.9, 0.55], "rotation": 90, "texture": "#1"},
				"east": {"uv": [0, 0, 0.9, 1.6], "rotation": 90, "texture": "#1"},
				"south": {"uv": [0, 0, 0.9, 0.55], "rotation": 90, "texture": "#1"},
				"west": {"uv": [0, 0, 0.9, 1.6], "rotation": 270, "texture": "#1"},
				"up": {"uv": [0, 0, 0.55, 1.6], "texture": "#1"},
				"down": {"uv": [0, 0, 0.55, 1.6], "rotation": 180, "texture": "#1"}
			}
		},
		{
			"from": [7.85, 8, 10.5],
			"to": [8.15, 8.5, 10.65],
			"rotation": {"angle": 22.5, "axis": "x", "origin": [8.00336, 8.2462, 10.57543]},
			"faces": {
				"north": {"uv": [0, 0, 0.3, 0.5], "texture": "#1"},
				"east": {"uv": [0, 0, 0.15, 0.5], "texture": "#1"},
				"south": {"uv": [0, 0, 0.3, 0.5], "texture": "#1"},
				"west": {"uv": [0, 0, 0.15, 0.5], "texture": "#1"},
				"up": {"uv": [0, 0, 0.3, 0.15], "texture": "#1"},
				"down": {"uv": [0, 0, 0.3, 0.15], "texture": "#1"}
			}
		},
		{
			"from": [7.75, 7.4, 15.7],
			"to": [8.25, 8.9, 18.3],
			"rotation": {"angle": 22.5, "axis": "x", "origin": [8, 8.5, 17]},
			"faces": {
				"north": {"uv": [0, 0, 0.5, 1.5], "rotation": 180, "texture": "#0"},
				"east": {"uv": [0, 0, 1.5, 2.6], "rotation": 90, "texture": "#0"},
				"south": {"uv": [0, 0, 0.5, 1.5], "texture": "#0"},
				"west": {"uv": [0, 0, 1.5, 2.6], "rotation": 270, "texture": "#0"},
				"up": {"uv": [0, 0, 0.5, 2.6], "texture": "#0"},
				"down": {"uv": [0, 0, 0.5, 2.6], "rotation": 180, "texture": "#0"}
			}
		},
		{
			"from": [7.65, 8.7, 16.3],
			"to": [8.35, 9.1, 16.7],
			"faces": {
				"north": {"uv": [0, 0, 0.7, 0.4], "texture": "#1"},
				"east": {"uv": [0, 0, 0.4, 0.4], "texture": "#1"},
				"south": {"uv": [0, 0, 0.7, 0.4], "texture": "#1"},
				"west": {"uv": [0, 0, 0.4, 0.4], "texture": "#1"},
				"up": {"uv": [0, 0, 0.7, 0.4], "texture": "#1"},
				"down": {"uv": [0, 0, 0.7, 0.4], "texture": "#1"}
			}
		}
	],
	"display": {
		"thirdperson_righthand": {
			"rotation": [3, 0, 0],
			"translation": [0, 0, -2.5]
		},
		"firstperson_righthand": {
			"rotation": [0, -14.75, 0],
			"translation": [0.5, 2.25, 0]
		},
		"gui": {
			"rotation": [15.75, -102.25, -2],
			"scale": [1.32367, 0.80203, 0.56]
		}
	}
}