{
	"credit": "Made with Blockbench",
	"textures": {
		"0": "items/black",
		"2": "items/bbala",
		"particle": "items/black"
	},
	"elements": [
		{
			"from": [7.5, 6.5, 18.6],
			"to": [8.5, 8.5, 25.2],
			"rotation": {"angle": 0, "axis": "y", "origin": [8, 8, 8.1]},
			"faces": {
				"north": {"uv": [0, 0, 1, 2], "texture": "#2"},
				"east": {"uv": [0, 0, 6.6, 2], "texture": "#2"},
				"south": {"uv": [0, 0, 1, 2], "texture": "#2"},
				"west": {"uv": [0, 0, 6.6, 2], "texture": "#2"},
				"up": {"uv": [0, 0, 1, 6.6], "texture": "#2"},
				"down": {"uv": [0, 0, 1, 6.6], "texture": "#2"}
			}
		},
		{
			"from": [7.5, 6.6, 3.9],
			"to": [8.5, 8.5, 12.3],
			"rotation": {"angle": 0, "axis": "y", "origin": [8, 8, 8.1]},
			"faces": {
				"north": {"uv": [0, 0, 1, 1.9], "texture": "#2"},
				"east": {"uv": [0, 0, 8.4, 1.9], "texture": "#2"},
				"south": {"uv": [0, 0, 1, 1.9], "texture": "#2"},
				"west": {"uv": [0, 0, 8.4, 1.9], "texture": "#2"},
				"up": {"uv": [0, 0, 1, 8.4], "texture": "#2"},
				"down": {"uv": [0, 0, 1, 8.4], "texture": "#2"}
			}
		},
		{
			"from": [7.4, 6.7, 3.9],
			"to": [8.6, 8.4, 12.3],
			"rotation": {"angle": 0, "axis": "y", "origin": [8, 8, 8.1]},
			"faces": {
				"north": {"uv": [0, 0, 1.2, 1.7], "texture": "#2"},
				"east": {"uv": [0, 0, 8.4, 1.7], "texture": "#2"},
				"south": {"uv": [0, 0, 1.2, 1.7], "texture": "#2"},
				"west": {"uv": [0, 0, 8.4, 1.7], "texture": "#2"},
				"up": {"uv": [0, 0, 1.2, 8.4], "texture": "#2"},
				"down": {"uv": [0, 0, 1.2, 8.4], "texture": "#2"}
			}
		},
		{
			"from": [7.3, 6.8, 3.9],
			"to": [8.7, 8.3, 12.3],
			"rotation": {"angle": 0, "axis": "y", "origin": [8, 8, 8.1]},
			"faces": {
				"north": {"uv": [0, 0, 1.4, 1.5], "texture": "#2"},
				"east": {"uv": [0, 0, 8.4, 1.5], "texture": "#2"},
				"south": {"uv": [0, 0, 1.4, 1.5], "texture": "#2"},
				"west": {"uv": [0, 0, 8.4, 1.5], "texture": "#2"},
				"up": {"uv": [0, 0, 1.4, 8.4], "texture": "#2"},
				"down": {"uv": [0, 0, 1.4, 8.4], "texture": "#2"}
			}
		},
		{
			"from": [7.5, 4.7, 24.7],
			"to": [8.5, 6.65, 25.2],
			"rotation": {"angle": 0, "axis": "y", "origin": [8, 8, 8.1]},
			"faces": {
				"north": {"uv": [0, 0, 1, 1.95], "texture": "#2"},
				"east": {"uv": [0, 0, 0.5, 1.95], "texture": "#2"},
				"south": {"uv": [0, 0, 1, 1.95], "texture": "#2"},
				"west": {"uv": [0, 0, 0.5, 1.95], "texture": "#2"},
				"up": {"uv": [0, 0, 1, 0.5], "texture": "#2"},
				"down": {"uv": [0, 0, 1, 0.5], "texture": "#2"}
			}
		},
		{
			"from": [7.5, 6.6, 22.1],
			"to": [8.5, 7.8, 24.7],
			"rotation": {"angle": 22.5, "axis": "x", "origin": [8.02714, 6.07618, 21.74664]},
			"faces": {
				"north": {"uv": [0, 0, 1, 1.2], "texture": "#2"},
				"east": {"uv": [0, 0, 2.6, 1.2], "texture": "#2"},
				"south": {"uv": [0, 0, 1, 1.2], "texture": "#2"},
				"west": {"uv": [0, 0, 2.6, 1.2], "texture": "#2"},
				"up": {"uv": [0, 0, 1, 2.6], "texture": "#2"},
				"down": {"uv": [0, 0, 1, 2.6], "texture": "#2"}
			}
		},
		{
			"from": [7.5, 5.93, 20],
			"to": [8.5, 6.73, 25],
			"rotation": {"angle": 22.5, "axis": "x", "origin": [8.02714, 6.07618, 21.74664]},
			"faces": {
				"north": {"uv": [0, 0, 1, 0.8], "texture": "#2"},
				"east": {"uv": [0, 0, 5, 0.8], "texture": "#2"},
				"south": {"uv": [0, 0, 1, 0.8], "texture": "#2"},
				"west": {"uv": [0, 0, 5, 0.8], "texture": "#2"},
				"up": {"uv": [0, 0, 1, 5], "texture": "#2"},
				"down": {"uv": [0, 0, 1, 5], "texture": "#2"}
			}
		},
		{
			"from": [7.5, 6.5, 12.3],
			"to": [8.5, 8.5, 18.6],
			"faces": {
				"north": {"uv": [0, 0, 1, 2], "texture": "#0"},
				"east": {"uv": [0, 0, 6.3, 2], "texture": "#0"},
				"south": {"uv": [0, 0, 1, 2], "texture": "#0"},
				"west": {"uv": [0, 0, 6.3, 2], "texture": "#0"},
				"up": {"uv": [0, 0, 1, 6.3], "texture": "#0"},
				"down": {"uv": [0, 0, 1, 6.3], "texture": "#0"}
			}
		},
		{
			"from": [7.8, 7.4, -0.7],
			"to": [8.1, 7.7, 3.9],
			"faces": {
				"north": {"uv": [0, 0, 0.3, 0.3], "texture": "#0"},
				"east": {"uv": [0, 0, 4.6, 0.3], "texture": "#0"},
				"south": {"uv": [0, 0, 0.3, 0.3], "texture": "#0"},
				"west": {"uv": [0, 0, 4.6, 0.3], "texture": "#0"},
				"up": {"uv": [0, 0, 0.3, 4.6], "texture": "#0"},
				"down": {"uv": [0, 0, 0.3, 4.6], "texture": "#0"}
			}
		},
		{
			"from": [7.7, 7.3, -2.2],
			"to": [8.2, 7.8, -0.7],
			"faces": {
				"north": {"uv": [0, 0, 0.5, 0.5], "texture": "#0"},
				"east": {"uv": [0, 0, 1.5, 0.5], "texture": "#0"},
				"south": {"uv": [0, 0, 0.5, 0.5], "texture": "#0"},
				"west": {"uv": [0, 0, 1.5, 0.5], "texture": "#0"},
				"up": {"uv": [0, 0, 0.5, 1.5], "texture": "#0"},
				"down": {"uv": [0, 0, 0.5, 1.5], "texture": "#0"}
			}
		},
		{
			"from": [7.8, 7.7, 3.5],
			"to": [8.1, 8, 3.9],
			"faces": {
				"north": {"uv": [0, 0, 0.3, 0.3], "texture": "#0"},
				"east": {"uv": [0, 0, 0.4, 0.3], "texture": "#0"},
				"south": {"uv": [0, 0, 0.3, 0.3], "texture": "#0"},
				"west": {"uv": [0, 0, 0.4, 0.3], "texture": "#0"},
				"up": {"uv": [0, 0, 0.3, 0.4], "texture": "#0"},
				"down": {"uv": [0, 0, 0.3, 0.4], "texture": "#0"}
			}
		},
		{
			"from": [7.8, 7.7, 2.5],
			"to": [8.1, 8, 2.9],
			"faces": {
				"north": {"uv": [0, 0, 0.3, 0.3], "texture": "#0"},
				"east": {"uv": [0, 0, 0.4, 0.3], "texture": "#0"},
				"south": {"uv": [0, 0, 0.3, 0.3], "texture": "#0"},
				"west": {"uv": [0, 0, 0.4, 0.3], "texture": "#0"},
				"up": {"uv": [0, 0, 0.3, 0.4], "texture": "#0"},
				"down": {"uv": [0, 0, 0.3, 0.4], "texture": "#0"}
			}
		},
		{
			"from": [7.8, 8, 2.5],
			"to": [8.1, 9.9, 2.6],
			"faces": {
				"north": {"uv": [0, 0, 0.3, 1.9], "texture": "#0"},
				"east": {"uv": [0, 0, 0.1, 1.9], "texture": "#0"},
				"south": {"uv": [0, 0, 0.3, 1.9], "texture": "#0"},
				"west": {"uv": [0, 0, 0.1, 1.9], "texture": "#0"},
				"up": {"uv": [0, 0, 0.3, 0.1], "texture": "#0"},
				"down": {"uv": [0, 0, 0.3, 0.1], "texture": "#0"}
			}
		},
		{
			"from": [7.8, 9.4, 2.6],
			"to": [8.1, 9.9, 2.7],
			"faces": {
				"north": {"uv": [0, 0, 0.3, 0.5], "texture": "#0"},
				"east": {"uv": [0, 0, 0.1, 0.5], "texture": "#0"},
				"south": {"uv": [0, 0, 0.3, 0.5], "texture": "#0"},
				"west": {"uv": [0, 0, 0.1, 0.5], "texture": "#0"},
				"up": {"uv": [0, 0, 0.3, 0.1], "texture": "#0"},
				"down": {"uv": [0, 0, 0.3, 0.1], "texture": "#0"}
			}
		},
		{
			"from": [7.8, 9.5, 2.7],
			"to": [8.1, 9.8, 2.8],
			"faces": {
				"north": {"uv": [0, 0, 0.3, 0.3], "texture": "#0"},
				"east": {"uv": [0, 0, 0.1, 0.3], "texture": "#0"},
				"south": {"uv": [0, 0, 0.3, 0.3], "texture": "#0"},
				"west": {"uv": [0, 0, 0.1, 0.3], "texture": "#0"},
				"up": {"uv": [0, 0, 0.3, 0.1], "texture": "#0"},
				"down": {"uv": [0, 0, 0.3, 0.1], "texture": "#0"}
			}
		},
		{
			"from": [7.8, 9.5, 2.8],
			"to": [8.1, 9.7, 2.9],
			"faces": {
				"north": {"uv": [0, 0, 0.3, 0.2], "texture": "#0"},
				"east": {"uv": [0, 0, 0.1, 0.2], "texture": "#0"},
				"south": {"uv": [0, 0, 0.3, 0.2], "texture": "#0"},
				"west": {"uv": [0, 0, 0.1, 0.2], "texture": "#0"},
				"up": {"uv": [0, 0, 0.3, 0.1], "texture": "#0"},
				"down": {"uv": [0, 0, 0.3, 0.1], "texture": "#0"}
			}
		},
		{
			"from": [7.8, 9.5, 2.9],
			"to": [8.1, 9.6, 3],
			"faces": {
				"north": {"uv": [0, 0, 0.3, 0.1], "texture": "#0"},
				"east": {"uv": [0, 0, 0.1, 0.1], "texture": "#0"},
				"south": {"uv": [0, 0, 0.3, 0.1], "texture": "#0"},
				"west": {"uv": [0, 0, 0.1, 0.1], "texture": "#0"},
				"up": {"uv": [0, 0, 0.3, 0.1], "texture": "#0"},
				"down": {"uv": [0, 0, 0.3, 0.1], "texture": "#0"}
			}
		},
		{
			"from": [7.8, 9.4, 3],
			"to": [8.1, 9.5, 3.1],
			"faces": {
				"north": {"uv": [0, 0, 0.3, 0.1], "texture": "#0"},
				"east": {"uv": [0, 0, 0.1, 0.1], "texture": "#0"},
				"south": {"uv": [0, 0, 0.3, 0.1], "texture": "#0"},
				"west": {"uv": [0, 0, 0.1, 0.1], "texture": "#0"},
				"up": {"uv": [0, 0, 0.3, 0.1], "texture": "#0"},
				"down": {"uv": [0, 0, 0.3, 0.1], "texture": "#0"}
			}
		},
		{
			"from": [7.8, 9.3, 3.1],
			"to": [8.1, 9.4, 3.2],
			"faces": {
				"north": {"uv": [0, 0, 0.3, 0.1], "texture": "#0"},
				"east": {"uv": [0, 0, 0.1, 0.1], "texture": "#0"},
				"south": {"uv": [0, 0, 0.3, 0.1], "texture": "#0"},
				"west": {"uv": [0, 0, 0.1, 0.1], "texture": "#0"},
				"up": {"uv": [0, 0, 0.3, 0.1], "texture": "#0"},
				"down": {"uv": [0, 0, 0.3, 0.1], "texture": "#0"}
			}
		},
		{
			"from": [7.8, 9.2, 3.2],
			"to": [8.1, 9.3, 3.3],
			"faces": {
				"north": {"uv": [0, 0, 0.3, 0.1], "texture": "#0"},
				"east": {"uv": [0, 0, 0.1, 0.1], "texture": "#0"},
				"south": {"uv": [0, 0, 0.3, 0.1], "texture": "#0"},
				"west": {"uv": [0, 0, 0.1, 0.1], "texture": "#0"},
				"up": {"uv": [0, 0, 0.3, 0.1], "texture": "#0"},
				"down": {"uv": [0, 0, 0.3, 0.1], "texture": "#0"}
			}
		},
		{
			"from": [7.8, 9.1, 3.3],
			"to": [8.1, 9.2, 3.4],
			"faces": {
				"north": {"uv": [0, 0, 0.3, 0.1], "texture": "#0"},
				"east": {"uv": [0, 0, 0.1, 0.1], "texture": "#0"},
				"south": {"uv": [0, 0, 0.3, 0.1], "texture": "#0"},
				"west": {"uv": [0, 0, 0.1, 0.1], "texture": "#0"},
				"up": {"uv": [0, 0, 0.3, 0.1], "texture": "#0"},
				"down": {"uv": [0, 0, 0.3, 0.1], "texture": "#0"}
			}
		},
		{
			"from": [7.8, 9, 3.4],
			"to": [8.1, 9.1, 3.5],
			"faces": {
				"north": {"uv": [0, 0, 0.3, 0.1], "texture": "#0"},
				"east": {"uv": [0, 0, 0.1, 0.1], "texture": "#0"},
				"south": {"uv": [0, 0, 0.3, 0.1], "texture": "#0"},
				"west": {"uv": [0, 0, 0.1, 0.1], "texture": "#0"},
				"up": {"uv": [0, 0, 0.3, 0.1], "texture": "#0"},
				"down": {"uv": [0, 0, 0.3, 0.1], "texture": "#0"}
			}
		},
		{
			"from": [7.8, 8.9, 3.5],
			"to": [8.1, 9, 3.6],
			"faces": {
				"north": {"uv": [0, 0, 0.3, 0.1], "texture": "#0"},
				"east": {"uv": [0, 0, 0.1, 0.1], "texture": "#0"},
				"south": {"uv": [0, 0, 0.3, 0.1], "texture": "#0"},
				"west": {"uv": [0, 0, 0.1, 0.1], "texture": "#0"},
				"up": {"uv": [0, 0, 0.3, 0.1], "texture": "#0"},
				"down": {"uv": [0, 0, 0.3, 0.1], "texture": "#0"}
			}
		},
		{
			"from": [7.8, 8.8, 3.6],
			"to": [8.1, 8.9, 3.7],
			"faces": {
				"north": {"uv": [0, 0, 0.3, 0.1], "texture": "#0"},
				"east": {"uv": [0, 0, 0.1, 0.1], "texture": "#0"},
				"south": {"uv": [0, 0, 0.3, 0.1], "texture": "#0"},
				"west": {"uv": [0, 0, 0.1, 0.1], "texture": "#0"},
				"up": {"uv": [0, 0, 0.3, 0.1], "texture": "#0"},
				"down": {"uv": [0, 0, 0.3, 0.1], "texture": "#0"}
			}
		},
		{
			"from": [7.8, 8.7, 3.7],
			"to": [8.1, 8.8, 3.8],
			"faces": {
				"north": {"uv": [0, 0, 0.3, 0.1], "texture": "#0"},
				"east": {"uv": [0, 0, 0.1, 0.1], "texture": "#0"},
				"south": {"uv": [0, 0, 0.3, 0.1], "texture": "#0"},
				"west": {"uv": [0, 0, 0.1, 0.1], "texture": "#0"},
				"up": {"uv": [0, 0, 0.3, 0.1], "texture": "#0"},
				"down": {"uv": [0, 0, 0.3, 0.1], "texture": "#0"}
			}
		},
		{
			"from": [7.8, 8, 3.8],
			"to": [8.1, 8.7, 3.9],
			"faces": {
				"north": {"uv": [0, 0, 0.3, 0.7], "texture": "#0"},
				"east": {"uv": [0, 0, 0.1, 0.7], "texture": "#0"},
				"south": {"uv": [0, 0, 0.3, 0.7], "texture": "#0"},
				"west": {"uv": [0, 0, 0.1, 0.7], "texture": "#0"},
				"up": {"uv": [0, 0, 0.3, 0.1], "texture": "#0"},
				"down": {"uv": [0, 0, 0.3, 0.1], "texture": "#0"}
			}
		},
		{
			"from": [7.8, 7.9, 2.9],
			"to": [8.1, 8, 3.5],
			"faces": {
				"north": {"uv": [0, 0, 0.3, 0.1], "texture": "#0"},
				"east": {"uv": [0, 0, 0.6, 0.1], "texture": "#0"},
				"south": {"uv": [0, 0, 0.3, 0.1], "texture": "#0"},
				"west": {"uv": [0, 0, 0.6, 0.1], "texture": "#0"},
				"up": {"uv": [0, 0, 0.3, 0.6], "texture": "#0"},
				"down": {"uv": [0, 0, 0.3, 0.6], "texture": "#0"}
			}
		},
		{
			"from": [7.5, 8.5, 12.4],
			"to": [8.5, 8.7, 18.4],
			"faces": {
				"north": {"uv": [0, 0, 1, 0.2], "texture": "#0"},
				"east": {"uv": [0, 0, 6, 0.2], "texture": "#0"},
				"south": {"uv": [0, 0, 1, 0.2], "texture": "#0"},
				"west": {"uv": [0, 0, 6, 0.2], "texture": "#0"},
				"up": {"uv": [0, 0, 1, 6], "texture": "#0"},
				"down": {"uv": [0, 0, 1, 6], "texture": "#0"}
			}
		},
		{
			"from": [7.6, 8.7, 12.8],
			"to": [8.4, 9.3, 13.2],
			"faces": {
				"north": {"uv": [0, 0, 0.8, 0.6], "texture": "#0"},
				"east": {"uv": [0, 0, 0.4, 0.6], "texture": "#0"},
				"south": {"uv": [0, 0, 0.8, 0.6], "texture": "#0"},
				"west": {"uv": [0, 0, 0.4, 0.6], "texture": "#0"},
				"up": {"uv": [0, 0, 0.8, 0.4], "texture": "#0"},
				"down": {"uv": [0, 0, 0.8, 0.4], "texture": "#0"}
			}
		},
		{
			"from": [7.7, 8.7, 13.2],
			"to": [8.3, 8.9, 16.8],
			"faces": {
				"north": {"uv": [0, 0, 0.6, 0.2], "texture": "#0"},
				"east": {"uv": [0, 0, 3.6, 0.2], "texture": "#0"},
				"south": {"uv": [0, 0, 0.6, 0.2], "texture": "#0"},
				"west": {"uv": [0, 0, 3.6, 0.2], "texture": "#0"},
				"up": {"uv": [0, 0, 0.6, 3.6], "texture": "#0"},
				"down": {"uv": [0, 0, 0.6, 3.6], "texture": "#0"}
			}
		},
		{
			"from": [7.6, 9.3, 12.9],
			"to": [8.4, 9.5, 13.3],
			"faces": {
				"north": {"uv": [0, 0, 0.8, 0.2], "texture": "#0"},
				"east": {"uv": [0, 0, 0.4, 0.2], "texture": "#0"},
				"south": {"uv": [0, 0, 0.8, 0.2], "texture": "#0"},
				"west": {"uv": [0, 0, 0.4, 0.2], "texture": "#0"},
				"up": {"uv": [0, 0, 0.8, 0.4], "texture": "#0"},
				"down": {"uv": [0, 0, 0.8, 0.4], "texture": "#0"}
			}
		},
		{
			"from": [7.6, 9.5, 13.3],
			"to": [8.4, 9.7, 13.7],
			"faces": {
				"north": {"uv": [0, 0, 0.8, 0.2], "texture": "#0"},
				"east": {"uv": [0, 0, 0.4, 0.2], "texture": "#0"},
				"south": {"uv": [0, 0, 0.8, 0.2], "texture": "#0"},
				"west": {"uv": [0, 0, 0.4, 0.2], "texture": "#0"},
				"up": {"uv": [0, 0, 0.8, 0.4], "texture": "#0"},
				"down": {"uv": [0, 0, 0.8, 0.4], "texture": "#0"}
			}
		},
		{
			"from": [7.6, 9.7, 13.7],
			"to": [8.4, 9.9, 14.1],
			"faces": {
				"north": {"uv": [0, 0, 0.8, 0.2], "texture": "#0"},
				"east": {"uv": [0, 0, 0.4, 0.2], "texture": "#0"},
				"south": {"uv": [0, 0, 0.8, 0.2], "texture": "#0"},
				"west": {"uv": [0, 0, 0.4, 0.2], "texture": "#0"},
				"up": {"uv": [0, 0, 0.8, 0.4], "texture": "#0"},
				"down": {"uv": [0, 0, 0.8, 0.4], "texture": "#0"}
			}
		},
		{
			"from": [7.6, 9.9, 14.1],
			"to": [8.4, 10.1, 14.5],
			"faces": {
				"north": {"uv": [0, 0, 0.8, 0.2], "texture": "#0"},
				"east": {"uv": [0, 0, 0.4, 0.2], "texture": "#0"},
				"south": {"uv": [0, 0, 0.8, 0.2], "texture": "#0"},
				"west": {"uv": [0, 0, 0.4, 0.2], "texture": "#0"},
				"up": {"uv": [0, 0, 0.8, 0.4], "texture": "#0"},
				"down": {"uv": [0, 0, 0.8, 0.4], "texture": "#0"}
			}
		},
		{
			"from": [7.6, 10.1, 14.5],
			"to": [8.4, 10.3, 16.7],
			"faces": {
				"north": {"uv": [0, 0, 0.8, 0.2], "texture": "#0"},
				"east": {"uv": [0, 0, 2.2, 0.2], "texture": "#0"},
				"south": {"uv": [0, 0, 0.8, 0.2], "texture": "#0"},
				"west": {"uv": [0, 0, 2.2, 0.2], "texture": "#0"},
				"up": {"uv": [0, 0, 0.8, 2.2], "texture": "#0"},
				"down": {"uv": [0, 0, 0.8, 2.2], "texture": "#0"}
			}
		},
		{
			"from": [7.6, 8.7, 16.7],
			"to": [8.4, 10.3, 18.1],
			"rotation": {"angle": 0, "axis": "x", "origin": [8.01123, 9.92472, 16.37817]},
			"faces": {
				"north": {"uv": [0, 0, 0.8, 1.6], "texture": "#0"},
				"east": {"uv": [0, 0, 1.4, 1.6], "texture": "#0"},
				"south": {"uv": [0, 0, 0.8, 1.6], "texture": "#0"},
				"west": {"uv": [0, 0, 1.4, 1.6], "texture": "#0"},
				"up": {"uv": [0, 0, 0.8, 1.4], "texture": "#0"},
				"down": {"uv": [0, 0, 0.8, 1.4], "texture": "#0"}
			}
		},
		{
			"from": [7.5, 5.9, 12.4],
			"to": [8.5, 6.5, 17.6],
			"faces": {
				"north": {"uv": [0, 0, 1, 0.6], "texture": "#0"},
				"east": {"uv": [0, 0, 5.2, 0.6], "texture": "#0"},
				"south": {"uv": [0, 0, 1, 0.6], "texture": "#0"},
				"west": {"uv": [0, 0, 5.2, 0.6], "texture": "#0"},
				"up": {"uv": [0, 0, 1, 5.2], "texture": "#0"},
				"down": {"uv": [0, 0, 1, 5.2], "texture": "#0"}
			}
		},
		{
			"from": [7.5, 5.2, 12.5],
			"to": [8.5, 5.9, 15.2],
			"faces": {
				"north": {"uv": [0, 0, 1, 0.7], "texture": "#0"},
				"east": {"uv": [0, 0, 2.7, 0.7], "texture": "#0"},
				"south": {"uv": [0, 0, 1, 0.7], "texture": "#0"},
				"west": {"uv": [0, 0, 2.7, 0.7], "texture": "#0"},
				"up": {"uv": [0, 0, 1, 2.7], "texture": "#0"},
				"down": {"uv": [0, 0, 1, 2.7], "texture": "#0"}
			}
		},
		{
			"from": [7.4, 5.1, 12.5],
			"to": [8.6, 5.2, 15.2],
			"faces": {
				"north": {"uv": [0, 0, 1.2, 0.1], "texture": "#0"},
				"east": {"uv": [0, 0, 2.7, 0.1], "texture": "#0"},
				"south": {"uv": [0, 0, 1.2, 0.1], "texture": "#0"},
				"west": {"uv": [0, 0, 2.7, 0.1], "texture": "#0"},
				"up": {"uv": [0, 0, 1.2, 2.7], "texture": "#0"},
				"down": {"uv": [0, 0, 1.2, 2.7], "texture": "#0"}
			}
		},
		{
			"from": [7.7, 2, 12.3],
			"to": [8.3, 5.7, 14.4],
			"rotation": {"angle": 22.5, "axis": "x", "origin": [8.0171, 4.0398, 13.84308]},
			"faces": {
				"north": {"uv": [0, 0, 0.6, 3.7], "texture": "#0"},
				"east": {"uv": [0, 0, 2.1, 3.7], "texture": "#0"},
				"south": {"uv": [0, 0, 0.6, 3.7], "texture": "#0"},
				"west": {"uv": [0, 0, 2.1, 3.7], "texture": "#0"},
				"up": {"uv": [0, 0, 0.6, 2.1], "texture": "#0"},
				"down": {"uv": [0, 0, 0.6, 2.1], "texture": "#0"}
			}
		},
		{
			"from": [7.6, 2.1, 12.5],
			"to": [8.4, 5.7, 12.6],
			"rotation": {"angle": 22.5, "axis": "x", "origin": [8.0171, 4.0398, 13.84308]},
			"faces": {
				"north": {"uv": [0, 0, 0.8, 3.6], "texture": "#0"},
				"east": {"uv": [0, 0, 0.1, 3.6], "texture": "#0"},
				"south": {"uv": [0, 0, 0.8, 3.6], "texture": "#0"},
				"west": {"uv": [0, 0, 0.1, 3.6], "texture": "#0"},
				"up": {"uv": [0, 0, 0.8, 0.1], "texture": "#0"},
				"down": {"uv": [0, 0, 0.8, 0.1], "texture": "#0"}
			}
		},
		{
			"from": [7.6, 2.1, 14.1],
			"to": [8.4, 5.7, 14.2],
			"rotation": {"angle": 22.5, "axis": "x", "origin": [8.0171, 4.0398, 13.84308]},
			"faces": {
				"north": {"uv": [0, 0, 0.8, 3.6], "texture": "#0"},
				"east": {"uv": [0, 0, 0.1, 3.6], "texture": "#0"},
				"south": {"uv": [0, 0, 0.8, 3.6], "texture": "#0"},
				"west": {"uv": [0, 0, 0.1, 3.6], "texture": "#0"},
				"up": {"uv": [0, 0, 0.8, 0.1], "texture": "#0"},
				"down": {"uv": [0, 0, 0.8, 0.1], "texture": "#0"}
			}
		},
		{
			"from": [7.6, 2.1, 13.3],
			"to": [8.4, 5.7, 13.4],
			"rotation": {"angle": 22.5, "axis": "x", "origin": [8.0171, 4.0398, 13.84308]},
			"faces": {
				"north": {"uv": [0, 0, 0.8, 3.6], "texture": "#0"},
				"east": {"uv": [0, 0, 0.1, 3.6], "texture": "#0"},
				"south": {"uv": [0, 0, 0.8, 3.6], "texture": "#0"},
				"west": {"uv": [0, 0, 0.1, 3.6], "texture": "#0"},
				"up": {"uv": [0, 0, 0.8, 0.1], "texture": "#0"},
				"down": {"uv": [0, 0, 0.8, 0.1], "texture": "#0"}
			}
		},
		{
			"from": [7.6, 5.2, 15.2],
			"to": [8.4, 5.3, 17.1],
			"faces": {
				"north": {"uv": [0, 0, 0.8, 0.1], "texture": "#0"},
				"east": {"uv": [0, 0, 1.9, 0.1], "texture": "#0"},
				"south": {"uv": [0, 0, 0.8, 0.1], "texture": "#0"},
				"west": {"uv": [0, 0, 1.9, 0.1], "texture": "#0"},
				"up": {"uv": [0, 0, 0.8, 1.9], "texture": "#0"},
				"down": {"uv": [0, 0, 0.8, 1.9], "texture": "#0"}
			}
		},
		{
			"from": [7.6, 5.3, 15.2],
			"to": [8.4, 6, 15.3],
			"faces": {
				"north": {"uv": [0, 0, 0.8, 0.7], "texture": "#0"},
				"east": {"uv": [0, 0, 0.1, 0.7], "texture": "#0"},
				"south": {"uv": [0, 0, 0.8, 0.7], "texture": "#0"},
				"west": {"uv": [0, 0, 0.1, 0.7], "texture": "#0"},
				"up": {"uv": [0, 0, 0.8, 0.1], "texture": "#0"},
				"down": {"uv": [0, 0, 0.8, 0.1], "texture": "#0"}
			}
		},
		{
			"from": [7.85, 5.79013, 16.23762],
			"to": [8.15, 5.99013, 16.33762],
			"rotation": {"angle": 0, "axis": "x", "origin": [8.01842, 5.72524, 16.28948]},
			"faces": {
				"north": {"uv": [0, 0, 0.3, 0.2], "texture": "#0"},
				"east": {"uv": [0, 0, 0.1, 0.2], "texture": "#0"},
				"south": {"uv": [0, 0, 0.3, 0.2], "texture": "#0"},
				"west": {"uv": [0, 0, 0.1, 0.2], "texture": "#0"},
				"up": {"uv": [0, 0, 0.3, 0.1], "texture": "#0"},
				"down": {"uv": [0, 0, 0.3, 0.1], "texture": "#0"}
			}
		},
		{
			"from": [7.85, 5.49013, 16.23762],
			"to": [8.15, 5.59013, 16.33762],
			"rotation": {"angle": 0, "axis": "x", "origin": [8.01842, 5.72524, 16.28948]},
			"faces": {
				"north": {"uv": [0, 0, 0.3, 0.1], "texture": "#0"},
				"east": {"uv": [0, 0, 0.1, 0.1], "texture": "#0"},
				"south": {"uv": [0, 0, 0.3, 0.1], "texture": "#0"},
				"west": {"uv": [0, 0, 0.1, 0.1], "texture": "#0"},
				"up": {"uv": [0, 0, 0.3, 0.1], "texture": "#0"},
				"down": {"uv": [0, 0, 0.3, 0.1], "texture": "#0"}
			}
		},
		{
			"from": [7.85, 5.39013, 16.13762],
			"to": [8.15, 5.49013, 16.23762],
			"rotation": {"angle": 0, "axis": "x", "origin": [8.01842, 5.72524, 16.28948]},
			"faces": {
				"north": {"uv": [0, 0, 0.3, 0.1], "texture": "#0"},
				"east": {"uv": [0, 0, 0.1, 0.1], "texture": "#0"},
				"south": {"uv": [0, 0, 0.3, 0.1], "texture": "#0"},
				"west": {"uv": [0, 0, 0.1, 0.1], "texture": "#0"},
				"up": {"uv": [0, 0, 0.3, 0.1], "texture": "#0"},
				"down": {"uv": [0, 0, 0.3, 0.1], "texture": "#0"}
			}
		},
		{
			"from": [7.85, 5.59013, 16.33762],
			"to": [8.15, 5.79013, 16.43762],
			"rotation": {"angle": 0, "axis": "x", "origin": [8.01842, 5.72524, 16.28948]},
			"faces": {
				"north": {"uv": [0, 0, 0.3, 0.2], "texture": "#0"},
				"east": {"uv": [0, 0, 0.1, 0.2], "texture": "#0"},
				"south": {"uv": [0, 0, 0.3, 0.2], "texture": "#0"},
				"west": {"uv": [0, 0, 0.1, 0.2], "texture": "#0"},
				"up": {"uv": [0, 0, 0.3, 0.1], "texture": "#0"},
				"down": {"uv": [0, 0, 0.3, 0.1], "texture": "#0"}
			}
		},
		{
			"from": [7.5, 3.3, 17.1],
			"to": [8.5, 6.2, 17.9],
			"rotation": {"angle": -22.5, "axis": "x", "origin": [8.02042, 4.885, 16.59455]},
			"faces": {
				"north": {"uv": [0, 0, 1, 2.9], "texture": "#0"},
				"east": {"uv": [0, 0, 0.8, 2.9], "texture": "#0"},
				"south": {"uv": [0, 0, 1, 2.9], "texture": "#0"},
				"west": {"uv": [0, 0, 0.8, 2.9], "texture": "#0"},
				"up": {"uv": [0, 0, 1, 0.8], "texture": "#0"},
				"down": {"uv": [0, 0, 1, 0.8], "texture": "#0"}
			}
		},
		{
			"from": [7.5, 6.2, 17.5],
			"to": [8.5, 6.6, 18.6],
			"rotation": {"angle": -22.5, "axis": "x", "origin": [8.02025, 6.28273, 17.897]},
			"faces": {
				"north": {"uv": [0, 0, 1, 0.4], "texture": "#0"},
				"east": {"uv": [0, 0, 1.1, 0.4], "texture": "#0"},
				"south": {"uv": [0, 0, 1, 0.4], "texture": "#0"},
				"west": {"uv": [0, 0, 1.1, 0.4], "texture": "#0"},
				"up": {"uv": [0, 0, 1, 1.1], "texture": "#0"},
				"down": {"uv": [0, 0, 1, 1.1], "texture": "#0"}
			}
		}
	],
	"display": {
		"thirdperson_righthand": {
			"translation": [0, 1.5, -8.5]
		},
		"thirdperson_lefthand": {
			"translation": [0, 0, -3]
		},
		"firstperson_righthand": {
			"rotation": [0, -12.25, 0],
			"translation": [1.25, 5.75, -3.5]
		},
		"firstperson_lefthand": {
			"translation": [0, 2, 0]
		},
		"ground": {
			"translation": [0, 0, -8.25]
		},
		"gui": {
			"rotation": [-2.75, -107, -14.75],
			"translation": [2, 0.75, 0],
			"scale": [1, 1, 0.55]
		}
	}
}