{
	"credit": "Made with Blockbench",
	"textures": {
		"0": "items/awm",
		"1": "items/bbala",
		"particle": "items/awm"
	},
	"elements": [
		{
			"from": [7.25, 6.2, -0.2],
			"to": [8.75, 8.5, 6.2],
			"faces": {
				"north": {"uv": [0, 0, 1.5, 2.3], "texture": "#1"},
				"east": {"uv": [0, 0, 6.4, 2.3], "texture": "#1"},
				"south": {"uv": [0, 0, 1.5, 2.3], "texture": "#1"},
				"west": {"uv": [0, 0, 6.4, 2.3], "texture": "#1"},
				"up": {"uv": [0, 0, 1.5, 6.4], "texture": "#1"},
				"down": {"uv": [0, 0, 1.5, 6.4], "texture": "#1"}
			}
		},
		{
			"from": [7.25, 6.3, -0.3],
			"to": [8.75, 8.4, -0.2],
			"faces": {
				"north": {"uv": [0, 0, 1.5, 2.1], "texture": "#1"},
				"east": {"uv": [0, 0, 0.1, 2.1], "texture": "#1"},
				"south": {"uv": [0, 0, 1.5, 2.1], "texture": "#1"},
				"west": {"uv": [0, 0, 0.1, 2.1], "texture": "#1"},
				"up": {"uv": [0, 0, 1.5, 0.1], "texture": "#1"},
				"down": {"uv": [0, 0, 1.5, 0.1], "texture": "#1"}
			}
		},
		{
			"from": [7.25, 6.4, -0.4],
			"to": [8.75, 8.3, -0.2],
			"faces": {
				"north": {"uv": [0, 0, 1.5, 1.9], "texture": "#1"},
				"east": {"uv": [0, 0, 0.2, 1.9], "texture": "#1"},
				"south": {"uv": [0, 0, 1.5, 1.9], "texture": "#1"},
				"west": {"uv": [0, 0, 0.2, 1.9], "texture": "#1"},
				"up": {"uv": [0, 0, 1.5, 0.2], "texture": "#1"},
				"down": {"uv": [0, 0, 1.5, 0.2], "texture": "#1"}
			}
		},
		{
			"from": [7.25, 6.5, -0.6],
			"to": [8.75, 8.2, -0.4],
			"faces": {
				"north": {"uv": [0, 0, 1.5, 1.7], "texture": "#1"},
				"east": {"uv": [0, 0, 0.2, 1.7], "texture": "#1"},
				"south": {"uv": [0, 0, 1.5, 1.7], "texture": "#1"},
				"west": {"uv": [0, 0, 0.2, 1.7], "texture": "#1"},
				"up": {"uv": [0, 0, 1.5, 0.2], "texture": "#1"},
				"down": {"uv": [0, 0, 1.5, 0.2], "texture": "#1"}
			}
		},
		{
			"from": [7.25, 6.6, -0.7],
			"to": [8.75, 8.1, -0.5],
			"faces": {
				"north": {"uv": [0, 0, 1.5, 1.5], "texture": "#1"},
				"east": {"uv": [0, 0, 0.2, 1.5], "texture": "#1"},
				"south": {"uv": [0, 0, 1.5, 1.5], "texture": "#1"},
				"west": {"uv": [0, 0, 0.2, 1.5], "texture": "#1"},
				"up": {"uv": [0, 0, 1.5, 0.2], "texture": "#1"},
				"down": {"uv": [0, 0, 1.5, 0.2], "texture": "#1"}
			}
		},
		{
			"from": [7.5, 7.7, -8],
			"to": [8.5, 7.9, -0.7],
			"faces": {
				"north": {"uv": [0, 0, 1, 0.2], "texture": "#1"},
				"east": {"uv": [0, 0, 7.3, 0.2], "texture": "#1"},
				"south": {"uv": [0, 0, 1, 0.2], "texture": "#1"},
				"west": {"uv": [0, 0, 7.3, 0.2], "texture": "#1"},
				"up": {"uv": [0, 0, 1, 7.3], "texture": "#1"},
				"down": {"uv": [0, 0, 1, 7.3], "texture": "#1"}
			}
		},
		{
			"from": [7.5, 7, -8],
			"to": [8.5, 7.2, -0.7],
			"faces": {
				"north": {"uv": [0, 0, 1, 0.2], "texture": "#1"},
				"east": {"uv": [0, 0, 7.3, 0.2], "texture": "#1"},
				"south": {"uv": [0, 0, 1, 0.2], "texture": "#1"},
				"west": {"uv": [0, 0, 7.3, 0.2], "texture": "#1"},
				"up": {"uv": [0, 0, 1, 7.3], "texture": "#1"},
				"down": {"uv": [0, 0, 1, 7.3], "texture": "#1"}
			}
		},
		{
			"from": [7.25, 3.8, -8.5],
			"to": [8.75, 8.2, -7.9],
			"faces": {
				"north": {"uv": [0, 0, 1.5, 4.4], "texture": "#1"},
				"east": {"uv": [0, 0, 0.6, 4.4], "texture": "#1"},
				"south": {"uv": [0, 0, 1.5, 4.4], "texture": "#1"},
				"west": {"uv": [0, 0, 0.6, 4.4], "texture": "#1"},
				"up": {"uv": [0, 0, 1.5, 0.6], "texture": "#1"},
				"down": {"uv": [0, 0, 1.5, 0.6], "texture": "#1"}
			}
		},
		{
			"from": [7.5, 7.1, -4.4],
			"to": [8.5, 7.9, -1.9],
			"faces": {
				"north": {"uv": [0, 0, 1, 0.8], "texture": "#1"},
				"east": {"uv": [0, 0, 2.5, 0.8], "texture": "#1"},
				"south": {"uv": [0, 0, 1, 0.8], "texture": "#1"},
				"west": {"uv": [0, 0, 2.5, 0.8], "texture": "#1"},
				"up": {"uv": [0, 0, 1, 2.5], "texture": "#1"},
				"down": {"uv": [0, 0, 1, 2.5], "texture": "#1"}
			}
		},
		{
			"from": [7.55, 4.5, -6.7],
			"to": [8.45, 8.4, -6.5],
			"rotation": {"angle": 45, "axis": "x", "origin": [7.97557, 6.42723, -7.60275]},
			"faces": {
				"north": {"uv": [0, 0, 0.9, 3.9], "texture": "#1"},
				"east": {"uv": [0, 0, 0.2, 3.9], "texture": "#1"},
				"south": {"uv": [0, 0, 0.9, 3.9], "texture": "#1"},
				"west": {"uv": [0, 0, 0.2, 3.9], "texture": "#1"},
				"up": {"uv": [0, 0, 0.9, 0.2], "texture": "#1"},
				"down": {"uv": [0, 0, 0.9, 0.2], "texture": "#1"}
			}
		},
		{
			"from": [7.55, 5, -7.1],
			"to": [8.45, 8, -6.9],
			"rotation": {"angle": 45, "axis": "x", "origin": [7.97557, 6.42723, -7.60275]},
			"faces": {
				"north": {"uv": [0, 0, 0.9, 3], "texture": "#1"},
				"east": {"uv": [0, 0, 0.2, 3], "texture": "#1"},
				"south": {"uv": [0, 0, 0.9, 3], "texture": "#1"},
				"west": {"uv": [0, 0, 0.2, 3], "texture": "#1"},
				"up": {"uv": [0, 0, 0.9, 0.2], "texture": "#1"},
				"down": {"uv": [0, 0, 0.9, 0.2], "texture": "#1"}
			}
		},
		{
			"from": [7.55, 4.5, -6.9],
			"to": [8.45, 8.2, -6.7],
			"rotation": {"angle": 45, "axis": "x", "origin": [7.97557, 6.42723, -7.60275]},
			"faces": {
				"north": {"uv": [0, 0, 0.9, 3.7], "texture": "#1"},
				"east": {"uv": [0, 0, 0.2, 3.7], "texture": "#1"},
				"south": {"uv": [0, 0, 0.9, 3.7], "texture": "#1"},
				"west": {"uv": [0, 0, 0.2, 3.7], "texture": "#1"},
				"up": {"uv": [0, 0, 0.9, 0.2], "texture": "#1"},
				"down": {"uv": [0, 0, 0.9, 0.2], "texture": "#1"}
			}
		},
		{
			"from": [7.55, 5, -7.3],
			"to": [8.45, 7.8, -7.1],
			"rotation": {"angle": 45, "axis": "x", "origin": [7.97557, 6.42723, -7.60275]},
			"faces": {
				"north": {"uv": [0, 0, 0.9, 2.8], "texture": "#1"},
				"east": {"uv": [0, 0, 0.2, 2.8], "texture": "#1"},
				"south": {"uv": [0, 0, 0.9, 2.8], "texture": "#1"},
				"west": {"uv": [0, 0, 0.2, 2.8], "texture": "#1"},
				"up": {"uv": [0, 0, 0.9, 0.2], "texture": "#1"},
				"down": {"uv": [0, 0, 0.9, 0.2], "texture": "#1"}
			}
		},
		{
			"from": [7.5, 4.9, -6.9],
			"to": [8.5, 9.4, -6.8],
			"rotation": {"angle": 45, "axis": "x", "origin": [7.97373, 6.32924, -8.75292]},
			"faces": {
				"north": {"uv": [0, 0, 1, 4.5], "texture": "#1"},
				"east": {"uv": [0, 0, 0.1, 4.5], "texture": "#1"},
				"south": {"uv": [0, 0, 1, 4.5], "texture": "#1"},
				"west": {"uv": [0, 0, 0.1, 4.5], "texture": "#1"},
				"up": {"uv": [0, 0, 1, 0.1], "texture": "#1"},
				"down": {"uv": [0, 0, 1, 0.1], "texture": "#1"}
			}
		},
		{
			"from": [7.5, 3.9, 0.8],
			"to": [8.5, 6.9, 1.8],
			"rotation": {"angle": 22.5, "axis": "x", "origin": [7.9938, 5.06135, 1.49486]},
			"faces": {
				"north": {"uv": [0, 0, 1, 3], "texture": "#1"},
				"east": {"uv": [0, 0, 1, 3], "texture": "#1"},
				"south": {"uv": [0, 0, 1, 3], "texture": "#1"},
				"west": {"uv": [0, 0, 1, 3], "texture": "#1"},
				"up": {"uv": [0, 0, 1, 1], "texture": "#1"},
				"down": {"uv": [0, 0, 1, 1], "texture": "#1"}
			}
		},
		{
			"from": [7.5, 5.1, 2.94847],
			"to": [8.5, 7, 3.14847],
			"rotation": {"angle": 0, "axis": "x", "origin": [7.99301, 5.46024, 1.43999]},
			"faces": {
				"north": {"uv": [0, 0, 1, 1.9], "texture": "#1"},
				"east": {"uv": [0, 0, 0.2, 1.9], "texture": "#1"},
				"south": {"uv": [0, 0, 1, 1.9], "texture": "#1"},
				"west": {"uv": [0, 0, 0.2, 1.9], "texture": "#1"},
				"up": {"uv": [0, 0, 1, 0.2], "texture": "#1"},
				"down": {"uv": [0, 0, 1, 0.2], "texture": "#1"}
			}
		},
		{
			"from": [7.5, 5.11349, 1.70364],
			"to": [8.5, 5.31349, 3.00364],
			"rotation": {"angle": 0, "axis": "x", "origin": [7.99485, 6.01001, 3.04499]},
			"faces": {
				"north": {"uv": [0, 0, 1, 0.2], "rotation": 180, "texture": "#1"},
				"east": {"uv": [0, 0, 0.2, 1.3], "rotation": 90, "texture": "#1"},
				"south": {"uv": [0, 0, 1, 0.2], "texture": "#1"},
				"west": {"uv": [0, 0, 0.2, 1.3], "rotation": 270, "texture": "#1"},
				"up": {"uv": [0, 0, 1, 1.3], "texture": "#1"},
				"down": {"uv": [0, 0, 1, 1.3], "rotation": 180, "texture": "#1"}
			}
		},
		{
			"from": [7.95, 5.07733, 2.25952],
			"to": [8.15, 6.37733, 2.45952],
			"rotation": {"angle": -22.5, "axis": "x", "origin": [7.99414, 5.72335, 2.34966]},
			"faces": {
				"north": {"uv": [0, 0, 0.2, 1.3], "rotation": 180, "texture": "#1"},
				"east": {"uv": [0, 0, 0.2, 1.3], "rotation": 180, "texture": "#1"},
				"south": {"uv": [0, 0, 0.2, 1.3], "rotation": 180, "texture": "#1"},
				"west": {"uv": [0, 0, 0.2, 1.3], "rotation": 180, "texture": "#1"},
				"up": {"uv": [0, 0, 0.2, 0.2], "texture": "#1"},
				"down": {"uv": [0, 0, 0.2, 0.2], "texture": "#1"}
			}
		},
		{
			"from": [7.5, 3.9, 3.3],
			"to": [8.5, 6.9, 4.7],
			"rotation": {"angle": 0, "axis": "x", "origin": [7.9938, 5.06135, 1.49486]},
			"faces": {
				"north": {"uv": [0, 0, 1, 3], "texture": "#0"},
				"east": {"uv": [0, 0, 1.4, 3], "texture": "#0"},
				"south": {"uv": [0, 0, 1, 3], "texture": "#0"},
				"west": {"uv": [0, 0, 1.4, 3], "texture": "#0"},
				"up": {"uv": [0, 0, 1, 1.4], "texture": "#1"},
				"down": {"uv": [0, 0, 1, 1.4], "texture": "#0"}
			}
		},
		{
			"from": [7.3, 3.5, 3.3],
			"to": [8.7, 5.8, 4.7],
			"rotation": {"angle": 0, "axis": "x", "origin": [7.9938, 5.06135, 1.49486]},
			"faces": {
				"north": {"uv": [0, 0, 1.4, 2.3], "texture": "#0"},
				"east": {"uv": [0, 0, 1.4, 2.3], "texture": "#0"},
				"south": {"uv": [0, 0, 1.4, 2.3], "texture": "#0"},
				"west": {"uv": [0, 0, 1.4, 2.3], "texture": "#0"},
				"up": {"uv": [0, 0, 1.4, 1.4], "texture": "#0"},
				"down": {"uv": [0, 0, 1.4, 1.4], "texture": "#0"}
			}
		},
		{
			"from": [7.2, 3.4, 3.3],
			"to": [8.9, 5.7, 4.7],
			"rotation": {"angle": 0, "axis": "x", "origin": [7.9938, 5.06135, 1.49486]},
			"faces": {
				"north": {"uv": [0, 0, 1.7, 2.3], "texture": "#0"},
				"east": {"uv": [0, 0, 1.4, 2.3], "texture": "#0"},
				"south": {"uv": [0, 0, 1.7, 2.3], "texture": "#0"},
				"west": {"uv": [0, 0, 1.4, 2.3], "texture": "#0"},
				"up": {"uv": [0, 0, 1.7, 1.4], "texture": "#0"},
				"down": {"uv": [0, 0, 1.7, 1.4], "texture": "#0"}
			}
		},
		{
			"from": [7.1, 3.4, 3.3],
			"to": [9, 5.6, 4.7],
			"rotation": {"angle": 0, "axis": "x", "origin": [7.9938, 5.06135, 1.49486]},
			"faces": {
				"north": {"uv": [0, 0, 1.9, 2.2], "texture": "#0"},
				"east": {"uv": [0, 0, 1.4, 2.2], "texture": "#0"},
				"south": {"uv": [0, 0, 1.9, 2.2], "texture": "#0"},
				"west": {"uv": [0, 0, 1.4, 2.2], "texture": "#0"},
				"up": {"uv": [0, 0, 1.9, 1.4], "texture": "#0"},
				"down": {"uv": [0, 0, 1.9, 1.4], "texture": "#0"}
			}
		},
		{
			"from": [7, 3.4, 3.3],
			"to": [9.1, 5.5, 4.7],
			"rotation": {"angle": 0, "axis": "x", "origin": [7.9938, 5.06135, 1.49486]},
			"faces": {
				"north": {"uv": [0, 0, 2.1, 2.1], "texture": "#0"},
				"east": {"uv": [0, 0, 1.4, 2.1], "texture": "#0"},
				"south": {"uv": [0, 0, 2.1, 2.1], "texture": "#0"},
				"west": {"uv": [0, 0, 1.4, 2.1], "texture": "#0"},
				"up": {"uv": [0, 0, 2.1, 1.4], "texture": "#0"},
				"down": {"uv": [0, 0, 2.1, 1.4], "texture": "#0"}
			}
		},
		{
			"from": [7.25, 5.9, 6.1],
			"to": [8.7, 8, 11.4],
			"faces": {
				"north": {"uv": [0, 0, 1.45, 2.1], "texture": "#1"},
				"east": {"uv": [0, 0, 5.3, 2.1], "texture": "#1"},
				"south": {"uv": [0, 0, 1.45, 2.1], "texture": "#1"},
				"west": {"uv": [0, 0, 5.3, 2.1], "texture": "#1"},
				"up": {"uv": [0, 0, 1.45, 5.3], "texture": "#1"},
				"down": {"uv": [0, 0, 1.45, 5.3], "texture": "#1"}
			}
		},
		{
			"from": [7.55, 5, 9.9],
			"to": [8.4, 5.9, 11.4],
			"faces": {
				"north": {"uv": [0, 0, 0.85, 0.9], "texture": "#1"},
				"east": {"uv": [0, 0, 1.5, 0.9], "texture": "#1"},
				"south": {"uv": [0, 0, 0.85, 0.9], "texture": "#1"},
				"west": {"uv": [0, 0, 1.5, 0.9], "texture": "#1"},
				"up": {"uv": [0, 0, 0.85, 1.5], "texture": "#1"},
				"down": {"uv": [0, 0, 0.85, 1.5], "texture": "#1"}
			}
		},
		{
			"from": [7.55, 4.1, 7.9],
			"to": [8.2, 5, 11.1],
			"rotation": {"angle": 45, "axis": "y", "origin": [7.98565, 4.54534, 10.644], "rescale": true},
			"faces": {
				"north": {"uv": [0, 0, 0.65, 0.9], "texture": "#1"},
				"east": {"uv": [0, 0, 3.2, 0.9], "texture": "#1"},
				"south": {"uv": [0, 0, 0.65, 0.9], "texture": "#1"},
				"west": {"uv": [0, 0, 3.2, 0.9], "texture": "#1"},
				"up": {"uv": [0, 0, 0.65, 3.2], "texture": "#1"},
				"down": {"uv": [0, 0, 0.65, 3.2], "texture": "#1"}
			}
		},
		{
			"from": [7.75, 4.1, 7.9],
			"to": [8.4, 5, 11],
			"rotation": {"angle": -45, "axis": "y", "origin": [7.98565, 4.54534, 10.644], "rescale": true},
			"faces": {
				"north": {"uv": [0, 0, 0.65, 0.9], "texture": "#1"},
				"east": {"uv": [0, 0, 3.1, 0.9], "texture": "#1"},
				"south": {"uv": [0, 0, 0.65, 0.9], "texture": "#1"},
				"west": {"uv": [0, 0, 3.1, 0.9], "texture": "#1"},
				"up": {"uv": [0, 0, 0.65, 3.1], "texture": "#1"},
				"down": {"uv": [0, 0, 0.65, 3.1], "texture": "#1"}
			}
		},
		{
			"from": [7.75, 7.35, 11.4],
			"to": [8.2, 7.7, 16.7],
			"faces": {
				"north": {"uv": [0, 0, 0.45, 0.35], "texture": "#1"},
				"east": {"uv": [0, 0, 5.3, 0.35], "texture": "#1"},
				"south": {"uv": [0, 0, 0.45, 0.35], "texture": "#1"},
				"west": {"uv": [0, 0, 5.3, 0.35], "texture": "#1"},
				"up": {"uv": [0, 0, 0.45, 5.3], "texture": "#1"},
				"down": {"uv": [0, 0, 0.45, 5.3], "texture": "#1"}
			}
		},
		{
			"from": [7.75, 6.45, 11.4],
			"to": [8.2, 6.8, 14.7],
			"faces": {
				"north": {"uv": [0, 0, 0.45, 0.35], "texture": "#1"},
				"east": {"uv": [0, 0, 3.3, 0.35], "texture": "#1"},
				"south": {"uv": [0, 0, 0.45, 0.35], "texture": "#1"},
				"west": {"uv": [0, 0, 3.3, 0.35], "texture": "#1"},
				"up": {"uv": [0, 0, 0.45, 3.3], "texture": "#1"},
				"down": {"uv": [0, 0, 0.45, 3.3], "texture": "#1"}
			}
		},
		{
			"from": [6.85, 6.6, 6.4],
			"to": [7.3, 10.3, 6.9],
			"rotation": {"angle": 45, "axis": "z", "origin": [8, 8, 8]},
			"faces": {
				"north": {"uv": [0, 0, 0.45, 3.7], "texture": "#1"},
				"east": {"uv": [0, 0, 0.5, 3.7], "texture": "#1"},
				"south": {"uv": [0, 0, 0.45, 3.7], "texture": "#1"},
				"west": {"uv": [0, 0, 0.5, 3.7], "texture": "#1"},
				"up": {"uv": [0, 0, 0.45, 0.5], "texture": "#1"},
				"down": {"uv": [0, 0, 0.45, 0.5], "texture": "#1"}
			}
		},
		{
			"from": [6.85, 9.8, 4.7],
			"to": [7.3, 10.3, 6.9],
			"rotation": {"angle": 45, "axis": "z", "origin": [8, 8, 8]},
			"faces": {
				"north": {"uv": [0, 0, 0.45, 0.5], "texture": "#1"},
				"east": {"uv": [0, 0, 2.2, 0.5], "texture": "#1"},
				"south": {"uv": [0, 0, 0.45, 0.5], "texture": "#1"},
				"west": {"uv": [0, 0, 2.2, 0.5], "texture": "#1"},
				"up": {"uv": [0, 0, 0.45, 2.2], "texture": "#1"},
				"down": {"uv": [0, 0, 0.45, 2.2], "texture": "#1"}
			}
		}
	],
	"display": {
		"thirdperson_righthand": {
			"rotation": [0, -179.5, -2.25],
			"translation": [0, 1.25, -5.75]
		},
		"firstperson_righthand": {
			"rotation": [0, 174.75, 0],
			"translation": [0, 6.25, -0.5]
		},
		"gui": {
			"rotation": [14.75, 130.75, 0],
			"translation": [2.75, 2.75, 0],
			"scale": [1.07227, 1.36, 0.76]
		}
	}
}