{
	"credit": "Made with Blockbench",
	"textures": {
		"0": "items/a01",
		"2": "items/ak47a03",
		"particle": "items/a01"
	},
	"elements": [
		{
			"from": [7.75, 5.25, -0.5],
			"to": [8.25, 9, 0],
			"faces": {
				"north": {"uv": [0, 0, 0.5, 3.75], "texture": "#2"},
				"east": {"uv": [0, 0, 0.5, 3.75], "texture": "#2"},
				"south": {"uv": [0, 0, 0.5, 3.75], "texture": "#2"},
				"west": {"uv": [0, 0, 0.5, 3.75], "texture": "#2"},
				"up": {"uv": [0, 0, 0.5, 0.5], "texture": "#2"},
				"down": {"uv": [0, 0, 0.5, 0.5], "texture": "#2"}
			}
		},
		{
			"from": [7.75, 8.5, 0],
			"to": [8.25, 9, 2.25],
			"faces": {
				"north": {"uv": [0, 0, 0.5, 0.5], "texture": "#2"},
				"east": {"uv": [0, 0, 2.25, 0.5], "texture": "#2"},
				"south": {"uv": [0, 0, 0.5, 0.5], "texture": "#2"},
				"west": {"uv": [0, 0, 2.25, 0.5], "texture": "#2"},
				"up": {"uv": [0, 0, 0.5, 2.25], "texture": "#2"},
				"down": {"uv": [0, 0, 0.5, 2.25], "texture": "#2"}
			}
		},
		{
			"from": [7.75, 9.35, 4],
			"to": [8.25, 9.85, 5.25],
			"faces": {
				"north": {"uv": [0, 0, 0.5, 0.5], "texture": "#2"},
				"east": {"uv": [0, 0, 1.25, 0.5], "texture": "#2"},
				"south": {"uv": [0, 0, 0.5, 0.5], "texture": "#2"},
				"west": {"uv": [0, 0, 1.25, 0.5], "texture": "#2"},
				"up": {"uv": [0, 0, 0.5, 1.25], "texture": "#2"},
				"down": {"uv": [0, 0, 0.5, 1.25], "texture": "#2"}
			}
		},
		{
			"from": [7.75, 8.85, 5.25],
			"to": [8.25, 10.1, 9.9],
			"faces": {
				"north": {"uv": [0, 0, 0.5, 1.25], "texture": "#2"},
				"east": {"uv": [0, 0, 4.65, 1.25], "texture": "#2"},
				"south": {"uv": [0, 0, 0.5, 1.25], "texture": "#2"},
				"west": {"uv": [0, 0, 4.65, 1.25], "texture": "#2"},
				"up": {"uv": [0, 0, 0.5, 4.65], "texture": "#2"},
				"down": {"uv": [0, 0, 0.5, 4.65], "texture": "#2"}
			}
		},
		{
			"from": [7.65, 9.25, 5.55],
			"to": [8.35, 9.4, 9.5],
			"faces": {
				"north": {"uv": [0, 0, 0.7, 0.15], "texture": "#2"},
				"east": {"uv": [0, 0, 3.95, 0.15], "texture": "#0"},
				"south": {"uv": [0, 0, 0.7, 0.15], "texture": "#2"},
				"west": {"uv": [0, 0, 3.95, 0.15], "texture": "#0"},
				"up": {"uv": [0, 0, 0.7, 3.95], "texture": "#2"},
				"down": {"uv": [0, 0, 0.7, 3.95], "texture": "#2"}
			}
		},
		{
			"from": [7.65, 9.65, 5.55],
			"to": [8.35, 9.8, 9.5],
			"faces": {
				"north": {"uv": [0, 0, 0.7, 0.15], "texture": "#2"},
				"east": {"uv": [0, 0, 3.95, 0.15], "texture": "#0"},
				"south": {"uv": [0, 0, 0.7, 0.15], "texture": "#2"},
				"west": {"uv": [0, 0, 3.95, 0.15], "texture": "#0"},
				"up": {"uv": [0, 0, 0.7, 3.95], "texture": "#2"},
				"down": {"uv": [0, 0, 0.7, 3.95], "texture": "#2"}
			}
		},
		{
			"from": [7.75, 8.15, 7.05],
			"to": [8.25, 9.4, 8.6],
			"faces": {
				"north": {"uv": [0, 0, 0.5, 1.25], "texture": "#2"},
				"east": {"uv": [0, 0, 1.55, 1.25], "texture": "#2"},
				"south": {"uv": [0, 0, 0.5, 1.25], "texture": "#2"},
				"west": {"uv": [0, 0, 1.55, 1.25], "texture": "#2"},
				"up": {"uv": [0, 0, 0.5, 1.55], "texture": "#2"},
				"down": {"uv": [0, 0, 0.5, 1.55], "texture": "#2"}
			}
		},
		{
			"from": [7.75, 6.35, 7.15],
			"to": [8.25, 9.4, 8.5],
			"faces": {
				"north": {"uv": [0, 0, 0.5, 3.05], "texture": "#2"},
				"east": {"uv": [0, 0, 1.35, 3.05], "texture": "#2"},
				"south": {"uv": [0, 0, 0.5, 3.05], "texture": "#2"},
				"west": {"uv": [0, 0, 1.35, 3.05], "texture": "#2"},
				"up": {"uv": [0, 0, 0.5, 1.35], "texture": "#2"},
				"down": {"uv": [0, 0, 0.5, 1.35], "texture": "#2"}
			}
		},
		{
			"from": [7.75, 9.35, 9.85],
			"to": [8.25, 9.8, 11.2],
			"faces": {
				"north": {"uv": [0, 0, 0.5, 0.45], "texture": "#2"},
				"east": {"uv": [0, 0, 1.35, 0.45], "texture": "#2"},
				"south": {"uv": [0, 0, 0.5, 0.45], "texture": "#2"},
				"west": {"uv": [0, 0, 1.35, 0.45], "texture": "#2"},
				"up": {"uv": [0, 0, 0.5, 1.35], "texture": "#2"},
				"down": {"uv": [0, 0, 0.5, 1.35], "texture": "#2"}
			}
		},
		{
			"from": [7.75, 8.75, 5.55],
			"to": [8.25, 9.7, 7.5],
			"rotation": {"angle": 22.5, "axis": "x", "origin": [7.99372, 9.4787, 5.87759]},
			"faces": {
				"north": {"uv": [0, 0, 0.5, 0.95], "texture": "#2"},
				"east": {"uv": [0, 0, 1.95, 0.95], "texture": "#2"},
				"south": {"uv": [0, 0, 0.5, 0.95], "texture": "#2"},
				"west": {"uv": [0, 0, 1.95, 0.95], "texture": "#2"},
				"up": {"uv": [0, 0, 0.5, 1.95], "texture": "#2"},
				"down": {"uv": [0, 0, 0.5, 1.95], "texture": "#2"}
			}
		},
		{
			"from": [7.75, 7.52766, 8.10591],
			"to": [8.25, 8.47766, 9.45591],
			"rotation": {"angle": -22.5, "axis": "x", "origin": [7.99543, 8.99938, 6.38038]},
			"faces": {
				"north": {"uv": [0, 0, 0.5, 0.95], "rotation": 180, "texture": "#2"},
				"east": {"uv": [0, 0, 1.35, 0.95], "rotation": 180, "texture": "#2"},
				"south": {"uv": [0, 0, 0.5, 0.95], "rotation": 180, "texture": "#2"},
				"west": {"uv": [0, 0, 1.35, 0.95], "rotation": 180, "texture": "#2"},
				"up": {"uv": [0, 0, 0.5, 1.35], "texture": "#2"},
				"down": {"uv": [0, 0, 0.5, 1.35], "texture": "#2"}
			}
		},
		{
			"from": [7.9, 8.1, 0],
			"to": [8.15, 8.85, 0.5],
			"faces": {
				"north": {"uv": [0, 0, 0.25, 0.75], "texture": "#2"},
				"east": {"uv": [0, 0, 0.5, 0.75], "texture": "#2"},
				"south": {"uv": [0, 0, 0.25, 0.75], "texture": "#2"},
				"west": {"uv": [0, 0, 0.5, 0.75], "texture": "#2"},
				"up": {"uv": [0, 0, 0.25, 0.5], "texture": "#2"},
				"down": {"uv": [0, 0, 0.25, 0.5], "texture": "#2"}
			}
		},
		{
			"from": [7.8, 10.1, 5.25],
			"to": [8.2, 10.35, 5.75],
			"faces": {
				"north": {"uv": [0, 0, 0.4, 0.25], "texture": "#2"},
				"east": {"uv": [0, 0, 0.5, 0.25], "texture": "#2"},
				"south": {"uv": [0, 0, 0.4, 0.25], "texture": "#2"},
				"west": {"uv": [0, 0, 0.5, 0.25], "texture": "#2"},
				"up": {"uv": [0, 0, 0.4, 0.5], "texture": "#2"},
				"down": {"uv": [0, 0, 0.4, 0.5], "texture": "#2"}
			}
		},
		{
			"from": [7.8, 10, 9.35],
			"to": [8.2, 10.25, 9.85],
			"rotation": {"angle": 0, "axis": "y", "origin": [8, 7.9, 12.1]},
			"faces": {
				"north": {"uv": [0, 0, 0.4, 0.25], "texture": "#2"},
				"east": {"uv": [0, 0, 0.5, 0.25], "texture": "#2"},
				"south": {"uv": [0, 0, 0.4, 0.25], "texture": "#2"},
				"west": {"uv": [0, 0, 0.5, 0.25], "texture": "#2"},
				"up": {"uv": [0, 0, 0.4, 0.5], "texture": "#2"},
				"down": {"uv": [0, 0, 0.4, 0.5], "texture": "#2"}
			}
		},
		{
			"from": [7.82, 10.1, 6],
			"to": [8.17, 10.25, 6.5],
			"faces": {
				"north": {"uv": [0, 0, 0.35, 0.15], "texture": "#2"},
				"east": {"uv": [0, 0, 0.5, 0.15], "texture": "#2"},
				"south": {"uv": [0, 0, 0.35, 0.15], "texture": "#2"},
				"west": {"uv": [0, 0, 0.5, 0.15], "texture": "#2"},
				"up": {"uv": [0, 0, 0.35, 0.5], "texture": "#2"},
				"down": {"uv": [0, 0, 0.35, 0.5], "texture": "#2"}
			}
		},
		{
			"from": [7.8, 10.35, 5.25],
			"to": [7.9, 10.6, 5.75],
			"faces": {
				"north": {"uv": [0, 0, 0.1, 0.25], "texture": "#2"},
				"east": {"uv": [0, 0, 0.5, 0.25], "texture": "#2"},
				"south": {"uv": [0, 0, 0.1, 0.25], "texture": "#2"},
				"west": {"uv": [0, 0, 0.5, 0.25], "texture": "#2"},
				"up": {"uv": [0, 0, 0.1, 0.5], "texture": "#2"},
				"down": {"uv": [0, 0, 0.1, 0.5], "texture": "#2"}
			}
		},
		{
			"from": [7.8, 10.25, 9.35],
			"to": [7.9, 10.5, 9.85],
			"rotation": {"angle": 0, "axis": "y", "origin": [8, 7.9, 12.1]},
			"faces": {
				"north": {"uv": [0, 0, 0.1, 0.25], "texture": "#2"},
				"east": {"uv": [0, 0, 0.5, 0.25], "texture": "#2"},
				"south": {"uv": [0, 0, 0.1, 0.25], "texture": "#2"},
				"west": {"uv": [0, 0, 0.5, 0.25], "texture": "#2"},
				"up": {"uv": [0, 0, 0.1, 0.5], "texture": "#2"},
				"down": {"uv": [0, 0, 0.1, 0.5], "texture": "#2"}
			}
		},
		{
			"from": [8.1, 10.35, 5.25],
			"to": [8.2, 10.6, 5.75],
			"faces": {
				"north": {"uv": [0, 0, 0.1, 0.25], "texture": "#2"},
				"east": {"uv": [0, 0, 0.5, 0.25], "texture": "#2"},
				"south": {"uv": [0, 0, 0.1, 0.25], "texture": "#2"},
				"west": {"uv": [0, 0, 0.5, 0.25], "texture": "#2"},
				"up": {"uv": [0, 0, 0.1, 0.5], "texture": "#2"},
				"down": {"uv": [0, 0, 0.1, 0.5], "texture": "#2"}
			}
		},
		{
			"from": [8.1, 10.25, 9.35],
			"to": [8.2, 10.5, 9.85],
			"rotation": {"angle": 0, "axis": "y", "origin": [8, 7.9, 12.1]},
			"faces": {
				"north": {"uv": [0, 0, 0.1, 0.25], "texture": "#2"},
				"east": {"uv": [0, 0, 0.5, 0.25], "texture": "#2"},
				"south": {"uv": [0, 0, 0.1, 0.25], "texture": "#2"},
				"west": {"uv": [0, 0, 0.5, 0.25], "texture": "#2"},
				"up": {"uv": [0, 0, 0.1, 0.5], "texture": "#2"},
				"down": {"uv": [0, 0, 0.1, 0.5], "texture": "#2"}
			}
		},
		{
			"from": [7.75, 9, 2],
			"to": [8.25, 9.5, 4.25],
			"rotation": {"angle": -22.5, "axis": "x", "origin": [8, 9.25, 3.375]},
			"faces": {
				"north": {"uv": [0, 0, 0.5, 0.5], "texture": "#2"},
				"east": {"uv": [0, 0, 2.25, 0.5], "texture": "#2"},
				"south": {"uv": [0, 0, 0.5, 0.5], "texture": "#2"},
				"west": {"uv": [0, 0, 2.25, 0.5], "texture": "#2"},
				"up": {"uv": [0, 0, 0.5, 2.25], "texture": "#2"},
				"down": {"uv": [0, 0, 0.5, 2.25], "texture": "#2"}
			}
		}
	],
	"display": {
		"thirdperson_righthand": {
			"rotation": [0, 180, 0],
			"translation": [0, 0, -0.25]
		},
		"firstperson_righthand": {
			"rotation": [-2, 170.75, 2.25],
			"translation": [1, 2.25, 0.5]
		},
		"gui": {
			"rotation": [0, 90, 0],
			"translation": [2.25, 0, 0]
		}
	}
}