{
	"credit": "Made with Blockbench",
	"textures": {
		"3": "items/bbala",
		"particle": "items/a01"
	},
	"elements": [
		{
			"from": [7.8, 6.8, 11.7],
			"to": [8.2, 7.7, 18],
			"faces": {
				"north": {"uv": [0, 0, 0.4, 0.9], "texture": "#3"},
				"east": {"uv": [0, 0, 6.3, 0.9], "texture": "#3"},
				"south": {"uv": [0, 0, 0.4, 0.9], "texture": "#3"},
				"west": {"uv": [0, 0, 6.3, 0.9], "texture": "#3"},
				"up": {"uv": [0, 0, 0.4, 6.3], "texture": "#3"},
				"down": {"uv": [0, 0, 0.4, 6.3], "texture": "#3"}
			}
		},
		{
			"from": [7.8, 6.8, 11.7],
			"to": [8.2, 7.7, 18],
			"faces": {
				"north": {"uv": [0, 0, 0.4, 0.9], "texture": "#3"},
				"east": {"uv": [0, 0, 6.3, 0.9], "texture": "#3"},
				"south": {"uv": [0, 0, 0.4, 0.9], "texture": "#3"},
				"west": {"uv": [0, 0, 6.3, 0.9], "texture": "#3"},
				"up": {"uv": [0, 0, 0.4, 6.3], "texture": "#3"},
				"down": {"uv": [0, 0, 0.4, 6.3], "texture": "#3"}
			}
		},
		{
			"from": [7.7, 6.9, 11.7],
			"to": [8.3, 7.6, 18],
			"faces": {
				"north": {"uv": [0, 0, 0.6, 0.7], "texture": "#3"},
				"east": {"uv": [0, 0, 6.3, 0.7], "texture": "#3"},
				"south": {"uv": [0, 0, 0.6, 0.7], "texture": "#3"},
				"west": {"uv": [0, 0, 6.3, 0.7], "texture": "#3"},
				"up": {"uv": [0, 0, 0.6, 6.3], "texture": "#3"},
				"down": {"uv": [0, 0, 0.6, 6.3], "texture": "#3"}
			}
		},
		{
			"from": [7.7, 6.9, 11.7],
			"to": [8.3, 7.6, 18],
			"faces": {
				"north": {"uv": [0, 0, 0.6, 0.7], "texture": "#3"},
				"east": {"uv": [0, 0, 6.3, 0.7], "texture": "#3"},
				"south": {"uv": [0, 0, 0.6, 0.7], "texture": "#3"},
				"west": {"uv": [0, 0, 6.3, 0.7], "texture": "#3"},
				"up": {"uv": [0, 0, 0.6, 6.3], "texture": "#3"},
				"down": {"uv": [0, 0, 0.6, 6.3], "texture": "#3"}
			}
		},
		{
			"from": [7.6, 7, 11.7],
			"to": [8.4, 7.5, 18],
			"faces": {
				"north": {"uv": [0, 0, 0.8, 0.5], "texture": "#3"},
				"east": {"uv": [0, 0, 6.3, 0.5], "texture": "#3"},
				"south": {"uv": [0, 0, 0.8, 0.5], "texture": "#3"},
				"west": {"uv": [0, 0, 6.3, 0.5], "texture": "#3"},
				"up": {"uv": [0, 0, 0.8, 6.3], "texture": "#3"},
				"down": {"uv": [0, 0, 0.8, 6.3], "texture": "#3"}
			}
		},
		{
			"from": [7.6, 7, 11.7],
			"to": [8.4, 7.5, 18],
			"faces": {
				"north": {"uv": [0, 0, 0.8, 0.5], "texture": "#3"},
				"east": {"uv": [0, 0, 6.3, 0.5], "texture": "#3"},
				"south": {"uv": [0, 0, 0.8, 0.5], "texture": "#3"},
				"west": {"uv": [0, 0, 6.3, 0.5], "texture": "#3"},
				"up": {"uv": [0, 0, 0.8, 6.3], "texture": "#3"},
				"down": {"uv": [0, 0, 0.8, 6.3], "texture": "#3"}
			}
		},
		{
			"from": [7.8, 6.7, 11.7],
			"to": [8.2, 6.8, 14.7],
			"faces": {
				"north": {"uv": [0, 0, 0.4, 0.1], "texture": "#3"},
				"east": {"uv": [0, 0, 3, 0.1], "texture": "#3"},
				"south": {"uv": [0, 0, 0.4, 0.1], "texture": "#3"},
				"west": {"uv": [0, 0, 3, 0.1], "texture": "#3"},
				"up": {"uv": [0, 0, 0.4, 3], "texture": "#3"},
				"down": {"uv": [0, 0, 0.4, 3], "texture": "#3"}
			}
		},
		{
			"from": [7.8, 6.7, 11.7],
			"to": [8.2, 6.8, 14.7],
			"faces": {
				"north": {"uv": [0, 0, 0.4, 0.1], "texture": "#3"},
				"east": {"uv": [0, 0, 3, 0.1], "texture": "#3"},
				"south": {"uv": [0, 0, 0.4, 0.1], "texture": "#3"},
				"west": {"uv": [0, 0, 3, 0.1], "texture": "#3"},
				"up": {"uv": [0, 0, 0.4, 3], "texture": "#3"},
				"down": {"uv": [0, 0, 0.4, 3], "texture": "#3"}
			}
		},
		{
			"from": [7.8, 4.8, 17.5],
			"to": [8.2, 7.7, 18.2],
			"faces": {
				"north": {"uv": [0, 0, 0.4, 2.9], "texture": "#3"},
				"east": {"uv": [0, 0, 0.7, 2.9], "texture": "#3"},
				"south": {"uv": [0, 0, 0.4, 2.9], "texture": "#3"},
				"west": {"uv": [0, 0, 0.7, 2.9], "texture": "#3"},
				"up": {"uv": [0, 0, 0.4, 0.7], "texture": "#3"},
				"down": {"uv": [0, 0, 0.4, 0.7], "texture": "#3"}
			}
		},
		{
			"from": [7.8, 4.8, 17.5],
			"to": [8.2, 7.7, 18.2],
			"faces": {
				"north": {"uv": [0, 0, 0.4, 2.9], "texture": "#3"},
				"east": {"uv": [0, 0, 0.7, 2.9], "texture": "#3"},
				"south": {"uv": [0, 0, 0.4, 2.9], "texture": "#3"},
				"west": {"uv": [0, 0, 0.7, 2.9], "texture": "#3"},
				"up": {"uv": [0, 0, 0.4, 0.7], "texture": "#3"},
				"down": {"uv": [0, 0, 0.4, 0.7], "texture": "#3"}
			}
		},
		{
			"from": [7.7, 4.8, 17.6],
			"to": [8.3, 7.7, 18.1],
			"faces": {
				"north": {"uv": [0, 0, 0.6, 2.9], "texture": "#3"},
				"east": {"uv": [0, 0, 0.5, 2.9], "texture": "#3"},
				"south": {"uv": [0, 0, 0.6, 2.9], "texture": "#3"},
				"west": {"uv": [0, 0, 0.5, 2.9], "texture": "#3"},
				"up": {"uv": [0, 0, 0.6, 0.5], "texture": "#3"},
				"down": {"uv": [0, 0, 0.6, 0.5], "texture": "#3"}
			}
		},
		{
			"from": [7.7, 4.8, 17.6],
			"to": [8.3, 7.7, 18.1],
			"faces": {
				"north": {"uv": [0, 0, 0.6, 2.9], "texture": "#3"},
				"east": {"uv": [0, 0, 0.5, 2.9], "texture": "#3"},
				"south": {"uv": [0, 0, 0.6, 2.9], "texture": "#3"},
				"west": {"uv": [0, 0, 0.5, 2.9], "texture": "#3"},
				"up": {"uv": [0, 0, 0.6, 0.5], "texture": "#3"},
				"down": {"uv": [0, 0, 0.6, 0.5], "texture": "#3"}
			}
		},
		{
			"from": [7.6, 4.8, 17.7],
			"to": [8.4, 7.7, 18],
			"faces": {
				"north": {"uv": [0, 0, 0.8, 2.9], "texture": "#3"},
				"east": {"uv": [0, 0, 0.3, 2.9], "texture": "#3"},
				"south": {"uv": [0, 0, 0.8, 2.9], "texture": "#3"},
				"west": {"uv": [0, 0, 0.3, 2.9], "texture": "#3"},
				"up": {"uv": [0, 0, 0.8, 0.3], "texture": "#3"},
				"down": {"uv": [0, 0, 0.8, 0.3], "texture": "#3"}
			}
		},
		{
			"from": [7.6, 4.8, 17.7],
			"to": [8.4, 7.7, 18],
			"faces": {
				"north": {"uv": [0, 0, 0.8, 2.9], "texture": "#3"},
				"east": {"uv": [0, 0, 0.3, 2.9], "texture": "#3"},
				"south": {"uv": [0, 0, 0.8, 2.9], "texture": "#3"},
				"west": {"uv": [0, 0, 0.3, 2.9], "texture": "#3"},
				"up": {"uv": [0, 0, 0.8, 0.3], "texture": "#3"},
				"down": {"uv": [0, 0, 0.8, 0.3], "texture": "#3"}
			}
		},
		{
			"from": [7.8, 6.9, 18.2],
			"to": [8.2, 7.6, 18.3],
			"faces": {
				"north": {"uv": [0, 0, 0.4, 0.7], "texture": "#3"},
				"east": {"uv": [0, 0, 0.1, 0.7], "texture": "#3"},
				"south": {"uv": [0, 0, 0.4, 0.7], "texture": "#3"},
				"west": {"uv": [0, 0, 0.1, 0.7], "texture": "#3"},
				"up": {"uv": [0, 0, 0.4, 0.1], "texture": "#3"},
				"down": {"uv": [0, 0, 0.4, 0.1], "texture": "#3"}
			}
		},
		{
			"from": [7.8, 6.9, 18.2],
			"to": [8.2, 7.6, 18.3],
			"faces": {
				"north": {"uv": [0, 0, 0.4, 0.7], "texture": "#3"},
				"east": {"uv": [0, 0, 0.1, 0.7], "texture": "#3"},
				"south": {"uv": [0, 0, 0.4, 0.7], "texture": "#3"},
				"west": {"uv": [0, 0, 0.1, 0.7], "texture": "#3"},
				"up": {"uv": [0, 0, 0.4, 0.1], "texture": "#3"},
				"down": {"uv": [0, 0, 0.4, 0.1], "texture": "#3"}
			}
		},
		{
			"from": [7.8, 4.9, 18.2],
			"to": [8.2, 5.6, 18.3],
			"faces": {
				"north": {"uv": [0, 0, 0.4, 0.7], "texture": "#3"},
				"east": {"uv": [0, 0, 0.1, 0.7], "texture": "#3"},
				"south": {"uv": [0, 0, 0.4, 0.7], "texture": "#3"},
				"west": {"uv": [0, 0, 0.1, 0.7], "texture": "#3"},
				"up": {"uv": [0, 0, 0.4, 0.1], "texture": "#3"},
				"down": {"uv": [0, 0, 0.4, 0.1], "texture": "#3"}
			}
		},
		{
			"from": [7.8, 4.9, 18.2],
			"to": [8.2, 5.6, 18.3],
			"faces": {
				"north": {"uv": [0, 0, 0.4, 0.7], "texture": "#3"},
				"east": {"uv": [0, 0, 0.1, 0.7], "texture": "#3"},
				"south": {"uv": [0, 0, 0.4, 0.7], "texture": "#3"},
				"west": {"uv": [0, 0, 0.1, 0.7], "texture": "#3"},
				"up": {"uv": [0, 0, 0.4, 0.1], "texture": "#3"},
				"down": {"uv": [0, 0, 0.4, 0.1], "texture": "#3"}
			}
		},
		{
			"from": [7.8, 4.9, 18.3],
			"to": [8.2, 5.5, 18.4],
			"faces": {
				"north": {"uv": [0, 0, 0.4, 0.6], "texture": "#3"},
				"east": {"uv": [0, 0, 0.1, 0.6], "texture": "#3"},
				"south": {"uv": [0, 0, 0.4, 0.6], "texture": "#3"},
				"west": {"uv": [0, 0, 0.1, 0.6], "texture": "#3"},
				"up": {"uv": [0, 0, 0.4, 0.1], "texture": "#3"},
				"down": {"uv": [0, 0, 0.4, 0.1], "texture": "#3"}
			}
		},
		{
			"from": [7.8, 4.9, 18.3],
			"to": [8.2, 5.5, 18.4],
			"faces": {
				"north": {"uv": [0, 0, 0.4, 0.6], "texture": "#3"},
				"east": {"uv": [0, 0, 0.1, 0.6], "texture": "#3"},
				"south": {"uv": [0, 0, 0.4, 0.6], "texture": "#3"},
				"west": {"uv": [0, 0, 0.1, 0.6], "texture": "#3"},
				"up": {"uv": [0, 0, 0.4, 0.1], "texture": "#3"},
				"down": {"uv": [0, 0, 0.4, 0.1], "texture": "#3"}
			}
		},
		{
			"from": [7.8, 7, 18.3],
			"to": [8.2, 7.6, 18.4],
			"faces": {
				"north": {"uv": [0, 0, 0.4, 0.6], "texture": "#3"},
				"east": {"uv": [0, 0, 0.1, 0.6], "texture": "#3"},
				"south": {"uv": [0, 0, 0.4, 0.6], "texture": "#3"},
				"west": {"uv": [0, 0, 0.1, 0.6], "texture": "#3"},
				"up": {"uv": [0, 0, 0.4, 0.1], "texture": "#3"},
				"down": {"uv": [0, 0, 0.4, 0.1], "texture": "#3"}
			}
		},
		{
			"from": [7.8, 7, 18.3],
			"to": [8.2, 7.6, 18.4],
			"faces": {
				"north": {"uv": [0, 0, 0.4, 0.6], "texture": "#3"},
				"east": {"uv": [0, 0, 0.1, 0.6], "texture": "#3"},
				"south": {"uv": [0, 0, 0.4, 0.6], "texture": "#3"},
				"west": {"uv": [0, 0, 0.1, 0.6], "texture": "#3"},
				"up": {"uv": [0, 0, 0.4, 0.1], "texture": "#3"},
				"down": {"uv": [0, 0, 0.4, 0.1], "texture": "#3"}
			}
		},
		{
			"from": [7.8, 6.2, 12.9],
			"to": [8.2, 7.1, 17.9],
			"rotation": {"angle": 22.5, "axis": "x", "origin": [8, 6.25, 14.2]},
			"faces": {
				"north": {"uv": [0, 0, 0.4, 0.9], "texture": "#3"},
				"east": {"uv": [0, 0, 5, 0.9], "texture": "#3"},
				"south": {"uv": [0, 0, 0.4, 0.9], "texture": "#3"},
				"west": {"uv": [0, 0, 5, 0.9], "texture": "#3"},
				"up": {"uv": [0, 0, 0.4, 5], "texture": "#3"},
				"down": {"uv": [0, 0, 0.4, 5], "texture": "#3"}
			}
		},
		{
			"from": [7.8, 6.2, 12.9],
			"to": [8.2, 7.1, 17.9],
			"rotation": {"angle": 22.5, "axis": "x", "origin": [8, 6.25, 14.2]},
			"faces": {
				"north": {"uv": [0, 0, 0.4, 0.9], "texture": "#3"},
				"east": {"uv": [0, 0, 5, 0.9], "texture": "#3"},
				"south": {"uv": [0, 0, 0.4, 0.9], "texture": "#3"},
				"west": {"uv": [0, 0, 5, 0.9], "texture": "#3"},
				"up": {"uv": [0, 0, 0.4, 5], "texture": "#3"},
				"down": {"uv": [0, 0, 0.4, 5], "texture": "#3"}
			}
		},
		{
			"from": [7.7, 6.3, 12.5],
			"to": [8.3, 7, 17.9],
			"rotation": {"angle": 22.5, "axis": "x", "origin": [8, 6.25, 14.2]},
			"faces": {
				"north": {"uv": [0, 0, 0.6, 0.7], "texture": "#3"},
				"east": {"uv": [0, 0, 5.4, 0.7], "texture": "#3"},
				"south": {"uv": [0, 0, 0.6, 0.7], "texture": "#3"},
				"west": {"uv": [0, 0, 5.4, 0.7], "texture": "#3"},
				"up": {"uv": [0, 0, 0.6, 5.4], "texture": "#3"},
				"down": {"uv": [0, 0, 0.6, 5.4], "texture": "#3"}
			}
		},
		{
			"from": [7.7, 6.3, 12.5],
			"to": [8.3, 7, 17.9],
			"rotation": {"angle": 22.5, "axis": "x", "origin": [8, 6.25, 14.2]},
			"faces": {
				"north": {"uv": [0, 0, 0.6, 0.7], "texture": "#3"},
				"east": {"uv": [0, 0, 5.4, 0.7], "texture": "#3"},
				"south": {"uv": [0, 0, 0.6, 0.7], "texture": "#3"},
				"west": {"uv": [0, 0, 5.4, 0.7], "texture": "#3"},
				"up": {"uv": [0, 0, 0.6, 5.4], "texture": "#3"},
				"down": {"uv": [0, 0, 0.6, 5.4], "texture": "#3"}
			}
		},
		{
			"from": [7.6, 6.4, 12.5],
			"to": [8.4, 6.9, 17.9],
			"rotation": {"angle": 22.5, "axis": "x", "origin": [8, 6.25, 14.2]},
			"faces": {
				"north": {"uv": [0, 0, 0.8, 0.5], "texture": "#3"},
				"east": {"uv": [0, 0, 5.4, 0.5], "texture": "#3"},
				"south": {"uv": [0, 0, 0.8, 0.5], "texture": "#3"},
				"west": {"uv": [0, 0, 5.4, 0.5], "texture": "#3"},
				"up": {"uv": [0, 0, 0.8, 5.4], "texture": "#3"},
				"down": {"uv": [0, 0, 0.8, 5.4], "texture": "#3"}
			}
		},
		{
			"from": [7.6, 6.4, 12.5],
			"to": [8.4, 6.9, 17.9],
			"rotation": {"angle": 22.5, "axis": "x", "origin": [8, 6.25, 14.2]},
			"faces": {
				"north": {"uv": [0, 0, 0.8, 0.5], "texture": "#3"},
				"east": {"uv": [0, 0, 5.4, 0.5], "texture": "#3"},
				"south": {"uv": [0, 0, 0.8, 0.5], "texture": "#3"},
				"west": {"uv": [0, 0, 5.4, 0.5], "texture": "#3"},
				"up": {"uv": [0, 0, 0.8, 5.4], "texture": "#3"},
				"down": {"uv": [0, 0, 0.8, 5.4], "texture": "#3"}
			}
		},
		{
			"from": [7.5, 6.9, 5.5],
			"to": [8.5, 8.1, 11.7],
			"faces": {
				"north": {"uv": [0, 0, 1, 1.2], "texture": "#3"},
				"east": {"uv": [0, 0, 6.2, 1.2], "texture": "#3"},
				"south": {"uv": [0, 0, 1, 1.2], "texture": "#3"},
				"west": {"uv": [0, 0, 6.2, 1.2], "texture": "#3"},
				"up": {"uv": [0, 0, 1, 6.2], "texture": "#3"},
				"down": {"uv": [0, 0, 1, 6.2], "texture": "#3"}
			}
		},
		{
			"from": [7.9, 7.1, 4.8],
			"to": [8.1, 7.4, 5.5],
			"faces": {
				"north": {"uv": [0, 0, 0.2, 0.3], "texture": "#3"},
				"east": {"uv": [0, 0, 0.7, 0.3], "texture": "#3"},
				"south": {"uv": [0, 0, 0.2, 0.3], "texture": "#3"},
				"west": {"uv": [0, 0, 0.7, 0.3], "texture": "#3"},
				"up": {"uv": [0, 0, 0.2, 0.7], "texture": "#3"},
				"down": {"uv": [0, 0, 0.2, 0.7], "texture": "#3"}
			}
		},
		{
			"from": [7.6, 6.8, 5.5],
			"to": [8.4, 8.2, 11.7],
			"faces": {
				"north": {"uv": [0, 0, 0.8, 1.4], "texture": "#3"},
				"east": {"uv": [0, 0, 6.2, 1.4], "texture": "#3"},
				"south": {"uv": [0, 0, 0.8, 1.4], "texture": "#3"},
				"west": {"uv": [0, 0, 6.2, 1.4], "texture": "#3"},
				"up": {"uv": [0, 0, 0.8, 6.2], "texture": "#3"},
				"down": {"uv": [0, 0, 0.8, 6.2], "texture": "#3"}
			}
		},
		{
			"from": [7.7, 8.2, 11.3],
			"to": [8.3, 8.5, 11.7],
			"faces": {
				"north": {"uv": [0, 0, 0.6, 0.3], "texture": "#3"},
				"east": {"uv": [0, 0, 0.4, 0.3], "texture": "#3"},
				"south": {"uv": [0, 0, 0.6, 0.3], "texture": "#3"},
				"west": {"uv": [0, 0, 0.4, 0.3], "texture": "#3"},
				"up": {"uv": [0, 0, 0.6, 0.4], "texture": "#3"},
				"down": {"uv": [0, 0, 0.6, 0.4], "texture": "#3"}
			}
		},
		{
			"from": [7.7, 8.2, 5.5],
			"to": [8.3, 8.5, 5.9],
			"faces": {
				"north": {"uv": [0, 0, 0.6, 0.3], "texture": "#3"},
				"east": {"uv": [0, 0, 0.4, 0.3], "texture": "#3"},
				"south": {"uv": [0, 0, 0.6, 0.3], "texture": "#3"},
				"west": {"uv": [0, 0, 0.4, 0.3], "texture": "#3"},
				"up": {"uv": [0, 0, 0.6, 0.4], "texture": "#3"},
				"down": {"uv": [0, 0, 0.6, 0.4], "texture": "#3"}
			}
		},
		{
			"from": [7.7, 9.1, 5.5],
			"to": [8.3, 9.2, 5.9],
			"faces": {
				"north": {"uv": [0, 0, 0.6, 0.1], "texture": "#3"},
				"east": {"uv": [0, 0, 0.4, 0.1], "texture": "#3"},
				"south": {"uv": [0, 0, 0.6, 0.1], "texture": "#3"},
				"west": {"uv": [0, 0, 0.4, 0.1], "texture": "#3"},
				"up": {"uv": [0, 0, 0.6, 0.4], "texture": "#3"},
				"down": {"uv": [0, 0, 0.6, 0.4], "texture": "#3"}
			}
		},
		{
			"from": [7.7, 8.5, 5.5],
			"to": [7.8, 8.6, 5.9],
			"faces": {
				"north": {"uv": [0, 0, 0.1, 0.1], "texture": "#3"},
				"east": {"uv": [0, 0, 0.4, 0.1], "texture": "#3"},
				"south": {"uv": [0, 0, 0.1, 0.1], "texture": "#3"},
				"west": {"uv": [0, 0, 0.4, 0.1], "texture": "#3"},
				"up": {"uv": [0, 0, 0.1, 0.4], "texture": "#3"},
				"down": {"uv": [0, 0, 0.1, 0.4], "texture": "#3"}
			}
		},
		{
			"from": [7.6, 8.6, 5.5],
			"to": [7.7, 8.7, 5.9],
			"faces": {
				"north": {"uv": [0, 0, 0.1, 0.1], "texture": "#3"},
				"east": {"uv": [0, 0, 0.4, 0.1], "texture": "#3"},
				"south": {"uv": [0, 0, 0.1, 0.1], "texture": "#3"},
				"west": {"uv": [0, 0, 0.4, 0.1], "texture": "#3"},
				"up": {"uv": [0, 0, 0.1, 0.4], "texture": "#3"},
				"down": {"uv": [0, 0, 0.1, 0.4], "texture": "#3"}
			}
		},
		{
			"from": [7.6, 9, 5.5],
			"to": [7.7, 9.1, 5.9],
			"faces": {
				"north": {"uv": [0, 0, 0.1, 0.1], "texture": "#3"},
				"east": {"uv": [0, 0, 0.4, 0.1], "texture": "#3"},
				"south": {"uv": [0, 0, 0.1, 0.1], "texture": "#3"},
				"west": {"uv": [0, 0, 0.4, 0.1], "texture": "#3"},
				"up": {"uv": [0, 0, 0.1, 0.4], "texture": "#3"},
				"down": {"uv": [0, 0, 0.1, 0.4], "texture": "#3"}
			}
		},
		{
			"from": [8.3, 8.6, 5.5],
			"to": [8.4, 8.7, 5.9],
			"faces": {
				"north": {"uv": [0, 0, 0.1, 0.1], "texture": "#3"},
				"east": {"uv": [0, 0, 0.4, 0.1], "texture": "#3"},
				"south": {"uv": [0, 0, 0.1, 0.1], "texture": "#3"},
				"west": {"uv": [0, 0, 0.4, 0.1], "texture": "#3"},
				"up": {"uv": [0, 0, 0.1, 0.4], "texture": "#3"},
				"down": {"uv": [0, 0, 0.1, 0.4], "texture": "#3"}
			}
		},
		{
			"from": [8.3, 9, 5.5],
			"to": [8.4, 9.1, 5.9],
			"faces": {
				"north": {"uv": [0, 0, 0.1, 0.1], "texture": "#3"},
				"east": {"uv": [0, 0, 0.4, 0.1], "texture": "#3"},
				"south": {"uv": [0, 0, 0.1, 0.1], "texture": "#3"},
				"west": {"uv": [0, 0, 0.4, 0.1], "texture": "#3"},
				"up": {"uv": [0, 0, 0.1, 0.4], "texture": "#3"},
				"down": {"uv": [0, 0, 0.1, 0.4], "texture": "#3"}
			}
		},
		{
			"from": [7.5, 8.7, 5.5],
			"to": [7.6, 9, 5.9],
			"faces": {
				"north": {"uv": [0, 0, 0.1, 0.3], "texture": "#3"},
				"east": {"uv": [0, 0, 0.4, 0.3], "texture": "#3"},
				"south": {"uv": [0, 0, 0.1, 0.3], "texture": "#3"},
				"west": {"uv": [0, 0, 0.4, 0.3], "texture": "#3"},
				"up": {"uv": [0, 0, 0.1, 0.4], "texture": "#3"},
				"down": {"uv": [0, 0, 0.1, 0.4], "texture": "#3"}
			}
		},
		{
			"from": [8.4, 8.7, 5.5],
			"to": [8.5, 9, 5.9],
			"faces": {
				"north": {"uv": [0, 0, 0.1, 0.3], "texture": "#3"},
				"east": {"uv": [0, 0, 0.4, 0.3], "texture": "#3"},
				"south": {"uv": [0, 0, 0.1, 0.3], "texture": "#3"},
				"west": {"uv": [0, 0, 0.4, 0.3], "texture": "#3"},
				"up": {"uv": [0, 0, 0.1, 0.4], "texture": "#3"},
				"down": {"uv": [0, 0, 0.1, 0.4], "texture": "#3"}
			}
		},
		{
			"from": [8.2, 8.5, 5.5],
			"to": [8.3, 8.6, 5.9],
			"faces": {
				"north": {"uv": [0, 0, 0.1, 0.1], "texture": "#3"},
				"east": {"uv": [0, 0, 0.4, 0.1], "texture": "#3"},
				"south": {"uv": [0, 0, 0.1, 0.1], "texture": "#3"},
				"west": {"uv": [0, 0, 0.4, 0.1], "texture": "#3"},
				"up": {"uv": [0, 0, 0.1, 0.4], "texture": "#3"},
				"down": {"uv": [0, 0, 0.1, 0.4], "texture": "#3"}
			}
		},
		{
			"from": [8.2, 8.5, 11.3],
			"to": [8.3, 8.7, 11.7],
			"faces": {
				"north": {"uv": [0, 0, 0.1, 0.2], "texture": "#3"},
				"east": {"uv": [0, 0, 0.4, 0.2], "texture": "#3"},
				"south": {"uv": [0, 0, 0.1, 0.2], "texture": "#3"},
				"west": {"uv": [0, 0, 0.4, 0.2], "texture": "#3"},
				"up": {"uv": [0, 0, 0.1, 0.4], "texture": "#3"},
				"down": {"uv": [0, 0, 0.1, 0.4], "texture": "#3"}
			}
		},
		{
			"from": [7.7, 8.5, 11.3],
			"to": [7.8, 8.7, 11.7],
			"faces": {
				"north": {"uv": [0, 0, 0.1, 0.2], "texture": "#3"},
				"east": {"uv": [0, 0, 0.4, 0.2], "texture": "#3"},
				"south": {"uv": [0, 0, 0.1, 0.2], "texture": "#3"},
				"west": {"uv": [0, 0, 0.4, 0.2], "texture": "#3"},
				"up": {"uv": [0, 0, 0.1, 0.4], "texture": "#3"},
				"down": {"uv": [0, 0, 0.1, 0.4], "texture": "#3"}
			}
		},
		{
			"from": [7.6, 6.1, 7.6],
			"to": [8.4, 6.9, 11.7],
			"faces": {
				"north": {"uv": [0, 0, 0.8, 0.8], "texture": "#3"},
				"east": {"uv": [0, 0, 4.1, 0.8], "texture": "#3"},
				"south": {"uv": [0, 0, 0.8, 0.8], "texture": "#3"},
				"west": {"uv": [0, 0, 4.1, 0.8], "texture": "#3"},
				"up": {"uv": [0, 0, 0.8, 4.1], "texture": "#3"},
				"down": {"uv": [0, 0, 0.8, 4.1], "texture": "#3"}
			}
		},
		{
			"from": [7.7, 6.6, 5.9],
			"to": [8.3, 6.9, 6.8],
			"faces": {
				"north": {"uv": [0, 0, 0.6, 0.3], "texture": "#3"},
				"east": {"uv": [0, 0, 0.9, 0.3], "texture": "#3"},
				"south": {"uv": [0, 0, 0.6, 0.3], "texture": "#3"},
				"west": {"uv": [0, 0, 0.9, 0.3], "texture": "#3"},
				"up": {"uv": [0, 0, 0.6, 0.9], "texture": "#3"},
				"down": {"uv": [0, 0, 0.6, 0.9], "texture": "#3"}
			}
		},
		{
			"from": [7.8, 6.5, 5.5],
			"to": [8.2, 6.9, 5.6],
			"faces": {
				"north": {"uv": [0, 0, 0.4, 0.4], "texture": "#3"},
				"east": {"uv": [0, 0, 0.1, 0.4], "texture": "#3"},
				"south": {"uv": [0, 0, 0.4, 0.4], "texture": "#3"},
				"west": {"uv": [0, 0, 0.1, 0.4], "texture": "#3"},
				"up": {"uv": [0, 0, 0.4, 0.1], "texture": "#3"},
				"down": {"uv": [0, 0, 0.4, 0.1], "texture": "#3"}
			}
		},
		{
			"from": [7.8, 5.4, 6.1],
			"to": [8.2, 6.6, 6.6],
			"faces": {
				"north": {"uv": [0, 0, 0.4, 1.2], "texture": "#3"},
				"east": {"uv": [0, 0, 0.5, 1.2], "texture": "#3"},
				"south": {"uv": [0, 0, 0.4, 1.2], "texture": "#3"},
				"west": {"uv": [0, 0, 0.5, 1.2], "texture": "#3"},
				"up": {"uv": [0, 0, 0.4, 0.5], "texture": "#3"},
				"down": {"uv": [0, 0, 0.4, 0.5], "texture": "#3"}
			}
		},
		{
			"from": [7.7, 4, 7.7],
			"to": [8.3, 6.2, 8.3],
			"rotation": {"angle": 22.5, "axis": "x", "origin": [8, 5.7, 8.1]},
			"faces": {
				"north": {"uv": [0, 0, 0.6, 2.2], "texture": "#3"},
				"east": {"uv": [0, 0, 0.6, 2.2], "texture": "#3"},
				"south": {"uv": [0, 0, 0.6, 2.2], "texture": "#3"},
				"west": {"uv": [0, 0, 0.6, 2.2], "texture": "#3"},
				"up": {"uv": [0, 0, 0.6, 0.6], "texture": "#3"},
				"down": {"uv": [0, 0, 0.6, 0.6], "texture": "#3"}
			}
		},
		{
			"from": [7.6, 6.1, 7.6],
			"to": [8.4, 6.9, 11.7],
			"faces": {
				"north": {"uv": [0, 0, 0.8, 0.8], "texture": "#3"},
				"east": {"uv": [0, 0, 4.1, 0.8], "texture": "#3"},
				"south": {"uv": [0, 0, 0.8, 0.8], "texture": "#3"},
				"west": {"uv": [0, 0, 4.1, 0.8], "texture": "#3"},
				"up": {"uv": [0, 0, 0.8, 4.1], "texture": "#3"},
				"down": {"uv": [0, 0, 0.8, 4.1], "texture": "#3"}
			}
		},
		{
			"from": [7.6, 5.445, 9.2],
			"to": [8.4, 5.545, 10.5],
			"faces": {
				"north": {"uv": [0, 0, 0.8, 0.1], "texture": "#3"},
				"east": {"uv": [0, 0, 1.3, 0.1], "texture": "#3"},
				"south": {"uv": [0, 0, 0.8, 0.1], "texture": "#3"},
				"west": {"uv": [0, 0, 1.3, 0.1], "texture": "#3"},
				"up": {"uv": [0, 0, 0.8, 1.3], "texture": "#3"},
				"down": {"uv": [0, 0, 0.8, 1.3], "texture": "#3"}
			}
		},
		{
			"from": [7.6, 5.445, 9.2],
			"to": [8.4, 5.545, 10.5],
			"faces": {
				"north": {"uv": [0, 0, 0.8, 0.1], "texture": "#3"},
				"east": {"uv": [0, 0, 1.3, 0.1], "texture": "#3"},
				"south": {"uv": [0, 0, 0.8, 0.1], "texture": "#3"},
				"west": {"uv": [0, 0, 1.3, 0.1], "texture": "#3"},
				"up": {"uv": [0, 0, 0.8, 1.3], "texture": "#3"},
				"down": {"uv": [0, 0, 0.8, 1.3], "texture": "#3"}
			}
		},
		{
			"from": [7.6, 5.645, 9],
			"to": [8.4, 5.745, 9.1],
			"faces": {
				"north": {"uv": [0, 0, 0.8, 0.1], "texture": "#3"},
				"east": {"uv": [0, 0, 0.1, 0.1], "texture": "#3"},
				"south": {"uv": [0, 0, 0.8, 0.1], "texture": "#3"},
				"west": {"uv": [0, 0, 0.1, 0.1], "texture": "#3"},
				"up": {"uv": [0, 0, 0.8, 0.1], "texture": "#3"},
				"down": {"uv": [0, 0, 0.8, 0.1], "texture": "#3"}
			}
		},
		{
			"from": [7.6, 5.645, 9],
			"to": [8.4, 5.745, 9.1],
			"faces": {
				"north": {"uv": [0, 0, 0.8, 0.1], "texture": "#3"},
				"east": {"uv": [0, 0, 0.1, 0.1], "texture": "#3"},
				"south": {"uv": [0, 0, 0.8, 0.1], "texture": "#3"},
				"west": {"uv": [0, 0, 0.1, 0.1], "texture": "#3"},
				"up": {"uv": [0, 0, 0.8, 0.1], "texture": "#3"},
				"down": {"uv": [0, 0, 0.8, 0.1], "texture": "#3"}
			}
		},
		{
			"from": [7.6, 5.745, 8.9],
			"to": [8.4, 5.845, 9],
			"faces": {
				"north": {"uv": [0, 0, 0.8, 0.1], "texture": "#3"},
				"east": {"uv": [0, 0, 0.1, 0.1], "texture": "#3"},
				"south": {"uv": [0, 0, 0.8, 0.1], "texture": "#3"},
				"west": {"uv": [0, 0, 0.1, 0.1], "texture": "#3"},
				"up": {"uv": [0, 0, 0.8, 0.1], "texture": "#3"},
				"down": {"uv": [0, 0, 0.8, 0.1], "texture": "#3"}
			}
		},
		{
			"from": [7.6, 5.745, 8.9],
			"to": [8.4, 5.845, 9],
			"faces": {
				"north": {"uv": [0, 0, 0.8, 0.1], "texture": "#3"},
				"east": {"uv": [0, 0, 0.1, 0.1], "texture": "#3"},
				"south": {"uv": [0, 0, 0.8, 0.1], "texture": "#3"},
				"west": {"uv": [0, 0, 0.1, 0.1], "texture": "#3"},
				"up": {"uv": [0, 0, 0.8, 0.1], "texture": "#3"},
				"down": {"uv": [0, 0, 0.8, 0.1], "texture": "#3"}
			}
		},
		{
			"from": [7.6, 5.845, 8.8],
			"to": [8.4, 5.945, 8.9],
			"faces": {
				"north": {"uv": [0, 0, 0.8, 0.1], "texture": "#3"},
				"east": {"uv": [0, 0, 0.1, 0.1], "texture": "#3"},
				"south": {"uv": [0, 0, 0.8, 0.1], "texture": "#3"},
				"west": {"uv": [0, 0, 0.1, 0.1], "texture": "#3"},
				"up": {"uv": [0, 0, 0.8, 0.1], "texture": "#3"},
				"down": {"uv": [0, 0, 0.8, 0.1], "texture": "#3"}
			}
		},
		{
			"from": [7.6, 5.845, 8.8],
			"to": [8.4, 5.945, 8.9],
			"faces": {
				"north": {"uv": [0, 0, 0.8, 0.1], "texture": "#3"},
				"east": {"uv": [0, 0, 0.1, 0.1], "texture": "#3"},
				"south": {"uv": [0, 0, 0.8, 0.1], "texture": "#3"},
				"west": {"uv": [0, 0, 0.1, 0.1], "texture": "#3"},
				"up": {"uv": [0, 0, 0.8, 0.1], "texture": "#3"},
				"down": {"uv": [0, 0, 0.8, 0.1], "texture": "#3"}
			}
		},
		{
			"from": [7.6, 5.945, 8.7],
			"to": [8.4, 6.045, 8.8],
			"faces": {
				"north": {"uv": [0, 0, 0.8, 0.1], "texture": "#3"},
				"east": {"uv": [0, 0, 0.1, 0.1], "texture": "#3"},
				"south": {"uv": [0, 0, 0.8, 0.1], "texture": "#3"},
				"west": {"uv": [0, 0, 0.1, 0.1], "texture": "#3"},
				"up": {"uv": [0, 0, 0.8, 0.1], "texture": "#3"},
				"down": {"uv": [0, 0, 0.8, 0.1], "texture": "#3"}
			}
		},
		{
			"from": [7.6, 6.045, 8.6],
			"to": [8.4, 6.145, 8.7],
			"faces": {
				"north": {"uv": [0, 0, 0.8, 0.1], "texture": "#3"},
				"east": {"uv": [0, 0, 0.1, 0.1], "texture": "#3"},
				"south": {"uv": [0, 0, 0.8, 0.1], "texture": "#3"},
				"west": {"uv": [0, 0, 0.1, 0.1], "texture": "#3"},
				"up": {"uv": [0, 0, 0.8, 0.1], "texture": "#3"},
				"down": {"uv": [0, 0, 0.8, 0.1], "texture": "#3"}
			}
		},
		{
			"from": [7.6, 5.945, 8.7],
			"to": [8.4, 6.045, 8.8],
			"faces": {
				"north": {"uv": [0, 0, 0.8, 0.1], "texture": "#3"},
				"east": {"uv": [0, 0, 0.1, 0.1], "texture": "#3"},
				"south": {"uv": [0, 0, 0.8, 0.1], "texture": "#3"},
				"west": {"uv": [0, 0, 0.1, 0.1], "texture": "#3"},
				"up": {"uv": [0, 0, 0.8, 0.1], "texture": "#3"},
				"down": {"uv": [0, 0, 0.8, 0.1], "texture": "#3"}
			}
		},
		{
			"from": [7.6, 5.545, 9.1],
			"to": [8.4, 5.645, 9.2],
			"faces": {
				"north": {"uv": [0, 0, 0.8, 0.1], "texture": "#3"},
				"east": {"uv": [0, 0, 0.1, 0.1], "texture": "#3"},
				"south": {"uv": [0, 0, 0.8, 0.1], "texture": "#3"},
				"west": {"uv": [0, 0, 0.1, 0.1], "texture": "#3"},
				"up": {"uv": [0, 0, 0.8, 0.1], "texture": "#3"},
				"down": {"uv": [0, 0, 0.8, 0.1], "texture": "#3"}
			}
		},
		{
			"from": [8, 5.745, 9.9],
			"to": [8.1, 5.945, 10],
			"rotation": {"angle": 0, "axis": "y", "origin": [8, 5.995, 9.85]},
			"faces": {
				"north": {"uv": [0, 0, 0.1, 0.2], "texture": "#3"},
				"east": {"uv": [0, 0, 0.1, 0.2], "texture": "#3"},
				"south": {"uv": [0, 0, 0.1, 0.2], "texture": "#3"},
				"west": {"uv": [0, 0, 0.1, 0.2], "texture": "#3"},
				"up": {"uv": [0, 0, 0.1, 0.1], "texture": "#3"},
				"down": {"uv": [0, 0, 0.1, 0.1], "texture": "#3"}
			}
		},
		{
			"from": [8, 5.645, 9.8],
			"to": [8.1, 5.745, 9.9],
			"rotation": {"angle": 0, "axis": "y", "origin": [8, 5.995, 9.85]},
			"faces": {
				"north": {"uv": [0, 0, 0.1, 0.1], "texture": "#3"},
				"east": {"uv": [0, 0, 0.1, 0.1], "texture": "#3"},
				"south": {"uv": [0, 0, 0.1, 0.1], "texture": "#3"},
				"west": {"uv": [0, 0, 0.1, 0.1], "texture": "#3"},
				"up": {"uv": [0, 0, 0.1, 0.1], "texture": "#3"},
				"down": {"uv": [0, 0, 0.1, 0.1], "texture": "#3"}
			}
		},
		{
			"from": [8, 5.945, 9.8],
			"to": [8.1, 6.145, 9.9],
			"rotation": {"angle": 0, "axis": "y", "origin": [8, 5.995, 9.85]},
			"faces": {
				"north": {"uv": [0, 0, 0.1, 0.2], "texture": "#3"},
				"east": {"uv": [0, 0, 0.1, 0.2], "texture": "#3"},
				"south": {"uv": [0, 0, 0.1, 0.2], "texture": "#3"},
				"west": {"uv": [0, 0, 0.1, 0.2], "texture": "#3"},
				"up": {"uv": [0, 0, 0.1, 0.1], "texture": "#3"},
				"down": {"uv": [0, 0, 0.1, 0.1], "texture": "#3"}
			}
		},
		{
			"from": [7.6, 5.545, 9.1],
			"to": [8.4, 5.645, 9.2],
			"faces": {
				"north": {"uv": [0, 0, 0.8, 0.1], "texture": "#3"},
				"east": {"uv": [0, 0, 0.1, 0.1], "texture": "#3"},
				"south": {"uv": [0, 0, 0.8, 0.1], "texture": "#3"},
				"west": {"uv": [0, 0, 0.1, 0.1], "texture": "#3"},
				"up": {"uv": [0, 0, 0.8, 0.1], "texture": "#3"},
				"down": {"uv": [0, 0, 0.8, 0.1], "texture": "#3"}
			}
		},
		{
			"from": [7.6, 4.6, 10.4],
			"to": [8.4, 6.3, 11],
			"rotation": {"angle": -22.5, "axis": "x", "origin": [8, 5.7, 10.5]},
			"faces": {
				"north": {"uv": [0, 0, 0.8, 1.7], "texture": "#3"},
				"east": {"uv": [0, 0, 0.6, 1.7], "texture": "#3"},
				"south": {"uv": [0, 0, 0.8, 1.7], "texture": "#3"},
				"west": {"uv": [0, 0, 0.6, 1.7], "texture": "#3"},
				"up": {"uv": [0, 0, 0.8, 0.6], "texture": "#3"},
				"down": {"uv": [0, 0, 0.8, 0.6], "texture": "#3"}
			}
		},
		{
			"from": [7.6, 4.6, 10.4],
			"to": [8.4, 6.3, 11],
			"rotation": {"angle": -22.5, "axis": "x", "origin": [8, 5.7, 10.5]},
			"faces": {
				"north": {"uv": [0, 0, 0.8, 1.7], "texture": "#3"},
				"east": {"uv": [0, 0, 0.6, 1.7], "texture": "#3"},
				"south": {"uv": [0, 0, 0.8, 1.7], "texture": "#3"},
				"west": {"uv": [0, 0, 0.6, 1.7], "texture": "#3"},
				"up": {"uv": [0, 0, 0.8, 0.6], "texture": "#3"},
				"down": {"uv": [0, 0, 0.8, 0.6], "texture": "#3"}
			}
		}
	],
	"display": {
		"thirdperson_righthand": {
			"translation": [-0.25, 1, -2.25]
		},
		"firstperson_righthand": {
			"rotation": [0, -2.5, 0],
			"translation": [0.75, 4.5, 2.5]
		},
		"ground": {
			"translation": [0, 1.5, 0]
		},
		"gui": {
			"rotation": [-3.25, -84, -8.25],
			"translation": [3, 2.25, 0],
			"scale": [1.58, 1.27922, 0.81]
		}
	}
}