{
	"credit": "Made with Blockbench",
	"textures": {
		"0": "items/h",
		"1": "items/sdsdd",
		"particle": "items/h"
	},
	"elements": [
		{
			"from": [6.5, 10.6, -9.5],
			"to": [7.3, 11.9, 3.5],
			"rotation": {"angle": 0, "axis": "y", "origin": [8, 8, 15.1]},
			"faces": {
				"north": {"uv": [0, 0, 0.8, 1.3], "texture": "#1"},
				"east": {"uv": [0, 0, 13, 1.3], "texture": "#1"},
				"south": {"uv": [0, 0, 0.8, 1.3], "texture": "#missing"},
				"west": {"uv": [0, 0, 13, 1.3], "texture": "#1"},
				"up": {"uv": [0, 0, 0.8, 13], "texture": "#1"},
				"down": {"uv": [0, 0, 0.8, 13], "texture": "#1"}
			}
		},
		{
			"from": [6.5, 9.5, 14.6],
			"to": [8.5, 12.5, 19.6],
			"rotation": {"angle": 22.5, "axis": "x", "origin": [8, 8, 15.1]},
			"faces": {
				"north": {"uv": [0, 0, 2, 3], "rotation": 180, "texture": "#0"},
				"east": {"uv": [0, 0, 3, 5], "rotation": 90, "texture": "#0"},
				"south": {"uv": [0, 0, 2, 3], "texture": "#missing"},
				"west": {"uv": [0, 0, 3, 5], "rotation": 270, "texture": "#0"},
				"up": {"uv": [0, 0, 2, 5], "texture": "#0"},
				"down": {"uv": [0, 0, 2, 5], "rotation": 180, "texture": "#missing"}
			}
		},
		{
			"from": [6.5, 1.7, 17.1],
			"to": [8.5, 2.7, 18.1],
			"rotation": {"angle": -45, "axis": "x", "origin": [8, 8, 15.1]},
			"faces": {
				"north": {"uv": [0, 0, 2, 1], "texture": "#0"},
				"east": {"uv": [0, 0, 1, 1], "texture": "#0"},
				"south": {"uv": [0, 0, 2, 1], "texture": "#0"},
				"west": {"uv": [0, 0, 1, 1], "texture": "#0"},
				"up": {"uv": [0, 0, 2, 1], "texture": "#missing"},
				"down": {"uv": [0, 0, 2, 1], "texture": "#0"}
			}
		},
		{
			"from": [6.5, 7.5, 15.6],
			"to": [8.5, 9.5, 21.6],
			"rotation": {"angle": 22.5, "axis": "x", "origin": [8, 8, 15.1]},
			"faces": {
				"north": {"uv": [0, 0, 2, 2], "rotation": 180, "texture": "#missing"},
				"east": {"uv": [0, 0, 2, 6], "rotation": 90, "texture": "#0"},
				"south": {"uv": [0, 0, 2, 2], "texture": "#0"},
				"west": {"uv": [0, 0, 2, 6], "rotation": 270, "texture": "#0"},
				"up": {"uv": [0, 0, 2, 6], "texture": "#0"},
				"down": {"uv": [0, 0, 2, 6], "rotation": 180, "texture": "#0"}
			}
		},
		{
			"from": [6.5, 8, -3.65],
			"to": [8.5, 10.25, 2.6],
			"rotation": {"angle": 0, "axis": "y", "origin": [8, 8, 15.1]},
			"faces": {
				"north": {"uv": [0, 0, 2, 2.25], "texture": "#0"},
				"east": {"uv": [0, 0, 6.25, 2.25], "texture": "#0"},
				"south": {"uv": [0, 0, 2.25, 2], "rotation": 270, "texture": "#0"},
				"west": {"uv": [0, 0, 6.25, 2.25], "texture": "#0"},
				"up": {"uv": [0, 0, 2, 6.25], "texture": "#0"},
				"down": {"uv": [0, 0, 2, 6.25], "texture": "#0"}
			}
		},
		{
			"from": [6.5, 6.9, 14.6],
			"to": [8.5, 9.5, 15.6],
			"rotation": {"angle": 22.5, "axis": "x", "origin": [8, 8, 15.1]},
			"faces": {
				"north": {"uv": [0, 0, 2, 2.6], "texture": "#1"},
				"east": {"uv": [0, 0, 1, 2.6], "texture": "#0"},
				"south": {"uv": [0, 0, 2, 2.6], "texture": "#0"},
				"west": {"uv": [0, 0, 1, 2.6], "texture": "#0"},
				"up": {"uv": [0, 0, 2, 1], "texture": "#missing"},
				"down": {"uv": [0, 0, 2, 1], "texture": "#1"}
			}
		},
		{
			"from": [6.5, 9.8, 15.5],
			"to": [8.5, 10.5, 17.6],
			"rotation": {"angle": -45, "axis": "x", "origin": [8, 8, 15.1]},
			"faces": {
				"north": {"uv": [0, 0, 2, 0.7], "texture": "#missing"},
				"east": {"uv": [0, 0, 2.1, 0.7], "texture": "#0"},
				"south": {"uv": [0, 0, 2, 0.7], "texture": "#missing"},
				"west": {"uv": [0, 0, 2.1, 0.7], "texture": "#0"},
				"up": {"uv": [0, 0, 2, 2.1], "texture": "#missing"},
				"down": {"uv": [0, 0, 2, 2.1], "texture": "#missing"}
			}
		},
		{
			"from": [6.5, 9.5, 15.6],
			"to": [8.5, 11.5, 17.6],
			"rotation": {"angle": -22.5, "axis": "x", "origin": [8, 8, 15.1]},
			"faces": {
				"north": {"uv": [0, 0, 2, 2], "rotation": 180, "texture": "#missing"},
				"east": {"uv": [0, 0, 2, 2], "rotation": 270, "texture": "#0"},
				"south": {"uv": [0, 0, 2, 2], "texture": "#missing"},
				"west": {"uv": [0, 0, 2, 2], "rotation": 90, "texture": "#0"},
				"up": {"uv": [0, 0, 2, 2], "rotation": 180, "texture": "#0"},
				"down": {"uv": [0, 0, 2, 2], "texture": "#missing"}
			}
		},
		{
			"from": [6.5, 11.3, 15.8],
			"to": [8.5, 12.2, 16.8],
			"rotation": {"angle": 0, "axis": "z", "origin": [8, 8, 15.1]},
			"faces": {
				"north": {"uv": [0, 0, 2, 0.9], "texture": "#0"},
				"east": {"uv": [0, 0, 1, 0.9], "texture": "#0"},
				"south": {"uv": [0, 0, 2, 0.9], "texture": "#0"},
				"west": {"uv": [0, 0, 1, 0.9], "texture": "#0"},
				"up": {"uv": [0, 0, 2, 1], "texture": "#0"},
				"down": {"uv": [0, 0, 2, 1], "texture": "#missing"}
			}
		},
		{
			"from": [6.5, 7.7, 12.9],
			"to": [8.5, 12.2, 14.6],
			"rotation": {"angle": 0, "axis": "x", "origin": [8, 8, 15.1]},
			"faces": {
				"north": {"uv": [0, 0, 2, 4.5], "rotation": 180, "texture": "#missing"},
				"east": {"uv": [0, 0, 4.5, 1.7], "rotation": 90, "texture": "#0"},
				"south": {"uv": [0, 0, 2, 4.5], "texture": "#0"},
				"west": {"uv": [0, 0, 4.5, 1.7], "rotation": 270, "texture": "#0"},
				"up": {"uv": [0, 0, 2, 1.7], "texture": "#0"},
				"down": {"uv": [0, 0, 2, 1.7], "rotation": 180, "texture": "#0"}
			}
		},
		{
			"from": [6.5, 7.5, 14],
			"to": [8.5, 9.5, 17.6],
			"rotation": {"angle": -45, "axis": "x", "origin": [8, 8, 15.1]},
			"faces": {
				"north": {"uv": [0, 0, 2, 2], "texture": "#1"},
				"east": {"uv": [0, 0, 3.6, 2], "texture": "#0"},
				"south": {"uv": [0, 0, 2, 2], "texture": "#missing"},
				"west": {"uv": [0, 0, 3.6, 2], "texture": "#0"},
				"up": {"uv": [0, 0, 2, 3.6], "texture": "#missing"},
				"down": {"uv": [0, 0, 2, 3.6], "texture": "#1"}
			}
		},
		{
			"from": [6.5, 9.2, 3.5],
			"to": [8.5, 12.2, 12.9],
			"rotation": {"angle": 0, "axis": "x", "origin": [8, 8, 15.1]},
			"faces": {
				"north": {"uv": [0, 0, 2, 3], "rotation": 180, "texture": "#1"},
				"east": {"uv": [0, 0, 3, 9.4], "rotation": 90, "texture": "#1"},
				"south": {"uv": [0, 0, 2, 3], "texture": "#missing"},
				"west": {"uv": [0, 0, 3, 9.4], "rotation": 270, "texture": "#1"},
				"up": {"uv": [0, 0, 2, 9.4], "texture": "#1"},
				"down": {"uv": [0, 0, 2, 9.4], "rotation": 180, "texture": "#missing"}
			}
		},
		{
			"from": [6.5, 7.7, 3.5],
			"to": [8.5, 9.7, 12.9],
			"rotation": {"angle": 0, "axis": "y", "origin": [8, 8, 15.1]},
			"faces": {
				"north": {"uv": [0, 0, 2, 2], "rotation": 180, "texture": "#1"},
				"east": {"uv": [0, 0, 2, 9.4], "rotation": 90, "texture": "#1"},
				"south": {"uv": [0, 0, 2, 2], "texture": "#missing"},
				"west": {"uv": [0, 0, 2, 9.4], "rotation": 270, "texture": "#1"},
				"up": {"uv": [0, 0, 2, 9.4], "texture": "#missing"},
				"down": {"uv": [0, 0, 2, 9.4], "rotation": 180, "texture": "#1"}
			}
		},
		{
			"from": [7.7, 10.6, -9.6],
			"to": [8.5, 11.9, 3.6],
			"rotation": {"angle": 0, "axis": "y", "origin": [8, 8, 15.1]},
			"faces": {
				"north": {"uv": [0, 0, 0.8, 1.3], "texture": "#1"},
				"east": {"uv": [0, 0, 13.2, 1.3], "texture": "#1"},
				"south": {"uv": [0, 0, 0.8, 1.3], "texture": "#missing"},
				"west": {"uv": [0, 0, 13.2, 1.3], "texture": "#1"},
				"up": {"uv": [0, 0, 0.8, 13.2], "texture": "#1"},
				"down": {"uv": [0, 0, 0.8, 13.2], "texture": "#1"}
			}
		},
		{
			"from": [6.75, 8.25, -5.15],
			"to": [8.25, 9.75, 4.4],
			"rotation": {"angle": 0, "axis": "y", "origin": [8, 8, 15.1]},
			"faces": {
				"north": {"uv": [0, 0, 1.5, 1.5], "texture": "#1"},
				"east": {"uv": [0, 0, 9.55, 1.5], "texture": "#1"},
				"south": {"uv": [0, 0, 1.5, 1.5], "texture": "#missing"},
				"west": {"uv": [0, 0, 9.55, 1.5], "texture": "#1"},
				"up": {"uv": [0, 0, 1.5, 9.55], "texture": "#1"},
				"down": {"uv": [0, 0, 1.5, 9.55], "texture": "#1"}
			}
		},
		{
			"from": [7.35, 12.1, -9.65],
			"to": [7.65, 12.9, -9.05],
			"rotation": {"angle": 0, "axis": "y", "origin": [8, 8, 15.1]},
			"faces": {
				"north": {"uv": [0, 0, 0.3, 0.8], "texture": "#1"},
				"east": {"uv": [0, 0, 0.6, 0.8], "texture": "#1"},
				"south": {"uv": [0, 0, 0.3, 0.8], "texture": "#1"},
				"west": {"uv": [0, 0, 0.6, 0.8], "texture": "#1"},
				"up": {"uv": [0, 0, 0.3, 0.6], "texture": "#1"},
				"down": {"uv": [0, 0, 0.3, 0.6], "texture": "#missing"}
			}
		},
		{
			"from": [6.5, 5.5, 19.6],
			"to": [8.5, 10.5, 21.6],
			"rotation": {"angle": 0, "axis": "y", "origin": [8, 8, 15.1]},
			"faces": {
				"north": {"uv": [0, 0, 2, 5], "texture": "#0"},
				"east": {"uv": [0, 0, 2, 5], "texture": "#0"},
				"south": {"uv": [0, 0, 2, 5], "texture": "#0"},
				"west": {"uv": [0, 0, 2, 5], "texture": "#0"},
				"up": {"uv": [0, 0, 2, 2], "texture": "#0"},
				"down": {"uv": [0, 0, 2, 2], "texture": "#0"}
			}
		},
		{
			"from": [7.35, 11.1, -9.65],
			"to": [7.65, 12.25, -7.8],
			"rotation": {"angle": 0, "axis": "y", "origin": [8, 8, 15.1]},
			"faces": {
				"north": {"uv": [0, 0, 0.3, 1.15], "texture": "#1"},
				"east": {"uv": [0, 0, 1.85, 1.15], "texture": "#1"},
				"south": {"uv": [0, 0, 0.3, 1.15], "texture": "#1"},
				"west": {"uv": [0, 0, 1.85, 1.15], "texture": "#1"},
				"up": {"uv": [0, 0, 0.3, 1.85], "texture": "#1"},
				"down": {"uv": [0, 0, 0.3, 1.85], "texture": "#1"}
			}
		},
		{
			"from": [7.25, 5.7, 14.5],
			"to": [7.75, 7.5, 14.7],
			"rotation": {"angle": 45, "axis": "x", "origin": [8, 8, 15.1]},
			"faces": {
				"north": {"uv": [0, 0, 0.5, 1.8], "texture": "#1"},
				"east": {"uv": [0, 0, 0.2, 1.8], "texture": "#1"},
				"south": {"uv": [0, 0, 0.5, 1.8], "texture": "#1"},
				"west": {"uv": [0, 0, 0.2, 1.8], "texture": "#1"},
				"up": {"uv": [0, 0, 0.5, 0.2], "texture": "#missing"},
				"down": {"uv": [0, 0, 0.5, 0.2], "texture": "#1"}
			}
		},
		{
			"from": [7.25, 7, 12.35],
			"to": [7.75, 7.2, 14.6],
			"rotation": {"angle": -22.5, "axis": "x", "origin": [8, 8, 15.1]},
			"faces": {
				"north": {"uv": [0, 0, 0.5, 0.2], "rotation": 180, "texture": "#missing"},
				"east": {"uv": [0, 0, 0.2, 2.25], "rotation": 270, "texture": "#1"},
				"south": {"uv": [0, 0, 0.5, 0.2], "texture": "#missing"},
				"west": {"uv": [0, 0, 0.2, 2.25], "rotation": 90, "texture": "#1"},
				"up": {"uv": [0, 0, 0.5, 2.25], "rotation": 180, "texture": "#1"},
				"down": {"uv": [0, 0, 0.5, 2.25], "texture": "#1"}
			}
		},
		{
			"from": [7.25, 7, 12.3],
			"to": [7.75, 8.85, 12.5],
			"rotation": {"angle": -22.5, "axis": "x", "origin": [8, 8, 15.1]},
			"faces": {
				"north": {"uv": [0, 0, 0.5, 1.85], "rotation": 180, "texture": "#1"},
				"east": {"uv": [0, 0, 0.2, 1.85], "rotation": 180, "texture": "#1"},
				"south": {"uv": [0, 0, 0.5, 1.85], "rotation": 180, "texture": "#1"},
				"west": {"uv": [0, 0, 0.2, 1.85], "rotation": 180, "texture": "#1"},
				"up": {"uv": [0, 0, 0.5, 0.2], "texture": "#missing"},
				"down": {"uv": [0, 0, 0.5, 0.2], "texture": "#1"}
			}
		},
		{
			"from": [6.5, 9.5, 15.4],
			"to": [8.5, 11.5, 17.6],
			"rotation": {"angle": -45, "axis": "x", "origin": [8, 8, 15.1]},
			"faces": {
				"north": {"uv": [0, 0, 2, 2], "texture": "#missing"},
				"east": {"uv": [0, 0, 2.2, 2], "texture": "#0"},
				"south": {"uv": [0, 0, 2, 2], "texture": "#0"},
				"west": {"uv": [0, 0, 2.2, 2], "texture": "#0"},
				"up": {"uv": [0, 0, 2, 2.2], "texture": "#0"},
				"down": {"uv": [0, 0, 2, 2.2], "texture": "#missing"}
			}
		},
		{
			"from": [6.5, 7.7, 13.3],
			"to": [8.5, 10.5, 14.6],
			"rotation": {"angle": 0, "axis": "x", "origin": [8, 8, 15.1]},
			"faces": {
				"north": {"uv": [0, 0, 2, 2.8], "rotation": 180, "texture": "#missing"},
				"east": {"uv": [0, 0, 2.8, 1.3], "rotation": 90, "texture": "#0"},
				"south": {"uv": [0, 0, 2, 2.8], "texture": "#missing"},
				"west": {"uv": [0, 0, 2.8, 1.3], "rotation": 270, "texture": "#0"},
				"up": {"uv": [0, 0, 2, 1.3], "texture": "#missing"},
				"down": {"uv": [0, 0, 2, 1.3], "rotation": 180, "texture": "#1"}
			}
		}
	],
	"display": {
		"thirdperson_righthand": {
			"translation": [0.75, -0.75, -4],
			"scale": [0.7168, 0.67773, 0.75977]
		},
		"gui": {
			"rotation": [0, -90, 0],
			"translation": [-0.75, 0, 0],
			"scale": [1, 0.53906, 0.45]
		}
	}
}