{
	"credit": "Made with Blockbench",
	"textures": {
		"0": "items/black",
		"1": "items/brown",
		"2": "items/grrennn",
		"3": "items/texture",
		"particle": "items/black"
	},
	"elements": [
		{
			"from": [6.5, 6.5, 15.5],
			"to": [9.5, 9.5, 16.5],
			"faces": {
				"north": {"uv": [0, 0, 3, 3], "texture": "#0"},
				"east": {"uv": [0, 0, 1, 3], "texture": "#0"},
				"south": {"uv": [0, 0, 3, 3], "texture": "#0"},
				"west": {"uv": [0, 0, 1, 3], "texture": "#0"},
				"up": {"uv": [0, 0, 3, 1], "texture": "#0"},
				"down": {"uv": [0, 0, 3, 1], "texture": "#0"}
			}
		},
		{
			"from": [6.86224, 6.85, 14.2622],
			"to": [9.16224, 9.15, 16.2622],
			"rotation": {"angle": 0, "axis": "y", "origin": [8.01222, 7.98778, 14.99998]},
			"faces": {
				"north": {"uv": [0, 0, 2.3, 2.3], "texture": "#0"},
				"east": {"uv": [0, 0, 2, 2.3], "texture": "#0"},
				"south": {"uv": [0, 0, 2.3, 2.3], "texture": "#0"},
				"west": {"uv": [0, 0, 2, 2.3], "texture": "#0"},
				"up": {"uv": [0, 0, 2, 2.3], "rotation": 270, "texture": "#0"},
				"down": {"uv": [0, 0, 2, 2.3], "rotation": 90, "texture": "#0"}
			}
		},
		{
			"from": [7.11224, 7.1, 12.0122],
			"to": [8.91224, 8.9, 14.2622],
			"rotation": {"angle": 0, "axis": "y", "origin": [8.01222, 7.98778, 14.99998]},
			"faces": {
				"north": {"uv": [0, 0, 1.8, 1.8], "texture": "#0"},
				"east": {"uv": [0, 0, 2.25, 1.8], "texture": "#0"},
				"south": {"uv": [0, 0, 1.8, 1.8], "texture": "#0"},
				"west": {"uv": [0, 0, 2.25, 1.8], "texture": "#0"},
				"up": {"uv": [0, 0, 2.25, 1.8], "rotation": 270, "texture": "#0"},
				"down": {"uv": [0, 0, 2.25, 1.8], "rotation": 90, "texture": "#0"}
			}
		},
		{
			"from": [7.01224, 7, 11.5122],
			"to": [9.01224, 9, 11.7622],
			"rotation": {"angle": 0, "axis": "y", "origin": [8.01222, 7.98778, 14.99998]},
			"faces": {
				"north": {"uv": [0, 0, 2, 2], "texture": "#0"},
				"east": {"uv": [0, 0, 0.25, 2], "texture": "#0"},
				"south": {"uv": [0, 0, 2, 2], "texture": "#0"},
				"west": {"uv": [0, 0, 0.25, 2], "texture": "#0"},
				"up": {"uv": [0, 0, 0.25, 2], "rotation": 270, "texture": "#0"},
				"down": {"uv": [0, 0, 0.25, 2], "rotation": 90, "texture": "#0"}
			}
		},
		{
			"from": [7.01224, 7, 9.0122],
			"to": [9.01224, 9, 9.2622],
			"rotation": {"angle": 0, "axis": "y", "origin": [8.01222, 7.98778, 14.99998]},
			"faces": {
				"north": {"uv": [0, 0, 2, 2], "texture": "#0"},
				"east": {"uv": [0, 0, 0.25, 2], "texture": "#0"},
				"south": {"uv": [0, 0, 2, 2], "texture": "#0"},
				"west": {"uv": [0, 0, 0.25, 2], "texture": "#0"},
				"up": {"uv": [0, 0, 0.25, 2], "rotation": 270, "texture": "#0"},
				"down": {"uv": [0, 0, 0.25, 2], "rotation": 90, "texture": "#0"}
			}
		},
		{
			"from": [6.76224, 6.75, 6.0122],
			"to": [9.26224, 9.25, 6.2622],
			"rotation": {"angle": 0, "axis": "y", "origin": [8.01222, 7.98778, 14.99998]},
			"faces": {
				"north": {"uv": [0, 0, 2.5, 2.5], "texture": "#0"},
				"east": {"uv": [0, 0, 0.25, 2.5], "texture": "#0"},
				"south": {"uv": [0, 0, 2.5, 2.5], "texture": "#0"},
				"west": {"uv": [0, 0, 0.25, 2.5], "texture": "#0"},
				"up": {"uv": [0, 0, 0.25, 2.5], "rotation": 270, "texture": "#0"},
				"down": {"uv": [0, 0, 0.25, 2.5], "rotation": 90, "texture": "#0"}
			}
		},
		{
			"from": [6.91224, 6.9, 5.7622],
			"to": [9.11224, 9.1, 6.0122],
			"rotation": {"angle": 0, "axis": "y", "origin": [8.01222, 7.98778, 14.99998]},
			"faces": {
				"north": {"uv": [0, 0, 2.2, 2.2], "texture": "#0"},
				"east": {"uv": [0, 0, 0.25, 2.2], "texture": "#0"},
				"south": {"uv": [0, 0, 2.2, 2.2], "texture": "#0"},
				"west": {"uv": [0, 0, 0.25, 2.2], "texture": "#0"},
				"up": {"uv": [0, 0, 0.25, 2.2], "rotation": 270, "texture": "#0"},
				"down": {"uv": [0, 0, 0.25, 2.2], "rotation": 90, "texture": "#0"}
			}
		},
		{
			"from": [7.01224, 7, 3.3122],
			"to": [9.01224, 9, 5.7622],
			"rotation": {"angle": 0, "axis": "y", "origin": [8.01222, 7.98778, 14.99998]},
			"faces": {
				"north": {"uv": [0, 0, 2, 2], "texture": "#0"},
				"east": {"uv": [0, 0, 2.45, 2], "texture": "#0"},
				"south": {"uv": [0, 0, 2, 2], "texture": "#0"},
				"west": {"uv": [0, 0, 2.45, 2], "texture": "#0"},
				"up": {"uv": [0, 0, 2.45, 2], "rotation": 270, "texture": "#0"},
				"down": {"uv": [0, 0, 2.45, 2], "rotation": 90, "texture": "#0"}
			}
		},
		{
			"from": [7.11224, 7.1, 0.9122],
			"to": [8.91224, 8.9, 3.3622],
			"rotation": {"angle": 0, "axis": "y", "origin": [8.01222, 7.98778, 14.99998]},
			"faces": {
				"north": {"uv": [0, 0, 1.8, 1.8], "texture": "#0"},
				"east": {"uv": [0, 0, 2.45, 1.8], "texture": "#0"},
				"south": {"uv": [0, 0, 1.8, 1.8], "texture": "#0"},
				"west": {"uv": [0, 0, 2.45, 1.8], "texture": "#0"},
				"up": {"uv": [0, 0, 2.45, 1.8], "rotation": 270, "texture": "#0"},
				"down": {"uv": [0, 0, 2.45, 1.8], "rotation": 90, "texture": "#0"}
			}
		},
		{
			"from": [7.01224, 7, 0.5122],
			"to": [9.01224, 9, 0.9622],
			"rotation": {"angle": 0, "axis": "y", "origin": [8.01222, 7.98778, 14.99998]},
			"faces": {
				"north": {"uv": [0, 0, 2, 2], "texture": "#2"},
				"east": {"uv": [0, 0, 0.45, 2], "texture": "#2"},
				"south": {"uv": [0, 0, 2, 2], "texture": "#2"},
				"west": {"uv": [0, 0, 0.45, 2], "texture": "#2"},
				"up": {"uv": [0, 0, 0.45, 2], "rotation": 270, "texture": "#2"},
				"down": {"uv": [0, 0, 0.45, 2], "rotation": 90, "texture": "#2"}
			}
		},
		{
			"from": [7.01224, 7, -1.7378],
			"to": [9.01224, 9, -0.5378],
			"rotation": {"angle": 0, "axis": "y", "origin": [8.01222, 7.98778, 14.99998]},
			"faces": {
				"north": {"uv": [0, 0, 2, 2], "texture": "#2"},
				"east": {"uv": [0, 0, 1.2, 2], "texture": "#2"},
				"south": {"uv": [0, 0, 2, 2], "texture": "#2"},
				"west": {"uv": [0, 0, 1.2, 2], "texture": "#2"},
				"up": {"uv": [0, 0, 1.2, 2], "rotation": 270, "texture": "#2"},
				"down": {"uv": [0, 0, 1.2, 2], "rotation": 90, "texture": "#2"}
			}
		},
		{
			"from": [7.26224, 7.25, -2.6878],
			"to": [8.76224, 8.75, -1.7378],
			"rotation": {"angle": 0, "axis": "y", "origin": [8.01222, 7.98778, 14.99998]},
			"faces": {
				"north": {"uv": [0, 0, 1.5, 1.5], "texture": "#2"},
				"east": {"uv": [0, 0, 0.95, 1.5], "texture": "#2"},
				"south": {"uv": [0, 0, 1.5, 1.5], "texture": "#2"},
				"west": {"uv": [0, 0, 0.95, 1.5], "texture": "#2"},
				"up": {"uv": [0, 0, 0.95, 1.5], "rotation": 270, "texture": "#2"},
				"down": {"uv": [0, 0, 0.95, 1.5], "rotation": 90, "texture": "#2"}
			}
		},
		{
			"from": [7.36224, 7.35, -3.5878],
			"to": [8.66224, 8.65, -2.6378],
			"rotation": {"angle": 0, "axis": "y", "origin": [8.01222, 7.98778, 14.99998]},
			"faces": {
				"north": {"uv": [0, 0, 1.3, 1.3], "texture": "#2"},
				"east": {"uv": [0, 0, 0.95, 1.3], "texture": "#2"},
				"south": {"uv": [0, 0, 1.3, 1.3], "texture": "#2"},
				"west": {"uv": [0, 0, 0.95, 1.3], "texture": "#2"},
				"up": {"uv": [0, 0, 0.95, 1.3], "rotation": 270, "texture": "#2"},
				"down": {"uv": [0, 0, 0.95, 1.3], "rotation": 90, "texture": "#2"}
			}
		},
		{
			"from": [7.61224, 7.6, -4.4878],
			"to": [8.41224, 8.4, -3.5378],
			"rotation": {"angle": 0, "axis": "y", "origin": [8.01222, 7.98778, 14.99998]},
			"faces": {
				"north": {"uv": [0, 0, 0.8, 0.8], "texture": "#3"},
				"east": {"uv": [0, 0, 0.95, 0.8], "texture": "#2"},
				"south": {"uv": [0, 0, 0.8, 0.8], "texture": "#2"},
				"west": {"uv": [0, 0, 0.95, 0.8], "texture": "#2"},
				"up": {"uv": [0, 0, 0.95, 0.8], "rotation": 270, "texture": "#2"},
				"down": {"uv": [0, 0, 0.95, 0.8], "rotation": 90, "texture": "#2"}
			}
		},
		{
			"from": [6.91224, 6.9, 0.1122],
			"to": [9.11224, 9.1, 0.5622],
			"rotation": {"angle": 0, "axis": "y", "origin": [8.01222, 7.98778, 14.99998]},
			"faces": {
				"north": {"uv": [0, 0, 2.2, 2.2], "texture": "#2"},
				"east": {"uv": [0, 0, 0.45, 2.2], "texture": "#2"},
				"south": {"uv": [0, 0, 2.2, 2.2], "texture": "#2"},
				"west": {"uv": [0, 0, 0.45, 2.2], "texture": "#2"},
				"up": {"uv": [0, 0, 0.45, 2.2], "rotation": 270, "texture": "#2"},
				"down": {"uv": [0, 0, 0.45, 2.2], "rotation": 90, "texture": "#2"}
			}
		},
		{
			"from": [6.91224, 6.9, -1.3878],
			"to": [9.11224, 9.1, -0.1878],
			"rotation": {"angle": 0, "axis": "y", "origin": [8.01222, 7.98778, 14.99998]},
			"faces": {
				"north": {"uv": [0, 0, 2.2, 2.2], "texture": "#2"},
				"east": {"uv": [0, 0, 1.2, 2.2], "texture": "#2"},
				"south": {"uv": [0, 0, 2.2, 2.2], "texture": "#2"},
				"west": {"uv": [0, 0, 1.2, 2.2], "texture": "#2"},
				"up": {"uv": [0, 0, 1.2, 2.2], "rotation": 270, "texture": "#2"},
				"down": {"uv": [0, 0, 1.2, 2.2], "rotation": 90, "texture": "#2"}
			}
		},
		{
			"from": [6.81224, 6.8, -1.0378],
			"to": [9.21224, 9.2, 0.1622],
			"rotation": {"angle": 0, "axis": "y", "origin": [8.01222, 7.98778, 14.99998]},
			"faces": {
				"north": {"uv": [0, 0, 2.4, 2.4], "texture": "#2"},
				"east": {"uv": [0, 0, 1.2, 2.4], "texture": "#2"},
				"south": {"uv": [0, 0, 2.4, 2.4], "texture": "#2"},
				"west": {"uv": [0, 0, 1.2, 2.4], "texture": "#2"},
				"up": {"uv": [0, 0, 1.2, 2.4], "rotation": 270, "texture": "#2"},
				"down": {"uv": [0, 0, 1.2, 2.4], "rotation": 90, "texture": "#2"}
			}
		},
		{
			"from": [7.01224, 7, 12.0122],
			"to": [9.01224, 9, 12.2622],
			"rotation": {"angle": 0, "axis": "y", "origin": [8.01222, 7.98778, 14.99998]},
			"faces": {
				"north": {"uv": [0, 0, 2, 2], "texture": "#0"},
				"east": {"uv": [0, 0, 0.25, 2], "texture": "#0"},
				"south": {"uv": [0, 0, 2, 2], "texture": "#0"},
				"west": {"uv": [0, 0, 0.25, 2], "texture": "#0"},
				"up": {"uv": [0, 0, 0.25, 2], "rotation": 270, "texture": "#0"},
				"down": {"uv": [0, 0, 0.25, 2], "rotation": 90, "texture": "#0"}
			}
		},
		{
			"from": [7.11224, 7.1, 9.2622],
			"to": [8.91224, 8.9, 12.0122],
			"rotation": {"angle": 0, "axis": "y", "origin": [8.01222, 7.98778, 14.99998]},
			"faces": {
				"north": {"uv": [0, 0, 1.8, 1.8], "texture": "#1"},
				"east": {"uv": [0, 0, 2.75, 1.8], "texture": "#1"},
				"south": {"uv": [0, 0, 1.8, 1.8], "texture": "#1"},
				"west": {"uv": [0, 0, 2.75, 1.8], "texture": "#1"},
				"up": {"uv": [0, 0, 2.75, 1.8], "rotation": 270, "texture": "#1"},
				"down": {"uv": [0, 0, 2.75, 1.8], "rotation": 90, "texture": "#1"}
			}
		},
		{
			"from": [6.86224, 6.85, 6.2622],
			"to": [9.16224, 9.15, 9.0122],
			"rotation": {"angle": 0, "axis": "y", "origin": [8.01222, 7.98778, 14.99998]},
			"faces": {
				"north": {"uv": [0, 0, 2.3, 2.3], "texture": "#1"},
				"east": {"uv": [0, 0, 2.75, 2.3], "texture": "#1"},
				"south": {"uv": [0, 0, 2.3, 2.3], "texture": "#1"},
				"west": {"uv": [0, 0, 2.75, 2.3], "texture": "#1"},
				"up": {"uv": [0, 0, 2.75, 2.3], "rotation": 270, "texture": "#1"},
				"down": {"uv": [0, 0, 2.75, 2.3], "rotation": 90, "texture": "#1"}
			}
		},
		{
			"from": [7.61224, 4.7, 4.7622],
			"to": [8.41224, 7, 5.2622],
			"rotation": {"angle": 0, "axis": "y", "origin": [8.01222, 7.98778, 14.99998]},
			"faces": {
				"north": {"uv": [0, 0, 0.8, 2.3], "texture": "#1"},
				"east": {"uv": [0, 0, 0.5, 2.3], "texture": "#1"},
				"south": {"uv": [0, 0, 0.8, 2.3], "texture": "#1"},
				"west": {"uv": [0, 0, 0.5, 2.3], "texture": "#1"},
				"up": {"uv": [0, 0, 0.5, 0.8], "rotation": 270, "texture": "#1"},
				"down": {"uv": [0, 0, 0.5, 0.8], "rotation": 90, "texture": "#1"}
			}
		},
		{
			"from": [7.61224, 4.95, 1.7622],
			"to": [8.41224, 7.25, 2.2622],
			"rotation": {"angle": 0, "axis": "y", "origin": [8.01222, 7.98778, 14.99998]},
			"faces": {
				"north": {"uv": [0, 0, 0.8, 2.3], "texture": "#1"},
				"east": {"uv": [0, 0, 0.5, 2.3], "texture": "#1"},
				"south": {"uv": [0, 0, 0.8, 2.3], "texture": "#1"},
				"west": {"uv": [0, 0, 0.5, 2.3], "texture": "#1"},
				"up": {"uv": [0, 0, 0.5, 0.8], "rotation": 270, "texture": "#1"},
				"down": {"uv": [0, 0, 0.5, 0.8], "rotation": 90, "texture": "#1"}
			}
		}
	],
	"display": {
		"thirdperson_righthand": {
			"translation": [-0.25, 0.75, 2.5]
		},
		"firstperson_righthand": {
			"translation": [0.75, 1.25, 1.25]
		},
		"gui": {
			"rotation": [0, -90, 24.5],
			"translation": [-0.5, 0, 0],
			"scale": [1, 1, 0.63]
		}
	}
}