{
	"credit": "Made with Blockbench",
	"textures": {
		"0": "items/ak47a03",
		"particle": "items/ak47a03"
	},
	"elements": [
		{
			"from": [7.75, 6, 15.75],
			"to": [8.25, 7, 18.75],
			"faces": {
				"north": {"uv": [0, 0, 0.5, 1], "texture": "#0"},
				"east": {"uv": [0, 0, 3, 1], "texture": "#0"},
				"south": {"uv": [0, 0, 0.5, 1], "texture": "#0"},
				"west": {"uv": [0, 0, 3, 1], "texture": "#0"},
				"up": {"uv": [0, 0, 0.5, 3], "texture": "#0"},
				"down": {"uv": [0, 0, 0.5, 3], "texture": "#0"}
			}
		},
		{
			"from": [7.75, 7, 14.5],
			"to": [8.25, 7.75, 18.75],
			"faces": {
				"north": {"uv": [0, 0, 0.5, 0.75], "texture": "#0"},
				"east": {"uv": [0, 0, 4.25, 0.75], "texture": "#0"},
				"south": {"uv": [0, 0, 0.5, 0.75], "texture": "#0"},
				"west": {"uv": [0, 0, 4.25, 0.75], "texture": "#0"},
				"up": {"uv": [0, 0, 0.5, 4.25], "texture": "#0"},
				"down": {"uv": [0, 0, 0.5, 4.25], "texture": "#0"}
			}
		},
		{
			"from": [7.75, 7.3, 15],
			"to": [8.25, 8.75, 18.75],
			"faces": {
				"north": {"uv": [0, 0, 0.5, 1.45], "texture": "#0"},
				"east": {"uv": [0, 0, 3.75, 1.45], "texture": "#0"},
				"south": {"uv": [0, 0, 0.5, 1.45], "texture": "#0"},
				"west": {"uv": [0, 0, 3.75, 1.45], "texture": "#0"},
				"up": {"uv": [0, 0, 0.5, 3.75], "texture": "#0"},
				"down": {"uv": [0, 0, 0.5, 3.75], "texture": "#0"}
			}
		},
		{
			"from": [7.75, 7.35, 13.55],
			"to": [8.25, 8.05, 14.55],
			"rotation": {"angle": 22.5, "axis": "x", "origin": [8.01069, 7.3654, 13.49889]},
			"faces": {
				"north": {"uv": [0, 0, 0.5, 0.7], "texture": "#0"},
				"east": {"uv": [0, 0, 1, 0.7], "texture": "#0"},
				"south": {"uv": [0, 0, 0.5, 0.7], "texture": "#0"},
				"west": {"uv": [0, 0, 1, 0.7], "texture": "#0"},
				"up": {"uv": [0, 0, 0.5, 1], "texture": "#0"},
				"down": {"uv": [0, 0, 0.5, 1], "texture": "#0"}
			}
		},
		{
			"from": [7.75, 7.61318, 11.88192],
			"to": [8.25, 8.31318, 13.88192],
			"rotation": {"angle": 22.5, "axis": "x", "origin": [8.00902, 7.70466, 12.88141]},
			"faces": {
				"north": {"uv": [0, 0, 0.5, 0.7], "texture": "#0"},
				"east": {"uv": [0, 0, 2, 0.7], "texture": "#0"},
				"south": {"uv": [0, 0, 0.5, 0.7], "texture": "#0"},
				"west": {"uv": [0, 0, 2, 0.7], "texture": "#0"},
				"up": {"uv": [0, 0, 0.5, 2], "texture": "#0"},
				"down": {"uv": [0, 0, 0.5, 2], "texture": "#0"}
			}
		},
		{
			"from": [7.75, 7.61318, 5.13192],
			"to": [8.25, 9.31318, 12.88192],
			"rotation": {"angle": 0, "axis": "x", "origin": [8.01165, 7.45292, 14.13514]},
			"faces": {
				"north": {"uv": [0, 0, 0.5, 1.7], "texture": "#0"},
				"east": {"uv": [0, 0, 7.75, 1.7], "texture": "#0"},
				"south": {"uv": [0, 0, 0.5, 1.7], "texture": "#0"},
				"west": {"uv": [0, 0, 7.75, 1.7], "texture": "#0"},
				"up": {"uv": [0, 0, 0.5, 7.75], "texture": "#0"},
				"down": {"uv": [0, 0, 0.5, 7.75], "texture": "#0"}
			}
		},
		{
			"from": [7.75, 7.61318, 1.63192],
			"to": [8.25, 9.21318, 5.13192],
			"rotation": {"angle": 0, "axis": "x", "origin": [8.01165, 7.45292, 14.13514]},
			"faces": {
				"north": {"uv": [0, 0, 0.5, 1.6], "texture": "#0"},
				"east": {"uv": [0, 0, 3.5, 1.6], "texture": "#0"},
				"south": {"uv": [0, 0, 0.5, 1.6], "texture": "#0"},
				"west": {"uv": [0, 0, 3.5, 1.6], "texture": "#0"},
				"up": {"uv": [0, 0, 0.5, 3.5], "texture": "#0"},
				"down": {"uv": [0, 0, 0.5, 3.5], "texture": "#0"}
			}
		},
		{
			"from": [7.75, 5.36318, 6.13192],
			"to": [8.25, 8.71318, 7.63192],
			"rotation": {"angle": 22.5, "axis": "x", "origin": [7.9982, 6.91688, 5.88003]},
			"faces": {
				"north": {"uv": [0, 0, 0.5, 3.35], "texture": "#0"},
				"east": {"uv": [0, 0, 1.5, 3.35], "texture": "#0"},
				"south": {"uv": [0, 0, 0.5, 3.35], "texture": "#0"},
				"west": {"uv": [0, 0, 1.5, 3.35], "texture": "#0"},
				"up": {"uv": [0, 0, 0.5, 1.5], "texture": "#0"},
				"down": {"uv": [0, 0, 0.5, 1.5], "texture": "#0"}
			}
		},
		{
			"from": [7.75, 6.7065, 9.69909],
			"to": [8.25, 7.8065, 9.94909],
			"rotation": {"angle": 0, "axis": "x", "origin": [8.00492, 5.87896, 8.69613]},
			"faces": {
				"north": {"uv": [0, 0, 0.5, 1.1], "texture": "#0"},
				"east": {"uv": [0, 0, 0.25, 1.1], "texture": "#0"},
				"south": {"uv": [0, 0, 0.5, 1.1], "texture": "#0"},
				"west": {"uv": [0, 0, 0.25, 1.1], "texture": "#0"},
				"up": {"uv": [0, 0, 0.5, 0.25], "texture": "#0"},
				"down": {"uv": [0, 0, 0.5, 0.25], "texture": "#0"}
			}
		},
		{
			"from": [7.75, 6.7065, 11.19909],
			"to": [8.25, 7.8065, 11.44909],
			"rotation": {"angle": 0, "axis": "x", "origin": [8.00492, 5.87896, 8.69613]},
			"faces": {
				"north": {"uv": [0, 0, 0.5, 1.1], "texture": "#0"},
				"east": {"uv": [0, 0, 0.25, 1.1], "texture": "#0"},
				"south": {"uv": [0, 0, 0.5, 1.1], "texture": "#0"},
				"west": {"uv": [0, 0, 0.25, 1.1], "texture": "#0"},
				"up": {"uv": [0, 0, 0.5, 0.25], "texture": "#0"},
				"down": {"uv": [0, 0, 0.5, 0.25], "texture": "#0"}
			}
		},
		{
			"from": [7.85, 6.9565, 10.69909],
			"to": [8.05, 7.8065, 10.94909],
			"rotation": {"angle": 22.5, "axis": "x", "origin": [7.9571, 7.25061, 11.32287]},
			"faces": {
				"north": {"uv": [0, 0, 0.2, 0.85], "texture": "#0"},
				"east": {"uv": [0, 0, 0.25, 0.85], "texture": "#0"},
				"south": {"uv": [0, 0, 0.2, 0.85], "texture": "#0"},
				"west": {"uv": [0, 0, 0.25, 0.85], "texture": "#0"},
				"up": {"uv": [0, 0, 0.2, 0.25], "texture": "#0"},
				"down": {"uv": [0, 0, 0.2, 0.25], "texture": "#0"}
			}
		},
		{
			"from": [7.75, 6.7065, 9.69909],
			"to": [8.25, 6.8065, 11.44909],
			"rotation": {"angle": 0, "axis": "x", "origin": [8.00492, 5.87896, 8.69613]},
			"faces": {
				"north": {"uv": [0, 0, 0.5, 0.1], "texture": "#0"},
				"east": {"uv": [0, 0, 1.75, 0.1], "texture": "#0"},
				"south": {"uv": [0, 0, 0.5, 0.1], "texture": "#0"},
				"west": {"uv": [0, 0, 1.75, 0.1], "texture": "#0"},
				"up": {"uv": [0, 0, 0.5, 1.75], "texture": "#0"},
				"down": {"uv": [0, 0, 0.5, 1.75], "texture": "#0"}
			}
		},
		{
			"from": [7.75, 8.11318, -1.86808],
			"to": [8.25, 8.71318, 1.63192],
			"rotation": {"angle": 0, "axis": "x", "origin": [8.01165, 7.45292, 14.13514]},
			"faces": {
				"north": {"uv": [0, 0, 0.5, 0.6], "texture": "#0"},
				"east": {"uv": [0, 0, 3.5, 0.6], "texture": "#0"},
				"south": {"uv": [0, 0, 0.5, 0.6], "texture": "#0"},
				"west": {"uv": [0, 0, 3.5, 0.6], "texture": "#0"},
				"up": {"uv": [0, 0, 0.5, 3.5], "texture": "#0"},
				"down": {"uv": [0, 0, 0.5, 3.5], "texture": "#0"}
			}
		},
		{
			"from": [7.75, 8, 14.25],
			"to": [8.25, 8.75, 16.25],
			"rotation": {"angle": -22.5, "axis": "x", "origin": [8.01396, 8.48516, 16.50085]},
			"faces": {
				"north": {"uv": [0, 0, 0.5, 0.75], "texture": "#0"},
				"east": {"uv": [0, 0, 2, 0.75], "texture": "#0"},
				"south": {"uv": [0, 0, 0.5, 0.75], "texture": "#0"},
				"west": {"uv": [0, 0, 2, 0.75], "texture": "#0"},
				"up": {"uv": [0, 0, 0.5, 2], "texture": "#0"},
				"down": {"uv": [0, 0, 0.5, 2], "texture": "#0"}
			}
		}
	],
	"display": {
		"thirdperson_righthand": {
			"translation": [0, 0, -2.5]
		},
		"firstperson_righthand": {
			"rotation": [0, -13.25, 0],
			"translation": [1.75, 3.25, 0]
		},
		"gui": {
			"rotation": [0, -90, 0],
			"translation": [0.25, 0, 0],
			"scale": [1.16, 1.21, 0.67]
		}
	}
}