{
	"credit": "Made with Blockbench",
	"textures": {
		"0": "items/aug01",
		"1": "items/greay",
		"particle": "items/aug01"
	},
	"elements": [
		{
			"from": [7.6, 3.5, 16],
			"to": [8.4, 7.75, 16.5],
			"faces": {
				"north": {"uv": [0, 0, 0.8, 4.25], "texture": "#1"},
				"east": {"uv": [0, 0, 0.5, 4.25], "texture": "#1"},
				"south": {"uv": [0, 0, 0.8, 4.25], "texture": "#1"},
				"west": {"uv": [0, 0, 0.5, 4.25], "texture": "#1"},
				"up": {"uv": [0, 0, 0.8, 0.5], "texture": "#1"},
				"down": {"uv": [0, 0, 0.8, 0.5], "texture": "#1"}
			}
		},
		{
			"from": [7.6, 7.5, 11.25],
			"to": [8.4, 8.25, 16.5],
			"faces": {
				"north": {"uv": [0, 0, 0.8, 0.75], "texture": "#1"},
				"east": {"uv": [0, 0, 5.25, 0.75], "texture": "#1"},
				"south": {"uv": [0, 0, 0.8, 0.75], "texture": "#1"},
				"west": {"uv": [0, 0, 5.25, 0.75], "texture": "#1"},
				"up": {"uv": [0, 0, 0.8, 5.25], "texture": "#1"},
				"down": {"uv": [0, 0, 0.8, 5.25], "texture": "#1"}
			}
		},
		{
			"from": [7.5, 6.75, 10.25],
			"to": [8.5, 8.5, 13.5],
			"faces": {
				"north": {"uv": [0, 0, 1, 1.75], "texture": "#1"},
				"east": {"uv": [0, 0, 3.25, 1.75], "texture": "#1"},
				"south": {"uv": [0, 0, 1, 1.75], "texture": "#1"},
				"west": {"uv": [0, 0, 3.25, 1.75], "texture": "#1"},
				"up": {"uv": [0, 0, 1, 3.25], "texture": "#1"},
				"down": {"uv": [0, 0, 1, 3.25], "texture": "#1"}
			}
		},
		{
			"from": [7.5, 6.75, 7.25],
			"to": [8.5, 8.75, 10.25],
			"faces": {
				"north": {"uv": [0, 0, 1, 2], "texture": "#1"},
				"east": {"uv": [0, 0, 3, 2], "texture": "#1"},
				"south": {"uv": [0, 0, 1, 2], "texture": "#1"},
				"west": {"uv": [0, 0, 3, 2], "texture": "#1"},
				"up": {"uv": [0, 0, 1, 3], "texture": "#1"},
				"down": {"uv": [0, 0, 1, 3], "texture": "#1"}
			}
		},
		{
			"from": [7.5, 7, 4.25],
			"to": [8.5, 8.75, 7.25],
			"faces": {
				"north": {"uv": [0, 0, 1, 1.75], "texture": "#1"},
				"east": {"uv": [0, 0, 3, 1.75], "texture": "#1"},
				"south": {"uv": [0, 0, 1, 1.75], "texture": "#1"},
				"west": {"uv": [0, 0, 3, 1.75], "texture": "#1"},
				"up": {"uv": [0, 0, 1, 3], "texture": "#1"},
				"down": {"uv": [0, 0, 1, 3], "texture": "#1"}
			}
		},
		{
			"from": [7.8, 7.5, 3.25],
			"to": [8.25, 7.95, 4.25],
			"faces": {
				"north": {"uv": [0, 0, 0.45, 0.45], "texture": "#1"},
				"east": {"uv": [0, 0, 1, 0.45], "texture": "#1"},
				"south": {"uv": [0, 0, 0.45, 0.45], "texture": "#1"},
				"west": {"uv": [0, 0, 1, 0.45], "texture": "#1"},
				"up": {"uv": [0, 0, 0.45, 1], "texture": "#1"},
				"down": {"uv": [0, 0, 0.45, 1], "texture": "#1"}
			}
		},
		{
			"from": [7.8, 8.1, 3.9],
			"to": [8.25, 8.55, 4.25],
			"faces": {
				"north": {"uv": [0, 0, 0.45, 0.45], "texture": "#1"},
				"east": {"uv": [0, 0, 0.35, 0.45], "texture": "#1"},
				"south": {"uv": [0, 0, 0.45, 0.45], "texture": "#1"},
				"west": {"uv": [0, 0, 0.35, 0.45], "texture": "#1"},
				"up": {"uv": [0, 0, 0.45, 0.35], "texture": "#1"},
				"down": {"uv": [0, 0, 0.45, 0.35], "texture": "#1"}
			}
		},
		{
			"from": [7.7, 7.4, 1.95],
			"to": [8.45, 8.05, 3.25],
			"faces": {
				"north": {"uv": [0, 0, 0.75, 0.65], "texture": "#1"},
				"east": {"uv": [0, 0, 1.3, 0.65], "texture": "#1"},
				"south": {"uv": [0, 0, 0.75, 0.65], "texture": "#1"},
				"west": {"uv": [0, 0, 1.3, 0.65], "texture": "#1"},
				"up": {"uv": [0, 0, 0.75, 1.3], "texture": "#1"},
				"down": {"uv": [0, 0, 0.75, 1.3], "texture": "#1"}
			}
		},
		{
			"from": [7.75, 4.5, 10],
			"to": [8.25, 6.75, 11],
			"faces": {
				"north": {"uv": [0, 0, 0.5, 2.25], "texture": "#1"},
				"east": {"uv": [0, 0, 1, 2.25], "texture": "#1"},
				"south": {"uv": [0, 0, 0.5, 2.25], "texture": "#1"},
				"west": {"uv": [0, 0, 1, 2.25], "texture": "#1"},
				"up": {"uv": [0, 0, 0.5, 1], "texture": "#1"},
				"down": {"uv": [0, 0, 0.5, 1], "texture": "#1"}
			}
		},
		{
			"from": [7.75, 4.5, 7],
			"to": [8.25, 7, 8],
			"rotation": {"angle": 22.5, "axis": "x", "origin": [8.00415, 5.62501, 7.99585]},
			"faces": {
				"north": {"uv": [0, 0, 0.5, 2.5], "texture": "#0"},
				"east": {"uv": [0, 0, 1, 2.5], "texture": "#0"},
				"south": {"uv": [0, 0, 0.5, 2.5], "texture": "#0"},
				"west": {"uv": [0, 0, 1, 2.5], "texture": "#0"},
				"up": {"uv": [0, 0, 0.5, 1], "texture": "#0"},
				"down": {"uv": [0, 0, 0.5, 1], "texture": "#0"}
			}
		},
		{
			"from": [7.75, 6, 9],
			"to": [8.25, 6.25, 10],
			"faces": {
				"north": {"uv": [0, 0, 0.5, 0.25], "texture": "#1"},
				"east": {"uv": [0, 0, 1, 0.25], "texture": "#1"},
				"south": {"uv": [0, 0, 0.5, 0.25], "texture": "#1"},
				"west": {"uv": [0, 0, 1, 0.25], "texture": "#1"},
				"up": {"uv": [0, 0, 0.5, 1], "texture": "#1"},
				"down": {"uv": [0, 0, 0.5, 1], "texture": "#1"}
			}
		},
		{
			"from": [7.75, 6, 8.75],
			"to": [8.25, 6.75, 9],
			"faces": {
				"north": {"uv": [0, 0, 0.5, 0.75], "texture": "#1"},
				"east": {"uv": [0, 0, 0.25, 0.75], "texture": "#1"},
				"south": {"uv": [0, 0, 0.5, 0.75], "texture": "#1"},
				"west": {"uv": [0, 0, 0.25, 0.75], "texture": "#1"},
				"up": {"uv": [0, 0, 0.5, 0.25], "texture": "#1"},
				"down": {"uv": [0, 0, 0.5, 0.25], "texture": "#1"}
			}
		},
		{
			"from": [7.75, 8.75, 9.75],
			"to": [8.25, 9, 10],
			"faces": {
				"north": {"uv": [0, 0, 0.5, 0.25], "texture": "#1"},
				"east": {"uv": [0, 0, 0.25, 0.25], "texture": "#1"},
				"south": {"uv": [0, 0, 0.5, 0.25], "texture": "#1"},
				"west": {"uv": [0, 0, 0.25, 0.25], "texture": "#1"},
				"up": {"uv": [0, 0, 0.5, 0.25], "texture": "#1"},
				"down": {"uv": [0, 0, 0.5, 0.25], "texture": "#1"}
			}
		},
		{
			"from": [7.75, 8.75, 9.25],
			"to": [8.25, 9, 9.5],
			"faces": {
				"north": {"uv": [0, 0, 0.5, 0.25], "texture": "#1"},
				"east": {"uv": [0, 0, 0.25, 0.25], "texture": "#1"},
				"south": {"uv": [0, 0, 0.5, 0.25], "texture": "#1"},
				"west": {"uv": [0, 0, 0.25, 0.25], "texture": "#1"},
				"up": {"uv": [0, 0, 0.5, 0.25], "texture": "#1"},
				"down": {"uv": [0, 0, 0.5, 0.25], "texture": "#1"}
			}
		},
		{
			"from": [7.75, 8.75, 8.75],
			"to": [8.25, 9, 9],
			"faces": {
				"north": {"uv": [0, 0, 0.5, 0.25], "texture": "#1"},
				"east": {"uv": [0, 0, 0.25, 0.25], "texture": "#1"},
				"south": {"uv": [0, 0, 0.5, 0.25], "texture": "#1"},
				"west": {"uv": [0, 0, 0.25, 0.25], "texture": "#1"},
				"up": {"uv": [0, 0, 0.5, 0.25], "texture": "#1"},
				"down": {"uv": [0, 0, 0.5, 0.25], "texture": "#1"}
			}
		},
		{
			"from": [7.75, 8.75, 8.25],
			"to": [8.25, 9, 8.5],
			"faces": {
				"north": {"uv": [0, 0, 0.5, 0.25], "texture": "#1"},
				"east": {"uv": [0, 0, 0.25, 0.25], "texture": "#1"},
				"south": {"uv": [0, 0, 0.5, 0.25], "texture": "#1"},
				"west": {"uv": [0, 0, 0.25, 0.25], "texture": "#1"},
				"up": {"uv": [0, 0, 0.5, 0.25], "texture": "#1"},
				"down": {"uv": [0, 0, 0.5, 0.25], "texture": "#1"}
			}
		},
		{
			"from": [7.75, 8.75, 7.75],
			"to": [8.25, 9, 8],
			"faces": {
				"north": {"uv": [0, 0, 0.5, 0.25], "texture": "#1"},
				"east": {"uv": [0, 0, 0.25, 0.25], "texture": "#1"},
				"south": {"uv": [0, 0, 0.5, 0.25], "texture": "#1"},
				"west": {"uv": [0, 0, 0.25, 0.25], "texture": "#1"},
				"up": {"uv": [0, 0, 0.5, 0.25], "texture": "#1"},
				"down": {"uv": [0, 0, 0.5, 0.25], "texture": "#1"}
			}
		},
		{
			"from": [7.75, 8.75, 7.25],
			"to": [8.25, 9, 7.5],
			"faces": {
				"north": {"uv": [0, 0, 0.5, 0.25], "texture": "#1"},
				"east": {"uv": [0, 0, 0.25, 0.25], "texture": "#1"},
				"south": {"uv": [0, 0, 0.5, 0.25], "texture": "#1"},
				"west": {"uv": [0, 0, 0.25, 0.25], "texture": "#1"},
				"up": {"uv": [0, 0, 0.5, 0.25], "texture": "#1"},
				"down": {"uv": [0, 0, 0.5, 0.25], "texture": "#1"}
			}
		},
		{
			"from": [7.75, 8.75, 6.75],
			"to": [8.25, 9, 7],
			"faces": {
				"north": {"uv": [0, 0, 0.5, 0.25], "texture": "#1"},
				"east": {"uv": [0, 0, 0.25, 0.25], "texture": "#1"},
				"south": {"uv": [0, 0, 0.5, 0.25], "texture": "#1"},
				"west": {"uv": [0, 0, 0.25, 0.25], "texture": "#1"},
				"up": {"uv": [0, 0, 0.5, 0.25], "texture": "#1"},
				"down": {"uv": [0, 0, 0.5, 0.25], "texture": "#1"}
			}
		},
		{
			"from": [7.75, 8.75, 6.25],
			"to": [8.25, 9, 6.5],
			"faces": {
				"north": {"uv": [0, 0, 0.5, 0.25], "texture": "#1"},
				"east": {"uv": [0, 0, 0.25, 0.25], "texture": "#1"},
				"south": {"uv": [0, 0, 0.5, 0.25], "texture": "#1"},
				"west": {"uv": [0, 0, 0.25, 0.25], "texture": "#1"},
				"up": {"uv": [0, 0, 0.5, 0.25], "texture": "#1"},
				"down": {"uv": [0, 0, 0.5, 0.25], "texture": "#1"}
			}
		},
		{
			"from": [7.75, 8.75, 5.75],
			"to": [8.25, 9, 6],
			"faces": {
				"north": {"uv": [0, 0, 0.5, 0.25], "texture": "#1"},
				"east": {"uv": [0, 0, 0.25, 0.25], "texture": "#1"},
				"south": {"uv": [0, 0, 0.5, 0.25], "texture": "#1"},
				"west": {"uv": [0, 0, 0.25, 0.25], "texture": "#1"},
				"up": {"uv": [0, 0, 0.5, 0.25], "texture": "#1"},
				"down": {"uv": [0, 0, 0.5, 0.25], "texture": "#1"}
			}
		},
		{
			"from": [7.75, 8.75, 5.25],
			"to": [8.25, 9, 5.5],
			"faces": {
				"north": {"uv": [0, 0, 0.5, 0.25], "texture": "#1"},
				"east": {"uv": [0, 0, 0.25, 0.25], "texture": "#1"},
				"south": {"uv": [0, 0, 0.5, 0.25], "texture": "#1"},
				"west": {"uv": [0, 0, 0.25, 0.25], "texture": "#1"},
				"up": {"uv": [0, 0, 0.5, 0.25], "texture": "#1"},
				"down": {"uv": [0, 0, 0.5, 0.25], "texture": "#1"}
			}
		},
		{
			"from": [7.75, 8.75, 4.75],
			"to": [8.25, 9, 5],
			"faces": {
				"north": {"uv": [0, 0, 0.5, 0.25], "texture": "#1"},
				"east": {"uv": [0, 0, 0.25, 0.25], "texture": "#1"},
				"south": {"uv": [0, 0, 0.5, 0.25], "texture": "#1"},
				"west": {"uv": [0, 0, 0.25, 0.25], "texture": "#1"},
				"up": {"uv": [0, 0, 0.5, 0.25], "texture": "#1"},
				"down": {"uv": [0, 0, 0.5, 0.25], "texture": "#1"}
			}
		},
		{
			"from": [7.75, 8.75, 4.25],
			"to": [8.25, 9, 4.5],
			"faces": {
				"north": {"uv": [0, 0, 0.5, 0.25], "texture": "#1"},
				"east": {"uv": [0, 0, 0.25, 0.25], "texture": "#1"},
				"south": {"uv": [0, 0, 0.5, 0.25], "texture": "#1"},
				"west": {"uv": [0, 0, 0.25, 0.25], "texture": "#1"},
				"up": {"uv": [0, 0, 0.5, 0.25], "texture": "#1"},
				"down": {"uv": [0, 0, 0.5, 0.25], "texture": "#1"}
			}
		},
		{
			"from": [8.25, 8.9, 4.25],
			"to": [8.5, 9.15, 4.5],
			"faces": {
				"north": {"uv": [0, 0, 0.25, 0.25], "texture": "#1"},
				"east": {"uv": [0, 0, 0.25, 0.25], "texture": "#1"},
				"south": {"uv": [0, 0, 0.25, 0.25], "texture": "#1"},
				"west": {"uv": [0, 0, 0.25, 0.25], "texture": "#1"},
				"up": {"uv": [0, 0, 0.25, 0.25], "texture": "#1"},
				"down": {"uv": [0, 0, 0.25, 0.25], "texture": "#1"}
			}
		},
		{
			"from": [7.5, 8.9, 4.25],
			"to": [7.75, 9.15, 4.5],
			"faces": {
				"north": {"uv": [0, 0, 0.25, 0.25], "texture": "#1"},
				"east": {"uv": [0, 0, 0.25, 0.25], "texture": "#1"},
				"south": {"uv": [0, 0, 0.25, 0.25], "texture": "#1"},
				"west": {"uv": [0, 0, 0.25, 0.25], "texture": "#1"},
				"up": {"uv": [0, 0, 0.25, 0.25], "texture": "#1"},
				"down": {"uv": [0, 0, 0.25, 0.25], "texture": "#1"}
			}
		},
		{
			"from": [7.25, 7.25, 4.25],
			"to": [8.75, 8.5, 4.5],
			"faces": {
				"north": {"uv": [0, 0, 1.5, 1.25], "texture": "#1"},
				"east": {"uv": [0, 0, 0.25, 1.25], "texture": "#1"},
				"south": {"uv": [0, 0, 1.5, 1.25], "texture": "#1"},
				"west": {"uv": [0, 0, 0.25, 1.25], "texture": "#1"},
				"up": {"uv": [0, 0, 1.5, 0.25], "texture": "#1"},
				"down": {"uv": [0, 0, 1.5, 0.25], "texture": "#1"}
			}
		},
		{
			"from": [7.25, 7.25, 4.75],
			"to": [8.75, 8.5, 5],
			"faces": {
				"north": {"uv": [0, 0, 1.5, 1.25], "texture": "#1"},
				"east": {"uv": [0, 0, 0.25, 1.25], "texture": "#1"},
				"south": {"uv": [0, 0, 1.5, 1.25], "texture": "#1"},
				"west": {"uv": [0, 0, 0.25, 1.25], "texture": "#1"},
				"up": {"uv": [0, 0, 1.5, 0.25], "texture": "#1"},
				"down": {"uv": [0, 0, 1.5, 0.25], "texture": "#1"}
			}
		},
		{
			"from": [7.25, 7.25, 5.25],
			"to": [8.75, 8.5, 5.5],
			"faces": {
				"north": {"uv": [0, 0, 1.5, 1.25], "texture": "#1"},
				"east": {"uv": [0, 0, 0.25, 1.25], "texture": "#1"},
				"south": {"uv": [0, 0, 1.5, 1.25], "texture": "#1"},
				"west": {"uv": [0, 0, 0.25, 1.25], "texture": "#1"},
				"up": {"uv": [0, 0, 1.5, 0.25], "texture": "#1"},
				"down": {"uv": [0, 0, 1.5, 0.25], "texture": "#1"}
			}
		},
		{
			"from": [7.25, 7.25, 5.75],
			"to": [8.75, 8.5, 6],
			"faces": {
				"north": {"uv": [0, 0, 1.5, 1.25], "texture": "#1"},
				"east": {"uv": [0, 0, 0.25, 1.25], "texture": "#1"},
				"south": {"uv": [0, 0, 1.5, 1.25], "texture": "#1"},
				"west": {"uv": [0, 0, 0.25, 1.25], "texture": "#1"},
				"up": {"uv": [0, 0, 1.5, 0.25], "texture": "#1"},
				"down": {"uv": [0, 0, 1.5, 0.25], "texture": "#1"}
			}
		},
		{
			"from": [7.25, 7.25, 6.25],
			"to": [8.75, 8.5, 6.5],
			"faces": {
				"north": {"uv": [0, 0, 1.5, 1.25], "texture": "#1"},
				"east": {"uv": [0, 0, 0.25, 1.25], "texture": "#1"},
				"south": {"uv": [0, 0, 1.5, 1.25], "texture": "#1"},
				"west": {"uv": [0, 0, 0.25, 1.25], "texture": "#1"},
				"up": {"uv": [0, 0, 1.5, 0.25], "texture": "#1"},
				"down": {"uv": [0, 0, 1.5, 0.25], "texture": "#1"}
			}
		},
		{
			"from": [7.25, 7.25, 6.75],
			"to": [8.75, 8.5, 7],
			"faces": {
				"north": {"uv": [0, 0, 1.5, 1.25], "texture": "#1"},
				"east": {"uv": [0, 0, 0.25, 1.25], "texture": "#1"},
				"south": {"uv": [0, 0, 1.5, 1.25], "texture": "#1"},
				"west": {"uv": [0, 0, 0.25, 1.25], "texture": "#1"},
				"up": {"uv": [0, 0, 1.5, 0.25], "texture": "#1"},
				"down": {"uv": [0, 0, 1.5, 0.25], "texture": "#1"}
			}
		},
		{
			"from": [7.25, 7.25, 7.25],
			"to": [8.75, 8.5, 7.5],
			"faces": {
				"north": {"uv": [0, 0, 1.5, 1.25], "texture": "#1"},
				"east": {"uv": [0, 0, 0.25, 1.25], "texture": "#1"},
				"south": {"uv": [0, 0, 1.5, 1.25], "texture": "#1"},
				"west": {"uv": [0, 0, 0.25, 1.25], "texture": "#1"},
				"up": {"uv": [0, 0, 1.5, 0.25], "texture": "#1"},
				"down": {"uv": [0, 0, 1.5, 0.25], "texture": "#1"}
			}
		},
		{
			"from": [7.75, 6.5, 9.5],
			"to": [8, 6.75, 9.75],
			"faces": {
				"north": {"uv": [0, 0, 0.25, 0.25], "texture": "#1"},
				"east": {"uv": [0, 0, 0.25, 0.25], "texture": "#1"},
				"south": {"uv": [0, 0, 0.25, 0.25], "texture": "#1"},
				"west": {"uv": [0, 0, 0.25, 0.25], "texture": "#1"},
				"up": {"uv": [0, 0, 0.25, 0.25], "texture": "#1"},
				"down": {"uv": [0, 0, 0.25, 0.25], "texture": "#1"}
			}
		},
		{
			"from": [7.75, 4.75, 11],
			"to": [8.25, 6.75, 11.25],
			"faces": {
				"north": {"uv": [0, 0, 0.5, 2], "texture": "#1"},
				"east": {"uv": [0, 0, 0.25, 2], "texture": "#1"},
				"south": {"uv": [0, 0, 0.5, 2], "texture": "#1"},
				"west": {"uv": [0, 0, 0.25, 2], "texture": "#1"},
				"up": {"uv": [0, 0, 0.5, 0.25], "texture": "#1"},
				"down": {"uv": [0, 0, 0.5, 0.25], "texture": "#1"}
			}
		},
		{
			"from": [7.6, 3.61499, 14.32491],
			"to": [8.4, 8.26499, 14.82491],
			"rotation": {"angle": -45, "axis": "x", "origin": [8.01693, 5.6048, 15.31616]},
			"faces": {
				"north": {"uv": [0, 0, 0.8, 4.65], "texture": "#1"},
				"east": {"uv": [0, 0, 0.5, 4.65], "texture": "#1"},
				"south": {"uv": [0, 0, 0.8, 4.65], "texture": "#1"},
				"west": {"uv": [0, 0, 0.5, 4.65], "texture": "#1"},
				"up": {"uv": [0, 0, 0.8, 0.5], "texture": "#1"},
				"down": {"uv": [0, 0, 0.8, 0.5], "texture": "#1"}
			}
		}
	],
	"display": {
		"thirdperson_righthand": {
			"translation": [-1.25, 0.5, -1.5]
		},
		"firstperson_righthand": {
			"translation": [0, 2.75, 0.5]
		},
		"gui": {
			"rotation": [0, -90, 0],
			"translation": [1.5, 0, 0],
			"scale": [0.92, 0.92, 0.92]
		}
	}
}