{
	"credit": "Made with Blockbench",
	"textures": {
		"2": "items/glass",
		"4": "items/bbala",
		"5": "items/white",
		"6": "items/brown",
		"particle": "items/a01"
	},
	"elements": [
		{
			"from": [7.6, 7.5, 4],
			"to": [8.4, 8.5, 10.9],
			"rotation": {"angle": 0, "axis": "y", "origin": [8.00349, 7.99651, 9.99999]},
			"faces": {
				"north": {"uv": [0, 0, 0.8, 1], "texture": "#4"},
				"east": {"uv": [0, 0, 6.9, 1], "texture": "#4"},
				"south": {"uv": [0, 0, 0.8, 1], "texture": "#4"},
				"west": {"uv": [0, 0, 6.9, 1], "texture": "#4"},
				"up": {"uv": [0, 0, 0.8, 6.9], "texture": "#4"},
				"down": {"uv": [0, 0, 0.8, 6.9], "texture": "#4"}
			}
		},
		{
			"from": [7.7, 8.5, 6.5],
			"to": [8.3, 8.9, 8.1],
			"rotation": {"angle": 0, "axis": "y", "origin": [8.00349, 7.99651, 9.99999]},
			"faces": {
				"north": {"uv": [0, 0, 0.6, 0.4], "texture": "#4"},
				"east": {"uv": [0, 0, 1.6, 0.4], "texture": "#4"},
				"south": {"uv": [0, 0, 0.6, 0.4], "texture": "#4"},
				"west": {"uv": [0, 0, 1.6, 0.4], "texture": "#4"},
				"up": {"uv": [0, 0, 0.6, 1.6], "texture": "#4"},
				"down": {"uv": [0, 0, 0.6, 1.6], "texture": "#4"}
			}
		},
		{
			"from": [7.6, 8.9, 6.5],
			"to": [8.4, 9.1, 8.1],
			"rotation": {"angle": 0, "axis": "y", "origin": [8.00349, 7.99651, 9.99999]},
			"faces": {
				"north": {"uv": [0, 0, 0.8, 0.2], "texture": "#4"},
				"east": {"uv": [0, 0, 1.6, 0.2], "texture": "#4"},
				"south": {"uv": [0, 0, 0.8, 0.2], "texture": "#4"},
				"west": {"uv": [0, 0, 1.6, 0.2], "texture": "#4"},
				"up": {"uv": [0, 0, 0.8, 1.6], "texture": "#4"},
				"down": {"uv": [0, 0, 0.8, 1.6], "texture": "#4"}
			}
		},
		{
			"from": [7.5, 8.9, 3.4],
			"to": [8.5, 9.3, 5],
			"rotation": {"angle": 0, "axis": "y", "origin": [8.00349, 7.99651, 6.89999]},
			"faces": {
				"north": {"uv": [0, 0, 1, 0.4], "texture": "#4"},
				"east": {"uv": [0, 0, 1.6, 0.4], "texture": "#4"},
				"south": {"uv": [0, 0, 1, 0.4], "texture": "#4"},
				"west": {"uv": [0, 0, 1.6, 0.4], "texture": "#4"},
				"up": {"uv": [0, 0, 1, 1.6], "texture": "#4"},
				"down": {"uv": [0, 0, 1, 1.6], "texture": "#4"}
			}
		},
		{
			"from": [7.5, 8.9, 9.6],
			"to": [8.5, 9.3, 11.2],
			"rotation": {"angle": 0, "axis": "y", "origin": [8.00349, 7.99651, 13.09999]},
			"faces": {
				"north": {"uv": [0, 0, 1, 0.4], "texture": "#4"},
				"east": {"uv": [0, 0, 1.6, 0.4], "texture": "#4"},
				"south": {"uv": [0, 0, 1, 0.4], "texture": "#4"},
				"west": {"uv": [0, 0, 1.6, 0.4], "texture": "#4"},
				"up": {"uv": [0, 0, 1, 1.6], "texture": "#4"},
				"down": {"uv": [0, 0, 1, 1.6], "texture": "#4"}
			}
		},
		{
			"from": [7.6, 10.2, 6.5],
			"to": [8.4, 10.4, 8.1],
			"rotation": {"angle": 0, "axis": "y", "origin": [8.00349, 7.99651, 9.99999]},
			"faces": {
				"north": {"uv": [0, 0, 0.8, 0.2], "texture": "#4"},
				"east": {"uv": [0, 0, 1.6, 0.2], "texture": "#4"},
				"south": {"uv": [0, 0, 0.8, 0.2], "texture": "#4"},
				"west": {"uv": [0, 0, 1.6, 0.2], "texture": "#4"},
				"up": {"uv": [0, 0, 0.8, 1.6], "texture": "#4"},
				"down": {"uv": [0, 0, 0.8, 1.6], "texture": "#4"}
			}
		},
		{
			"from": [7.5, 10.1, 3.4],
			"to": [8.5, 10.5, 5],
			"rotation": {"angle": 0, "axis": "y", "origin": [8.00349, 7.99651, 6.89999]},
			"faces": {
				"north": {"uv": [0, 0, 1, 0.4], "texture": "#4"},
				"east": {"uv": [0, 0, 1.6, 0.4], "texture": "#4"},
				"south": {"uv": [0, 0, 1, 0.4], "texture": "#4"},
				"west": {"uv": [0, 0, 1.6, 0.4], "texture": "#4"},
				"up": {"uv": [0, 0, 1, 1.6], "texture": "#4"},
				"down": {"uv": [0, 0, 1, 1.6], "texture": "#4"}
			}
		},
		{
			"from": [7.5, 10.1, 9.6],
			"to": [8.5, 10.5, 11.2],
			"rotation": {"angle": 0, "axis": "y", "origin": [8.00349, 7.99651, 13.09999]},
			"faces": {
				"north": {"uv": [0, 0, 1, 0.4], "texture": "#4"},
				"east": {"uv": [0, 0, 1.6, 0.4], "texture": "#4"},
				"south": {"uv": [0, 0, 1, 0.4], "texture": "#4"},
				"west": {"uv": [0, 0, 1.6, 0.4], "texture": "#4"},
				"up": {"uv": [0, 0, 1, 1.6], "texture": "#4"},
				"down": {"uv": [0, 0, 1, 1.6], "texture": "#4"}
			}
		},
		{
			"from": [7.5, 9.1, 6.5],
			"to": [8.5, 9.2, 8.1],
			"rotation": {"angle": 0, "axis": "y", "origin": [8.00349, 7.99651, 9.99999]},
			"faces": {
				"north": {"uv": [0, 0, 1, 0.1], "texture": "#4"},
				"east": {"uv": [0, 0, 1.6, 0.1], "texture": "#4"},
				"south": {"uv": [0, 0, 1, 0.1], "texture": "#4"},
				"west": {"uv": [0, 0, 1.6, 0.1], "texture": "#4"},
				"up": {"uv": [0, 0, 1, 1.6], "texture": "#4"},
				"down": {"uv": [0, 0, 1, 1.6], "texture": "#4"}
			}
		},
		{
			"from": [7.4, 9.2, 6.5],
			"to": [8.6, 10.2, 8.1],
			"rotation": {"angle": 0, "axis": "y", "origin": [8.00349, 7.99651, 9.99999]},
			"faces": {
				"north": {"uv": [0, 0, 1.2, 1], "texture": "#4"},
				"east": {"uv": [0, 0, 1.6, 1], "texture": "#4"},
				"south": {"uv": [0, 0, 1.2, 1], "texture": "#4"},
				"west": {"uv": [0, 0, 1.6, 1], "texture": "#4"},
				"up": {"uv": [0, 0, 1.2, 1.6], "texture": "#4"},
				"down": {"uv": [0, 0, 1.2, 1.6], "texture": "#4"}
			}
		},
		{
			"from": [8.5, 9.1, 3.4],
			"to": [8.7, 10.3, 5],
			"rotation": {"angle": 0, "axis": "y", "origin": [8.00349, 7.99651, 6.89999]},
			"faces": {
				"north": {"uv": [0, 0, 0.2, 1.2], "texture": "#4"},
				"east": {"uv": [0, 0, 1.6, 1.2], "texture": "#4"},
				"south": {"uv": [0, 0, 0.2, 1.2], "texture": "#4"},
				"west": {"uv": [0, 0, 1.6, 1.2], "texture": "#4"},
				"up": {"uv": [0, 0, 0.2, 1.6], "texture": "#4"},
				"down": {"uv": [0, 0, 0.2, 1.6], "texture": "#4"}
			}
		},
		{
			"from": [7.3, 9.1, 3.4],
			"to": [7.5, 10.3, 5],
			"rotation": {"angle": 0, "axis": "y", "origin": [8.00349, 7.99651, 6.89999]},
			"faces": {
				"north": {"uv": [0, 0, 0.2, 1.2], "texture": "#4"},
				"east": {"uv": [0, 0, 1.6, 1.2], "texture": "#4"},
				"south": {"uv": [0, 0, 0.2, 1.2], "texture": "#4"},
				"west": {"uv": [0, 0, 1.6, 1.2], "texture": "#4"},
				"up": {"uv": [0, 0, 0.2, 1.6], "texture": "#4"},
				"down": {"uv": [0, 0, 0.2, 1.6], "texture": "#4"}
			}
		},
		{
			"from": [7.4, 9.1, 3.3],
			"to": [8.6, 10.3, 3.6],
			"rotation": {"angle": 0, "axis": "y", "origin": [8.00349, 7.99651, 6.89999]},
			"faces": {
				"north": {"uv": [0, 0, 16, 16], "texture": "#2"},
				"east": {"uv": [0, 0, 0.3, 1.2], "texture": "#4"},
				"south": {"uv": [0, 0, 1.2, 1.2], "texture": "#4"},
				"west": {"uv": [0, 0, 0.3, 1.2], "texture": "#4"},
				"up": {"uv": [0, 0, 1.2, 0.3], "texture": "#4"},
				"down": {"uv": [0, 0, 1.2, 0.3], "texture": "#4"}
			}
		},
		{
			"from": [7.4, 9.2, 11],
			"to": [8.5, 10.3, 11.3],
			"rotation": {"angle": 0, "axis": "y", "origin": [8.00349, 7.99651, 6.89999]},
			"faces": {
				"north": {"uv": [0, 0, 16, 16], "texture": "#4"},
				"east": {"uv": [0, 0, 0.3, 1.2], "texture": "#4"},
				"south": {"uv": [0, 0, 16, 16], "texture": "#2"},
				"west": {"uv": [0, 0, 0.3, 1.2], "texture": "#4"},
				"up": {"uv": [0, 0, 1.2, 0.3], "texture": "#4"},
				"down": {"uv": [0, 0, 1.2, 0.3], "texture": "#4"}
			}
		},
		{
			"from": [7.3, 9.1, 9.6],
			"to": [7.5, 10.3, 11.2],
			"rotation": {"angle": 0, "axis": "y", "origin": [8.00349, 7.99651, 13.09999]},
			"faces": {
				"north": {"uv": [0, 0, 0.2, 1.2], "texture": "#4"},
				"east": {"uv": [0, 0, 1.6, 1.2], "texture": "#4"},
				"south": {"uv": [0, 0, 0.2, 1.2], "texture": "#4"},
				"west": {"uv": [0, 0, 1.6, 1.2], "texture": "#4"},
				"up": {"uv": [0, 0, 0.2, 1.6], "texture": "#4"},
				"down": {"uv": [0, 0, 0.2, 1.6], "texture": "#4"}
			}
		},
		{
			"from": [8.4, 9.1, 9.6],
			"to": [8.6, 10.3, 11.2],
			"rotation": {"angle": 0, "axis": "y", "origin": [8.00349, 7.99651, 13.09999]},
			"faces": {
				"north": {"uv": [0, 0, 0.2, 1.2], "texture": "#4"},
				"east": {"uv": [0, 0, 1.6, 1.2], "texture": "#4"},
				"south": {"uv": [0, 0, 0.2, 1.2], "texture": "#4"},
				"west": {"uv": [0, 0, 1.6, 1.2], "texture": "#4"},
				"up": {"uv": [0, 0, 0.2, 1.6], "texture": "#4"},
				"down": {"uv": [0, 0, 0.2, 1.6], "texture": "#4"}
			}
		},
		{
			"from": [7.5, 9.2, 4.9],
			"to": [8.5, 10.2, 6.5],
			"rotation": {"angle": 0, "axis": "y", "origin": [8.00349, 7.99651, 9.99999]},
			"faces": {
				"north": {"uv": [0, 0, 1, 1], "texture": "#4"},
				"east": {"uv": [0, 0, 1.6, 1], "texture": "#4"},
				"south": {"uv": [0, 0, 1, 1], "texture": "#4"},
				"west": {"uv": [0, 0, 1.6, 1], "texture": "#4"},
				"up": {"uv": [0, 0, 1, 1.6], "texture": "#4"},
				"down": {"uv": [0, 0, 1, 1.6], "texture": "#4"}
			}
		},
		{
			"from": [7.5, 9.2, 8.1],
			"to": [8.5, 10.2, 9.7],
			"rotation": {"angle": 0, "axis": "y", "origin": [8.00349, 7.99651, 13.19999]},
			"faces": {
				"north": {"uv": [0, 0, 1, 1], "texture": "#4"},
				"east": {"uv": [0, 0, 1.6, 1], "texture": "#4"},
				"south": {"uv": [0, 0, 1, 1], "texture": "#4"},
				"west": {"uv": [0, 0, 1.6, 1], "texture": "#4"},
				"up": {"uv": [0, 0, 1, 1.6], "texture": "#4"},
				"down": {"uv": [0, 0, 1, 1.6], "texture": "#4"}
			}
		},
		{
			"from": [7.6, 9.1, 4.9],
			"to": [8.4, 10.3, 6.5],
			"rotation": {"angle": 0, "axis": "y", "origin": [8.00349, 7.99651, 9.99999]},
			"faces": {
				"north": {"uv": [0, 0, 0.8, 1.2], "texture": "#4"},
				"east": {"uv": [0, 0, 1.6, 1.2], "texture": "#4"},
				"south": {"uv": [0, 0, 0.8, 1.2], "texture": "#4"},
				"west": {"uv": [0, 0, 1.6, 1.2], "texture": "#4"},
				"up": {"uv": [0, 0, 0.8, 1.6], "texture": "#4"},
				"down": {"uv": [0, 0, 0.8, 1.6], "texture": "#4"}
			}
		},
		{
			"from": [7.6, 9.1, 8.1],
			"to": [8.4, 10.3, 9.7],
			"rotation": {"angle": 0, "axis": "y", "origin": [8.00349, 7.99651, 13.19999]},
			"faces": {
				"north": {"uv": [0, 0, 0.8, 1.2], "texture": "#4"},
				"east": {"uv": [0, 0, 1.6, 1.2], "texture": "#4"},
				"south": {"uv": [0, 0, 0.8, 1.2], "texture": "#4"},
				"west": {"uv": [0, 0, 1.6, 1.2], "texture": "#4"},
				"up": {"uv": [0, 0, 0.8, 1.6], "texture": "#4"},
				"down": {"uv": [0, 0, 0.8, 1.6], "texture": "#4"}
			}
		},
		{
			"from": [7.5, 10.1, 6.5],
			"to": [8.5, 10.3, 8.1],
			"rotation": {"angle": 0, "axis": "y", "origin": [8.00349, 7.99651, 9.99999]},
			"faces": {
				"north": {"uv": [0, 0, 1, 0.2], "texture": "#4"},
				"east": {"uv": [0, 0, 1.6, 0.2], "texture": "#4"},
				"south": {"uv": [0, 0, 1, 0.2], "texture": "#4"},
				"west": {"uv": [0, 0, 1.6, 0.2], "texture": "#4"},
				"up": {"uv": [0, 0, 1, 1.6], "texture": "#4"},
				"down": {"uv": [0, 0, 1, 1.6], "texture": "#4"}
			}
		},
		{
			"from": [7.4, 10, 3.4],
			"to": [8.6, 10.4, 5],
			"rotation": {"angle": 0, "axis": "y", "origin": [8.00349, 7.99651, 6.89999]},
			"faces": {
				"north": {"uv": [0, 0, 1.2, 0.4], "texture": "#4"},
				"east": {"uv": [0, 0, 1.6, 0.4], "texture": "#4"},
				"south": {"uv": [0, 0, 1.2, 0.4], "texture": "#4"},
				"west": {"uv": [0, 0, 1.6, 0.4], "texture": "#4"},
				"up": {"uv": [0, 0, 1.2, 1.6], "texture": "#4"},
				"down": {"uv": [0, 0, 1.2, 1.6], "texture": "#4"}
			}
		},
		{
			"from": [7.4, 10, 9.6],
			"to": [8.6, 10.4, 11.2],
			"rotation": {"angle": 0, "axis": "y", "origin": [8.00349, 7.99651, 13.09999]},
			"faces": {
				"north": {"uv": [0, 0, 1.2, 0.4], "texture": "#4"},
				"east": {"uv": [0, 0, 1.6, 0.4], "texture": "#4"},
				"south": {"uv": [0, 0, 1.2, 0.4], "texture": "#4"},
				"west": {"uv": [0, 0, 1.6, 0.4], "texture": "#4"},
				"up": {"uv": [0, 0, 1.2, 1.6], "texture": "#4"},
				"down": {"uv": [0, 0, 1.2, 1.6], "texture": "#4"}
			}
		},
		{
			"from": [7.8, 6.5, 8.6],
			"to": [8.2, 7.5, 8.8],
			"rotation": {"angle": 0, "axis": "y", "origin": [8.00349, 7.99651, 9.99999]},
			"faces": {
				"north": {"uv": [0, 0, 0.4, 1], "texture": "#4"},
				"east": {"uv": [0, 0, 0.2, 1], "texture": "#4"},
				"south": {"uv": [0, 0, 0.4, 1], "texture": "#4"},
				"west": {"uv": [0, 0, 0.2, 1], "texture": "#4"},
				"up": {"uv": [0, 0, 0.4, 0.2], "texture": "#4"},
				"down": {"uv": [0, 0, 0.4, 0.2], "texture": "#4"}
			}
		},
		{
			"from": [7.9, 7, 9],
			"to": [8, 7.6, 9.2],
			"rotation": {"angle": 22.5, "axis": "x", "origin": [7.95332, 7.198, 9.09869]},
			"faces": {
				"north": {"uv": [0, 0, 0.1, 0.6], "texture": "#4"},
				"east": {"uv": [0, 0, 0.2, 0.6], "texture": "#4"},
				"south": {"uv": [0, 0, 0.1, 0.6], "texture": "#4"},
				"west": {"uv": [0, 0, 0.2, 0.6], "texture": "#4"},
				"up": {"uv": [0, 0, 0.1, 0.2], "texture": "#4"},
				"down": {"uv": [0, 0, 0.1, 0.2], "texture": "#4"}
			}
		},
		{
			"from": [7.8, 6.49703, 8.69947],
			"to": [8.2, 6.69703, 9.99947],
			"rotation": {"angle": 0, "axis": "x", "origin": [8.00297, 6.99878, 8.69825]},
			"faces": {
				"north": {"uv": [0, 0, 0.4, 0.2], "rotation": 180, "texture": "#4"},
				"east": {"uv": [0, 0, 0.2, 1.3], "rotation": 270, "texture": "#4"},
				"south": {"uv": [0, 0, 0.4, 0.2], "texture": "#4"},
				"west": {"uv": [0, 0, 0.2, 1.3], "rotation": 90, "texture": "#4"},
				"up": {"uv": [0, 0, 0.4, 1.3], "rotation": 180, "texture": "#4"},
				"down": {"uv": [0, 0, 0.4, 1.3], "texture": "#4"}
			}
		},
		{
			"from": [7.7, 4.2, 10.1],
			"to": [8.3, 7.5, 11.1],
			"rotation": {"angle": -22.5, "axis": "x", "origin": [8.00689, 5.84686, 9.79624]},
			"faces": {
				"north": {"uv": [0, 0, 0.6, 3.3], "texture": "#4"},
				"east": {"uv": [0, 0, 1, 3.3], "texture": "#4"},
				"south": {"uv": [0, 0, 0.6, 3.3], "texture": "#4"},
				"west": {"uv": [0, 0, 1, 3.3], "texture": "#4"},
				"up": {"uv": [0, 0, 0.6, 1], "texture": "#4"},
				"down": {"uv": [0, 0, 0.6, 1], "texture": "#4"}
			}
		},
		{
			"from": [7.7, 7.6, 2.3],
			"to": [8.3, 8.4, 4],
			"rotation": {"angle": 0, "axis": "y", "origin": [8.00349, 7.99651, 9.99999]},
			"faces": {
				"north": {"uv": [0, 0, 0.6, 0.8], "texture": "#4"},
				"east": {"uv": [0, 0, 1.7, 0.8], "texture": "#4"},
				"south": {"uv": [0, 0, 0.6, 0.8], "texture": "#4"},
				"west": {"uv": [0, 0, 1.7, 0.8], "texture": "#4"},
				"up": {"uv": [0, 0, 0.6, 1.7], "texture": "#4"},
				"down": {"uv": [0, 0, 0.6, 1.7], "texture": "#4"}
			}
		},
		{
			"from": [7.8, 7.8, 0.6],
			"to": [8.2, 8.2, 2.3],
			"rotation": {"angle": 0, "axis": "y", "origin": [8.00349, 7.99651, 9.99999]},
			"faces": {
				"north": {"uv": [0, 0, 0.4, 0.4], "texture": "#6"},
				"east": {"uv": [0, 0, 1.7, 0.4], "texture": "#6"},
				"south": {"uv": [0, 0, 0.4, 0.4], "texture": "#6"},
				"west": {"uv": [0, 0, 1.7, 0.4], "texture": "#6"},
				"up": {"uv": [0, 0, 0.4, 1.7], "texture": "#6"},
				"down": {"uv": [0, 0, 0.4, 1.7], "texture": "#6"}
			}
		},
		{
			"from": [7.5, 7.8, 0.4],
			"to": [8.5, 8.2, 0.6],
			"rotation": {"angle": 0, "axis": "y", "origin": [8.00349, 7.99651, 9.99999]},
			"faces": {
				"north": {"uv": [0, 0, 1, 0.4], "texture": "#5"},
				"east": {"uv": [0, 0, 0.2, 0.4], "texture": "#5"},
				"south": {"uv": [0, 0, 1, 0.4], "texture": "#5"},
				"west": {"uv": [0, 0, 0.2, 0.4], "texture": "#5"},
				"up": {"uv": [0, 0, 1, 0.2], "texture": "#5"},
				"down": {"uv": [0, 0, 1, 0.2], "texture": "#5"}
			}
		},
		{
			"from": [7.6, 7.8, 0.3],
			"to": [8.4, 8.2, 0.5],
			"rotation": {"angle": 0, "axis": "y", "origin": [8.00349, 7.99651, 9.99999]},
			"faces": {
				"north": {"uv": [0, 0, 0.8, 0.4], "texture": "#5"},
				"east": {"uv": [0, 0, 0.2, 0.4], "texture": "#5"},
				"south": {"uv": [0, 0, 0.8, 0.4], "texture": "#5"},
				"west": {"uv": [0, 0, 0.2, 0.4], "texture": "#5"},
				"up": {"uv": [0, 0, 0.8, 0.2], "texture": "#5"},
				"down": {"uv": [0, 0, 0.8, 0.2], "texture": "#5"}
			}
		},
		{
			"from": [7.7, 7.8, 0.2],
			"to": [8.3, 8.2, 0.4],
			"rotation": {"angle": 0, "axis": "y", "origin": [8.00349, 7.99651, 9.99999]},
			"faces": {
				"north": {"uv": [0, 0, 0.6, 0.4], "texture": "#5"},
				"east": {"uv": [0, 0, 0.2, 0.4], "texture": "#5"},
				"south": {"uv": [0, 0, 0.6, 0.4], "texture": "#5"},
				"west": {"uv": [0, 0, 0.2, 0.4], "texture": "#5"},
				"up": {"uv": [0, 0, 0.6, 0.2], "texture": "#5"},
				"down": {"uv": [0, 0, 0.6, 0.2], "texture": "#5"}
			}
		},
		{
			"from": [7.8, 7.8, 0.1],
			"to": [8.2, 8.2, 0.3],
			"rotation": {"angle": 0, "axis": "y", "origin": [8.00349, 7.99651, 9.99999]},
			"faces": {
				"north": {"uv": [0, 0, 0.4, 0.4], "texture": "#5"},
				"east": {"uv": [0, 0, 0.2, 0.4], "texture": "#5"},
				"south": {"uv": [0, 0, 0.4, 0.4], "texture": "#5"},
				"west": {"uv": [0, 0, 0.2, 0.4], "texture": "#5"},
				"up": {"uv": [0, 0, 0.4, 0.2], "texture": "#5"},
				"down": {"uv": [0, 0, 0.4, 0.2], "texture": "#5"}
			}
		},
		{
			"from": [7.9, 7.8, 0],
			"to": [8.1, 8.2, 0.2],
			"rotation": {"angle": 0, "axis": "y", "origin": [8.00349, 7.99651, 9.99999]},
			"faces": {
				"north": {"uv": [0, 0, 0.2, 0.4], "texture": "#5"},
				"east": {"uv": [0, 0, 0.2, 0.4], "texture": "#5"},
				"south": {"uv": [0, 0, 0.2, 0.4], "texture": "#5"},
				"west": {"uv": [0, 0, 0.2, 0.4], "texture": "#5"},
				"up": {"uv": [0, 0, 0.2, 0.2], "texture": "#5"},
				"down": {"uv": [0, 0, 0.2, 0.2], "texture": "#5"}
			}
		},
		{
			"from": [4.6, 7.85, 6.85],
			"to": [8.4, 8.15, 7.15],
			"rotation": {"angle": -45, "axis": "y", "origin": [6.49826, 7.99912, 7.00262]},
			"faces": {
				"north": {"uv": [0, 0, 3.8, 0.3], "texture": "#5"},
				"east": {"uv": [0, 0, 0.3, 0.3], "texture": "#5"},
				"south": {"uv": [0, 0, 3.8, 0.3], "texture": "#5"},
				"west": {"uv": [0, 0, 0.3, 0.3], "texture": "#5"},
				"up": {"uv": [0, 0, 3.8, 0.3], "texture": "#5"},
				"down": {"uv": [0, 0, 3.8, 0.3], "texture": "#5"}
			}
		},
		{
			"from": [5.50022, 7.75, 5.05769],
			"to": [8.60022, 8.25, 5.35769],
			"rotation": {"angle": 22.5, "axis": "y", "origin": [6.4996, 7.99912, 7.00461]},
			"faces": {
				"north": {"uv": [0, 0, 3.1, 0.5], "texture": "#4"},
				"east": {"uv": [0, 0, 0.3, 0.5], "texture": "#4"},
				"south": {"uv": [0, 0, 3.1, 0.5], "texture": "#4"},
				"west": {"uv": [0, 0, 0.3, 0.5], "texture": "#4"},
				"up": {"uv": [0, 0, 3.1, 0.3], "rotation": 180, "texture": "#4"},
				"down": {"uv": [0, 0, 3.1, 0.3], "rotation": 180, "texture": "#4"}
			}
		},
		{
			"from": [7.10022, 7.75, 3.95769],
			"to": [10.20022, 8.25, 4.25769],
			"rotation": {"angle": -22.5, "axis": "y", "origin": [6.4996, 7.99912, 7.00461]},
			"faces": {
				"north": {"uv": [0, 0, 3.1, 0.5], "texture": "#4"},
				"east": {"uv": [0, 0, 0.3, 0.5], "texture": "#4"},
				"south": {"uv": [0, 0, 3.1, 0.5], "texture": "#4"},
				"west": {"uv": [0, 0, 0.3, 0.5], "texture": "#4"},
				"up": {"uv": [0, 0, 3.1, 0.3], "rotation": 180, "texture": "#4"},
				"down": {"uv": [0, 0, 3.1, 0.3], "rotation": 180, "texture": "#4"}
			}
		},
		{
			"from": [9.35086, 7.85, 5.19564],
			"to": [9.65086, 8.15, 8.89564],
			"rotation": {"angle": -45, "axis": "y", "origin": [9.49825, 8.00437, 6.99739]},
			"faces": {
				"north": {"uv": [0, 0, 0.3, 0.3], "texture": "#5"},
				"east": {"uv": [0, 0, 3.7, 0.3], "texture": "#5"},
				"south": {"uv": [0, 0, 0.3, 0.3], "texture": "#5"},
				"west": {"uv": [0, 0, 3.7, 0.3], "texture": "#5"},
				"up": {"uv": [0, 0, 3.7, 0.3], "rotation": 270, "texture": "#5"},
				"down": {"uv": [0, 0, 3.7, 0.3], "rotation": 90, "texture": "#5"}
			}
		}
	],
	"display": {
		"thirdperson_righthand": {
			"translation": [0, 0.75, -1.5]
		},
		"firstperson_righthand": {
			"rotation": [0, 5.5, 0],
			"translation": [-7, 5.75, 0],
			"scale": [1.31445, 1.23633, 1]
		},
		"gui": {
			"rotation": [14.5, -64.25, 0]
		}
	}
}